record_id,"Repeat Instrument","Repeat Instance","cluster code","Household Number","Household Status",Address,"Main source of household drinking water","Pressure Cooker","Color TV",Refrigerator,Table,"Washing Machine","Sewing Machine","AC Cooler",Mattress,"Motorcycle Scooter",Smartphone,"Four wheeler","Home ownership",Tractor,"Livestock ownership","Land ownership","Main roof material","Main cooking fuel","Type of toilet facility",Complete?,"Examiner Number","Age (years)","Age group",Gender,"If others specify",Education,Occupation,"🌐 Please select the language of the consent form / कृपया सहमति प्रपत्र की भाषा चुनें:"," assent  obtained?","Consent obtained?","Consent date","Participant Name (full name)","Name of the Child","Name of Parent / Legal Authorized Representative (LAR)","Relationship to participant","If Other, specify relationship","How is the participant attesting consent?",signature,"Signature of Parent / LAR","Thumb impression (digital upload)","Witness 1 - Full Name","Witness 1 - Signature","Witness 2 - Full Name","Witness 2 - Signature","Latitude (Auto-captured)","Longitude (Auto-captured)","GPS Accuracy (metres, Auto-captured)","Google Maps Location Link","Assessor - Signature","Are you currently using any form of tobacco?","Type(s) of tobacco used (choice=Smoked)","Type(s) of tobacco used (choice=Smokeless)","Type(s) of tobacco used (choice=Both)","Are you currently consuming alcohol?","How did you clean your teeth?","What material did you use to clean your teeth? (choice=None)","What material did you use to clean your teeth? (choice=Toothpaste)","What material did you use to clean your teeth? (choice=Tooth powder)","What material did you use to clean your teeth? (choice=Charcoal)","What material did you use to clean your teeth? (choice=Others (specify))","If others specify","What type of toothpaste did you use ?","How many times did you clean your teeth yesterday?","How often did you eat or drink foods or beverages that contain added sugar, even in small quantities?","Have you suffered from any mouth or teeth problems ","Did you visit a dentist?","What was the main reason for your last dental visit? (choice=Pain)","What was the main reason for your last dental visit? (choice=Checkup)","What was the main reason for your last dental visit? (choice=Cleaning/Scaling)","What was the main reason for your last dental visit? (choice=Filling/Restoration)","What was the main reason for your last dental visit? (choice=Extraction)","What was the main reason for your last dental visit? (choice=Denture/ Prosthesis)","What was the main reason for your last dental visit? (choice=Orthodontic treatment (braces/alignment))","What was the main reason for your last dental visit? (choice=Injury/Trauma)","What was the main reason for your last dental visit? (choice=Bleeding gums)","What was the main reason for your last dental visit? (choice=swelling)","What was the main reason for your last dental visit? (choice=Others)","Other reasons (specify)","Where did you seek treatment for this visit?","Other reasons (specify)","Approximately how much did you spend on your last dental visit?   (Include consultation, procedure cost, medicines, and travel)","What was the main reason for not visiting a dentist? (tick all that apply) (choice=Self- medication)","What was the main reason for not visiting a dentist? (tick all that apply) (choice=Cost too high)","What was the main reason for not visiting a dentist? (tick all that apply) (choice=Distance / travel difficulty)","What was the main reason for not visiting a dentist? (tick all that apply) (choice=Lack of time)","What was the main reason for not visiting a dentist? (tick all that apply) (choice=Fear / anxiety)","What was the main reason for not visiting a dentist? (tick all that apply) (choice=Not aware of available services)","What was the main reason for not visiting a dentist? (tick all that apply) (choice=Appointment not available)","What was the main reason for not visiting a dentist? (tick all that apply) (choice=Problem was not serious)","What was the main reason for not visiting a dentist? (tick all that apply) (choice=Other)","How would you describe the state of your teeth and gums?","Teeth present: (4-6)age","teeth present:(12-15)age","For participants aged 65-74: Do you have any natural teeth?","Tooth 55 - status","Tooth 55 - bleeding","Tooth 54 - status","Tooth 54 - bleeding","Tooth 53 - status","Tooth 53 - bleeding","Tooth 52 - status","Tooth 52 - bleeding","Tooth 51 - status","Tooth 51 - bleeding","Tooth 61 - status","Tooth 61 - bleeding","Tooth 62 - status","Tooth 62 - bleeding","Tooth 63 - status","Tooth 63 - bleeding","Tooth 64 - status","Tooth 64 - bleeding","Tooth 65 - status","Tooth 65 - bleeding","Tooth 75 - status","Tooth 75 - bleeding","Tooth 74 - status","Tooth 74 - bleeding","Tooth 73 - status","Tooth 73 - bleeding","Tooth 72 - status","Tooth 72 - bleeding","Tooth 71 - status","Tooth 71 - bleeding","Tooth 81 - status","Tooth 81 - bleeding","Tooth 82 - status","Tooth 82 - bleeding","Tooth 83 - status","Tooth 83 - bleeding","Tooth 84 - status","Tooth 84 - bleeding","Tooth 85 - status","Tooth 85 - bleeding","Tooth - 55","Tooth - 65","Tooth - 75","Tooth - 85","Deciduous Molar Hypomineralization (DMH)","Tooth 18 - status","Tooth 18 - bleeding","Tooth 18 - Pocket","Tooth 17 - status","Tooth 17 - bleeding","Tooth 17 - Pocket","Tooth 16 - status","Tooth 16 - bleeding","Tooth 16 - Pocket","Tooth 15 - status","Tooth 15 - bleeding","Tooth 15 - Pocket","Tooth 14 - status","Tooth 14 - bleeding","Tooth 14 - Pocket","Tooth 14 - opacity","Tooth 13 - status","Tooth 13 - bleeding","Tooth 13 - Pocket","Tooth 13 - opacity","Tooth 12 - status","Tooth 12 - bleeding","Tooth 12 - Pocket","Tooth 12 - opacity","Tooth 11 - status","Tooth 11 - bleeding","Tooth 11 - Pocket","Tooth 11 - opacity","Tooth 21 - status","Tooth 21 - bleeding","Tooth 21 - Pocket","Tooth 21 - opacity","Tooth 22 - status","Tooth 22 - bleeding","Tooth 22 - Pocket","Tooth 22 - opacity","Tooth 23 - status","Tooth 23 - bleeding","Tooth 23 - Pocket","Tooth 23 - opacity","Tooth 24 - status","Tooth 24 - bleeding","Tooth 24 - Pocket","Tooth 24 - opacity","Tooth 25 - status","Tooth 25 - bleeding","Tooth 25 - Pocket","Tooth 26 - status","Tooth 26 - bleeding","Tooth 26 - Pocket","Tooth 27 - status","Tooth 27 - bleeding","Tooth 27 - Pocket","Tooth 28 - status","Tooth 28 - bleeding","Tooth 28 - Pocket","Tooth 38 - status","Tooth 38 - bleeding","Tooth 38 - Pocket","Tooth 37 - status","Tooth 37 - bleeding","Tooth 37 - Pocket","Tooth 36 - status","Tooth 36 - bleeding","Tooth 36 - Pocket","Tooth 36 - opacity","Tooth 35 - status","Tooth 35 - bleeding","Tooth 35 - Pocket","Tooth 34 - status","Tooth 34 - bleeding","Tooth 34 - Pocket","Tooth 33 - status","Tooth 33 - bleeding","Tooth 33 - Pocket","Tooth 32 - status","Tooth 32 - bleeding","Tooth 32 - Pocket","Tooth 31 - status","Tooth 31 - bleeding","Tooth 31 - Pocket","Tooth 41 - status","Tooth 41 - bleeding","Tooth 41 - Pocket","Tooth 42 - status","Tooth 42 - bleeding","Tooth 42 - Pocket","Tooth 43 - status","Tooth 43 - bleeding","Tooth 43 - Pocket","Tooth 44 - status","Tooth 44 - bleeding","Tooth 44 - Pocket","Tooth 45 - status","Tooth 45 - bleeding","Tooth 45 - Pocket","Tooth 46 - status","Tooth 46 - bleeding","Tooth 46 - Pocket","Tooth 46 - opacity","Tooth 47 - status","Tooth 47 - bleeding","Tooth 47 - Pocket","Tooth 48 - status","Tooth 48 - bleeding","Tooth 48 - Pocket","Tooth 17/16","Tooth 11","Tooth 26/27","Tooth 36/37","Tooth 31","Tooth 47/46","Enamel fluorosis severity","Dental erosion severity","Number of teeth affected (Dental erosion Severity)","Dental  Abrasion","Number of teeth affected (Dental  Abrasion)","Dental  Attrition","Number of teeth affected (Dental Attrition)","Dental trauma","Number of teeth affected (Dental trauma)","Clicking ","Tenderness   (on palpation)","Reduced jaw mobility (< 30mm) ","Deviation of Jaw","Missing incisor, canine and premolar teeth - upper","Missing incisor, canine and premolar teeth - lower","Crowding in the incisal segments:","Spacing in the incisal segments:","Diastema (in mm)","Largest anterior maxillary irregularity (in mm)","Largest anterior mandibular irregularity (in mm)","Anterior maxillary overjet(in mm)","Anterior mandibular overjet (in mm)","Antero-posterior molar relation","vertical  anterior open bite (in mm)","Oral mucosal lesion present?","Malignant tumor (oral cancer) (choice=Vermillion border)","Malignant tumor (oral cancer) (choice=Commissures)","Malignant tumor (oral cancer) (choice=Lips)","Malignant tumor (oral cancer) (choice=Sulci)","Malignant tumor (oral cancer) (choice=Buccal mucosa)","Malignant tumor (oral cancer) (choice=Floor of the mouth)","Malignant tumor (oral cancer) (choice=Tongue)","Malignant tumor (oral cancer) (choice=Hard and/or soft palate)","Malignant tumor (oral cancer) (choice=Alveolar ridges/gingiva)"," Leukoplakia (choice=Vermillion border)"," Leukoplakia (choice=Commissures)"," Leukoplakia (choice=Lips)"," Leukoplakia (choice=Sulci)"," Leukoplakia (choice=Buccal mucosa)"," Leukoplakia (choice=Floor of the mouth)"," Leukoplakia (choice=Tongue)"," Leukoplakia (choice=Hard and/or soft palate)"," Leukoplakia (choice=Alveolar ridges/gingiva)","Lichen planus (choice=Vermillion border)","Lichen planus (choice=Commissures)","Lichen planus (choice=Lips)","Lichen planus (choice=Sulci)","Lichen planus (choice=Buccal mucosa)","Lichen planus (choice=Floor of the mouth)","Lichen planus (choice=Tongue)","Lichen planus (choice=Hard and/or soft palate)","Lichen planus (choice=Alveolar ridges/gingiva)","Ulceration (aphthous, herpetic, traumatic) (choice=Vermillion border)","Ulceration (aphthous, herpetic, traumatic) (choice=Commissures)","Ulceration (aphthous, herpetic, traumatic) (choice=Lips)","Ulceration (aphthous, herpetic, traumatic) (choice=Sulci)","Ulceration (aphthous, herpetic, traumatic) (choice=Buccal mucosa)","Ulceration (aphthous, herpetic, traumatic) (choice=Floor of the mouth)","Ulceration (aphthous, herpetic, traumatic) (choice=Tongue)","Ulceration (aphthous, herpetic, traumatic) (choice=Hard and/or soft palate)","Ulceration (aphthous, herpetic, traumatic) (choice=Alveolar ridges/gingiva)","Acute necrotizing ulcerative gingivitis ( ANUG ) (choice=Vermillion border)","Acute necrotizing ulcerative gingivitis ( ANUG ) (choice=Commissures)","Acute necrotizing ulcerative gingivitis ( ANUG ) (choice=Lips)","Acute necrotizing ulcerative gingivitis ( ANUG ) (choice=Sulci)","Acute necrotizing ulcerative gingivitis ( ANUG ) (choice=Buccal mucosa)","Acute necrotizing ulcerative gingivitis ( ANUG ) (choice=Floor of the mouth)","Acute necrotizing ulcerative gingivitis ( ANUG ) (choice=Tongue)","Acute necrotizing ulcerative gingivitis ( ANUG ) (choice=Hard and/or soft palate)","Acute necrotizing ulcerative gingivitis ( ANUG ) (choice=Alveolar ridges/gingiva)","Candidiasis (choice=Vermillion border)","Candidiasis (choice=Commissures)","Candidiasis (choice=Lips)","Candidiasis (choice=Sulci)","Candidiasis (choice=Buccal mucosa)","Candidiasis (choice=Floor of the mouth)","Candidiasis (choice=Tongue)","Candidiasis (choice=Hard and/or soft palate)","Candidiasis (choice=Alveolar ridges/gingiva)","Abscess  (choice=Vermillion border)","Abscess  (choice=Commissures)","Abscess  (choice=Lips)","Abscess  (choice=Sulci)","Abscess  (choice=Buccal mucosa)","Abscess  (choice=Floor of the mouth)","Abscess  (choice=Tongue)","Abscess  (choice=Hard and/or soft palate)","Abscess  (choice=Alveolar ridges/gingiva)","Oral Submucous Fibrosis (choice=Vermillion border)","Oral Submucous Fibrosis (choice=Commissures)","Oral Submucous Fibrosis (choice=Lips)","Oral Submucous Fibrosis (choice=Sulci)","Oral Submucous Fibrosis (choice=Buccal mucosa)","Oral Submucous Fibrosis (choice=Floor of the mouth)","Oral Submucous Fibrosis (choice=Tongue)","Oral Submucous Fibrosis (choice=Hard and/or soft palate)","Oral Submucous Fibrosis (choice=Alveolar ridges/gingiva)","other condition (specify if possible)","Prosthetic status","Upper Prosthetic status","Lower Prosthetic status","Intervention urgency","Final remarks","Individual Status",Complete?
1,,,12,1,"Willing to participate",,"Piped water",Yes,Yes,Yes,Yes,Yes,No,Yes,Yes,Yes,Yes,No,No,No,No,No,RCC/Concrete/Cement,"LPG/Natural gas/Electricity","Pit latrine/Flush toilet",Complete,,,,,,,,,,,,,,,,,,,,,,,,,,,,,,,,,,,,,,,,,,,,,,,,,,,,,,,,,,,,,,,,,,,,,,,,,,,,,,,,,,,,,,,,,,,,,,,,,,,,,,,,,,,,,,,,,,,,,,,,,,,,,,,,,,,,,,,,,,,,,,,,,,,,,,,,,,,,,,,,,,,,,,,,,,,,,,,,,,,,,,,,,,,,,,,,,,,,,,,,,,,,,,,,,,,,,,,,,,,,,,,,,,,,,,,,,,,,,,,,,,,,,,,,,,,,,,,,,,,,,,,,,,,,,,,,,,,,,,,,,,,,,,,,,,,,,,,,,,,,,,,,,,,,,,,,,,,,,,,,,,,,,,,,,,,,,,,,
1,Participant,1,,,,,,,,,,,,,,,,,,,,,,,,,12,45,35-44,Male,,"Literate but below primary","Insurance, Real Estate, Securities And Business Service",English,,Yes,"2026-08-31 11:02:54",Sanjay,,,,,Signature,1788331301047.png,1788331286731.png,,Jagvir,1788155296625.png,,,28.5657755,77.2130309,,,1788155352521.png,No,Unchecked,Unchecked,Unchecked,Yes,Toothbrush,Unchecked,Checked,Unchecked,Unchecked,Unchecked,,unknown,Once,"Thrice or more",Yes,No,Unchecked,Unchecked,Unchecked,Unchecked,Unchecked,Unchecked,Unchecked,Unchecked,Unchecked,Unchecked,Unchecked,,,,,Unchecked,Unchecked,Unchecked,Checked,Unchecked,Unchecked,Unchecked,Checked,Unchecked,Good,,,,,,,,,,,,,,,,,,,,,,,,,,,,,,,,,,,,,,,,,,,,,,,,,Sound,"No bleeding","No pocket",Sound,Bleeding,"Pocket of 4-5 mm",Sound,Bleeding,"No pocket",Sound,"No bleeding","No pocket",Sound,"No bleeding","No pocket",Normal,Sound,"No bleeding","No pocket",Normal,Sound,"No bleeding","No pocket",Normal,Sound,"No bleeding","No pocket",Normal,Sound,"No bleeding","No pocket",Normal,Sound,"No bleeding","No pocket",Normal,Sound,"No bleeding","No pocket",Normal,Sound,"No bleeding","No pocket",Normal,Sound,"No bleeding","No pocket",Sound,Bleeding,"No pocket",Sound,Bleeding,"Pocket of 4-5 mm",Sound,Bleeding,"Pocket of 4-5 mm","Not recorded","Not recorded","Not recorded",Sound,Bleeding,"Pocket of 4-5 mm",Sound,Bleeding,"Pocket of 4-5 mm",Normal,Sound,"No bleeding","No pocket",Sound,"No bleeding","No pocket",Sound,"No bleeding","No pocket",Sound,Bleeding,"Pocket of 4-5 mm",Sound,Bleeding,"No pocket",Sound,Bleeding,"No pocket",Sound,Bleeding,"No pocket",Sound,"No bleeding","No pocket",Sound,"No bleeding","No pocket",Sound,"No bleeding","No pocket",Sound,Bleeding,"Pocket of 4-5 mm",Normal,Sound,Bleeding,"Pocket of 4-5 mm",Sound,Bleeding,"Pocket of 4-5 mm","0-3 mm","0-3 mm","0-3 mm","4-5 mm Cemento-enamel Junction (CEJ) within black band","0-3 mm","4-5 mm Cemento-enamel Junction (CEJ) within black band",Normal,"No sign",,Absent,,Absent,,"No sign",,No,No,No,No,0,0,"Crowding present- Lower","Spacing present- Upper",0,0,1,2,0,Normal,0,No,Unchecked,Unchecked,Unchecked,Unchecked,Unchecked,Unchecked,Unchecked,Unchecked,Unchecked,Unchecked,Unchecked,Unchecked,Unchecked,Unchecked,Unchecked,Unchecked,Unchecked,Unchecked,Unchecked,Unchecked,Unchecked,Unchecked,Unchecked,Unchecked,Unchecked,Unchecked,Unchecked,Unchecked,Unchecked,Unchecked,Unchecked,Unchecked,Unchecked,Unchecked,Unchecked,Unchecked,Unchecked,Unchecked,Unchecked,Unchecked,Unchecked,Unchecked,Unchecked,Unchecked,Unchecked,Unchecked,Unchecked,Unchecked,Unchecked,Unchecked,Unchecked,Unchecked,Unchecked,Unchecked,Unchecked,Unchecked,Unchecked,Unchecked,Unchecked,Unchecked,Unchecked,Unchecked,Unchecked,Unchecked,Unchecked,Unchecked,Unchecked,Unchecked,Unchecked,Unchecked,Unchecked,Unchecked,,No,,,"Prompt treatment (including scaling) needed",,Complete,Complete
2,,,,,,,,,,,,,,,,,,,,,,,,,,Incomplete,,,,,,,,,,,,,,,,,,,,,,,,,,,,,,,,,,,,,,,,,,,,,,,,,,,,,,,,,,,,,,,,,,,,,,,,,,,,,,,,,,,,,,,,,,,,,,,,,,,,,,,,,,,,,,,,,,,,,,,,,,,,,,,,,,,,,,,,,,,,,,,,,,,,,,,,,,,,,,,,,,,,,,,,,,,,,,,,,,,,,,,,,,,,,,,,,,,,,,,,,,,,,,,,,,,,,,,,,,,,,,,,,,,,,,,,,,,,,,,,,,,,,,,,,,,,,,,,,,,,,,,,,,,,,,,,,,,,,,,,,,,,,,,,,,,,,,,,,,,,,,,,,,,,,,,,,,,,,,,,,,,,,,,,,,,,,,,,
2,Participant,1,,,,,,,,,,,,,,,,,,,,,,,,,,,,,,,,,,,,,,,,,,,,,,,,,,,,"https://www.google.com/maps?q=,",,,Unchecked,Unchecked,Unchecked,,,Unchecked,Unchecked,Unchecked,Unchecked,Unchecked,,,,,,,Unchecked,Unchecked,Unchecked,Unchecked,Unchecked,Unchecked,Unchecked,Unchecked,Unchecked,Unchecked,Unchecked,,,,,Unchecked,Unchecked,Unchecked,Unchecked,Unchecked,Unchecked,Unchecked,Unchecked,Unchecked,,,,,,,,,,,,,,,,,,,,,,,,,,,,,,,,,,,,,,,,,,,,,,,,,,,,,,,,,,,,,,,,,,,,,,,,,,,,,,,,,,,,,,,,,,,,,,,,,,,,,,,,,,,,,,,,,,,,,,,,,,,,,,,,,,,,,,,,,,,,,,,,,,,,,,,,,,,,,,,,,,,,,,,,,,,,,,,,,,,,,,,,,,,Unchecked,Unchecked,Unchecked,Unchecked,Unchecked,Unchecked,Unchecked,Unchecked,Unchecked,Unchecked,Unchecked,Unchecked,Unchecked,Unchecked,Unchecked,Unchecked,Unchecked,Unchecked,Unchecked,Unchecked,Unchecked,Unchecked,Unchecked,Unchecked,Unchecked,Unchecked,Unchecked,Unchecked,Unchecked,Unchecked,Unchecked,Unchecked,Unchecked,Unchecked,Unchecked,Unchecked,Unchecked,Unchecked,Unchecked,Unchecked,Unchecked,Unchecked,Unchecked,Unchecked,Unchecked,Unchecked,Unchecked,Unchecked,Unchecked,Unchecked,Unchecked,Unchecked,Unchecked,Unchecked,Unchecked,Unchecked,Unchecked,Unchecked,Unchecked,Unchecked,Unchecked,Unchecked,Unchecked,Unchecked,Unchecked,Unchecked,Unchecked,Unchecked,Unchecked,Unchecked,Unchecked,Unchecked,,,,,,,,Incomplete
2,Participant,2,,,,,,,,,,,,,,,,,,,,,,,,,14,37,35-44,Male,,"Graduate or higher","Service Workers",English,,Yes,"2026-08-31 11:47:23","Lokesh kumar",,,,,Signature,,,,Suraj,,,,28.5657447,77.2132216,,"https://www.google.com/maps?q=28.5657447,77.2132216",,No,Unchecked,Unchecked,Unchecked,No,Toothbrush,Unchecked,Checked,Unchecked,Unchecked,Unchecked,,Fluoridated,Once,"Did not consume",Yes,Yes,Checked,Unchecked,Unchecked,Unchecked,Unchecked,Unchecked,Unchecked,Unchecked,Unchecked,Unchecked,Unchecked,,"public facility",,,Unchecked,Unchecked,Unchecked,Unchecked,Unchecked,Unchecked,Unchecked,Unchecked,Unchecked,Good,,,,,,,,,,,,,,,,,,,,,,,,,,,,,,,,,,,,,,,,,,,,,,,,,Unerupted,"Not recorded","Not recorded",Sound,"No bleeding","No pocket",Sound,"No bleeding","No pocket",Sound,"No bleeding","No pocket",Sound,"No bleeding","No pocket",Normal,Sound,"No bleeding","No pocket",Normal,Sound,"No bleeding","No pocket",Normal,Sound,"No bleeding","No pocket",Normal,Sound,"No bleeding","No pocket",Normal,Sound,"No bleeding","No pocket",Normal,Sound,"No bleeding","No pocket",Normal,Sound,"No bleeding","No pocket",Normal,Sound,"No bleeding","No pocket",Sound,"No bleeding","No pocket",Sound,"No bleeding","No pocket",Unerupted,"Not recorded","Not recorded",Sound,Bleeding,"No pocket",Sound,"No bleeding","No pocket",Sound,"No bleeding","No pocket",Normal,Sound,"No bleeding","No pocket",Sound,"No bleeding","No pocket",Sound,"No bleeding","No pocket",Sound,"No bleeding","No pocket",Sound,"No bleeding","No pocket",Sound,"No bleeding","No pocket",Sound,"No bleeding","No pocket",Sound,"No bleeding","No pocket",Sound,"No bleeding","No pocket",Prosthesis,"No bleeding","No pocket","Missing due to caries","No bleeding","No pocket","not recorded",Prosthesis,"No bleeding","No pocket",Unerupted,"Not recorded","Not recorded","0-3 mm","0-3 mm","0-3 mm","0-3 mm","0-3 mm","0-3 mm",Normal,"No sign",,Absent,,Present,12,"No sign",,No,No,No,No,0,0,"No crowding","Spacing present- Upper",0,0,0,2,0,Normal,0,No,Unchecked,Unchecked,Unchecked,Unchecked,Unchecked,Unchecked,Unchecked,Unchecked,Unchecked,Unchecked,Unchecked,Unchecked,Unchecked,Unchecked,Unchecked,Unchecked,Unchecked,Unchecked,Unchecked,Unchecked,Unchecked,Unchecked,Unchecked,Unchecked,Unchecked,Unchecked,Unchecked,Unchecked,Unchecked,Unchecked,Unchecked,Unchecked,Unchecked,Unchecked,Unchecked,Unchecked,Unchecked,Unchecked,Unchecked,Unchecked,Unchecked,Unchecked,Unchecked,Unchecked,Unchecked,Unchecked,Unchecked,Unchecked,Unchecked,Unchecked,Unchecked,Unchecked,Unchecked,Unchecked,Unchecked,Unchecked,Unchecked,Unchecked,Unchecked,Unchecked,Unchecked,Unchecked,Unchecked,Unchecked,Unchecked,Unchecked,Unchecked,Unchecked,Unchecked,Unchecked,Unchecked,Unchecked,,Yes,"No prosthesis",Bridge,"Prompt treatment (including scaling) needed",,Complete,Complete
2,Participant,3,,,,,,,,,,,,,,,,,,,,,,,,,,37,35-44,Male,,"Graduate or higher","Protective Service Workers",English,,Yes,"2026-08-31 12:20:56","Lokesh Kumar",,,,,Signature,,,,Sooraj,,,,28.565779,77.2136353,,"https://www.google.com/maps?q=28.565779,77.2136353",,No,Unchecked,Unchecked,Unchecked,No,Toothbrush,Unchecked,Checked,Unchecked,Unchecked,Unchecked,,Fluoridated,Once,"Did not consume",No,Yes,Checked,Unchecked,Unchecked,Unchecked,Unchecked,Unchecked,Unchecked,Unchecked,Unchecked,Unchecked,Unchecked,,"private clinic",,,Unchecked,Unchecked,Unchecked,Unchecked,Unchecked,Unchecked,Unchecked,Unchecked,Unchecked,Good,,,,,,,,,,,,,,,,,,,,,,,,,,,,,,,,,,,,,,,,,,,,,,,,,Unerupted,"Not recorded","Not recorded",Sound,"No bleeding","No pocket",Sound,"No bleeding","No pocket",Sound,"No bleeding","No pocket",Sound,"No bleeding","No pocket",Normal,Sound,"No bleeding","No pocket",Normal,Sound,"No bleeding","No pocket",Normal,Sound,"No bleeding","No pocket",Normal,Sound,"No bleeding","No pocket",Normal,Sound,"No bleeding","No pocket",Normal,Sound,"No bleeding","No pocket",Normal,Sound,"No bleeding","No pocket",Normal,Sound,"No bleeding","No pocket",Sound,"No bleeding","No pocket",Sound,"No bleeding","No pocket",Unerupted,"Not recorded","Not recorded",Sound,Bleeding,"No pocket",Sound,"No bleeding","No pocket",Sound,"No bleeding","No pocket",Normal,Sound,"No bleeding","No pocket",Sound,"No bleeding","No pocket",Sound,"No bleeding","No pocket",Sound,"No bleeding","No pocket",Sound,"No bleeding","No pocket",Sound,"No bleeding","No pocket",Sound,"No bleeding","No pocket",Sound,"No bleeding","No pocket",Sound,"No bleeding","No pocket",Prosthesis,"No bleeding","No pocket","Missing due to caries","No bleeding","No pocket","not recorded",Prosthesis,"No bleeding","No pocket",Unerupted,"Not recorded","Not recorded","0-3 mm","0-3 mm","0-3 mm","0-3 mm","0-3 mm","0-3 mm",Normal,"No sign",,Absent,,Present,12,"No sign",,No,No,No,No,0,0,"No crowding","Spacing present- Upper",0,0,0,2,0,Normal,0,No,Unchecked,Unchecked,Unchecked,Unchecked,Unchecked,Unchecked,Unchecked,Unchecked,Unchecked,Unchecked,Unchecked,Unchecked,Unchecked,Unchecked,Unchecked,Unchecked,Unchecked,Unchecked,Unchecked,Unchecked,Unchecked,Unchecked,Unchecked,Unchecked,Unchecked,Unchecked,Unchecked,Unchecked,Unchecked,Unchecked,Unchecked,Unchecked,Unchecked,Unchecked,Unchecked,Unchecked,Unchecked,Unchecked,Unchecked,Unchecked,Unchecked,Unchecked,Unchecked,Unchecked,Unchecked,Unchecked,Unchecked,Unchecked,Unchecked,Unchecked,Unchecked,Unchecked,Unchecked,Unchecked,Unchecked,Unchecked,Unchecked,Unchecked,Unchecked,Unchecked,Unchecked,Unchecked,Unchecked,Unchecked,Unchecked,Unchecked,Unchecked,Unchecked,Unchecked,Unchecked,Unchecked,Unchecked,,Yes,"No prosthesis",Bridge,"Prompt treatment (including scaling) needed",,Complete,Complete
3,,,1,2,"Willing to participate",AIIMS,"Piped water",Yes,Yes,Yes,Yes,Yes,No,Yes,Yes,No,Yes,No,Yes,No,No,Yes,RCC/Concrete/Cement,"LPG/Natural gas/Electricity","Pit latrine/Flush toilet",Complete,,,,,,,,,,,,,,,,,,,,,,,,,,,,,,,,,,,,,,,,,,,,,,,,,,,,,,,,,,,,,,,,,,,,,,,,,,,,,,,,,,,,,,,,,,,,,,,,,,,,,,,,,,,,,,,,,,,,,,,,,,,,,,,,,,,,,,,,,,,,,,,,,,,,,,,,,,,,,,,,,,,,,,,,,,,,,,,,,,,,,,,,,,,,,,,,,,,,,,,,,,,,,,,,,,,,,,,,,,,,,,,,,,,,,,,,,,,,,,,,,,,,,,,,,,,,,,,,,,,,,,,,,,,,,,,,,,,,,,,,,,,,,,,,,,,,,,,,,,,,,,,,,,,,,,,,,,,,,,,,,,,,,,,,,,,,,,,,
3,Participant,1,,,,,,,,,,,,,,,,,,,,,,,,,13,15,12-15,Female,,,,English,Yes,Yes,"2026-08-31 11:40:57","Anishika gupta",,"Anil Gupta",Father,,Signature,1788158514882.png,,,"Anil gupta",1788156694755.png,,,28.5657375,77.2133503,,"https://www.google.com/maps?q=28.5657375,77.2133503",1788158538293.png,No,Unchecked,Unchecked,Unchecked,,Toothbrush,Unchecked,Checked,Unchecked,Unchecked,Unchecked,,Fluoridated,Once,"Did not consume",No,Yes,Unchecked,Unchecked,Unchecked,Checked,Unchecked,Unchecked,Unchecked,Unchecked,Unchecked,Unchecked,Unchecked,,"public facility",,,Unchecked,Unchecked,Unchecked,Unchecked,Unchecked,Unchecked,Unchecked,Unchecked,Unchecked,Good,,"Permanent only",,,,,,,,,,,,,,,,,,,,,,,,,,,,,,,,,,,,,,,,,,,,,,,,,,Sound,"No bleeding",,Sound,"No bleeding",,Sound,"No bleeding",,Sound,"No bleeding",,Normal,"Missing other","Not recorded",,"not recorded",Sound,"No bleeding",,Normal,Sound,"No bleeding",,Normal,Sound,"No bleeding",,Normal,Sound,"No bleeding",,Normal,Sound,"No bleeding",,Normal,Sound,"No bleeding",,Normal,Sound,"No bleeding",,Sound,"No bleeding",,Sound,"No bleeding",,,,,,,,Sound,"No bleeding",,Sound,"No bleeding",,Normal,Sound,"No bleeding",,Sound,"No bleeding",,Sound,"No bleeding",,Sound,"No bleeding",,Sound,"No bleeding",,Sound,Bleeding,,Sound,"No bleeding",,Sound,"No bleeding",,Sound,"No bleeding",,Sound,"No bleeding",,Sound,"No bleeding",,Normal,Sound,"No bleeding",,,,,,,,,,,Normal,"No sign",,,,,,"No sign",,,,,,1,0,"Crowding present in Upper and Lower arches","No spacing",0,2,2,0.5,1,"Half cusp",0,No,Unchecked,Unchecked,Unchecked,Unchecked,Unchecked,Unchecked,Unchecked,Unchecked,Unchecked,Unchecked,Unchecked,Unchecked,Unchecked,Unchecked,Unchecked,Unchecked,Unchecked,Unchecked,Unchecked,Unchecked,Unchecked,Unchecked,Unchecked,Unchecked,Unchecked,Unchecked,Unchecked,Unchecked,Unchecked,Unchecked,Unchecked,Unchecked,Unchecked,Unchecked,Unchecked,Unchecked,Unchecked,Unchecked,Unchecked,Unchecked,Unchecked,Unchecked,Unchecked,Unchecked,Unchecked,Unchecked,Unchecked,Unchecked,Unchecked,Unchecked,Unchecked,Unchecked,Unchecked,Unchecked,Unchecked,Unchecked,Unchecked,Unchecked,Unchecked,Unchecked,Unchecked,Unchecked,Unchecked,Unchecked,Unchecked,Unchecked,Unchecked,Unchecked,Unchecked,Unchecked,Unchecked,Unchecked,,,,,"Prompt treatment (including scaling) needed",,Complete,Complete
3,Participant,2,,,,,,,,,,,,,,,,,,,,,,,,,,15,12-15,Female,,,,English,Yes,Yes,"2026-08-31 12:24:26","Anshika Gupta",,"Anil Gupta",Father,,Signature,1788159308038.png,1788159313358.png,,Manish,1788159325718.png,,,28.5657753,77.2136431,,"https://www.google.com/maps?q=28.5657753,77.2136431",1788159337855.png,No,Unchecked,Unchecked,Unchecked,,Toothbrush,Unchecked,Checked,Unchecked,Unchecked,Unchecked,,Fluoridated,Once,"Did not consume",No,Yes,Unchecked,Unchecked,Unchecked,Checked,Unchecked,Unchecked,Unchecked,Unchecked,Unchecked,Unchecked,Unchecked,,"private clinic",,,Unchecked,Unchecked,Unchecked,Unchecked,Unchecked,Unchecked,Unchecked,Unchecked,Unchecked,Good,,"Permanent only",,,,,,,,,,,,,,,,,,,,,,,,,,,,,,,,,,,,,,,,,,,,,,,,,,Sound,"No bleeding",,Sound,"No bleeding",,Sound,"No bleeding",,Sound,"No bleeding",,Normal,"Missing other","Not recorded",,"not recorded",Sound,"No bleeding",,Normal,Sound,"No bleeding",,Normal,Sound,"No bleeding",,Normal,Sound,"No bleeding",,Normal,Sound,"No bleeding",,Normal,Sound,"No bleeding",,Normal,Sound,"No bleeding",,Sound,"No bleeding",,Sound,"No bleeding",,,,,,,,Sound,"No bleeding",,Sound,"No bleeding",,Normal,Sound,"No bleeding",,Sound,"No bleeding",,Sound,"No bleeding",,Sound,"No bleeding",,Sound,"No bleeding",,Sound,"No bleeding",,Sound,"No bleeding",,Sound,"No bleeding",,Sound,"No bleeding",,Sound,"No bleeding",,Sound,"No bleeding",,Normal,Sound,"No bleeding",,,,,,,,,,,Normal,"No sign",,,,,,"No sign",,,,,,1,0,"Crowding present- Lower","No spacing",0,2,2,0.5,1,"Half cusp",0,No,Unchecked,Unchecked,Unchecked,Unchecked,Unchecked,Unchecked,Unchecked,Unchecked,Unchecked,Unchecked,Unchecked,Unchecked,Unchecked,Unchecked,Unchecked,Unchecked,Unchecked,Unchecked,Unchecked,Unchecked,Unchecked,Unchecked,Unchecked,Unchecked,Unchecked,Unchecked,Unchecked,Unchecked,Unchecked,Unchecked,Unchecked,Unchecked,Unchecked,Unchecked,Unchecked,Unchecked,Unchecked,Unchecked,Unchecked,Unchecked,Unchecked,Unchecked,Unchecked,Unchecked,Unchecked,Unchecked,Unchecked,Unchecked,Unchecked,Unchecked,Unchecked,Unchecked,Unchecked,Unchecked,Unchecked,Unchecked,Unchecked,Unchecked,Unchecked,Unchecked,Unchecked,Unchecked,Unchecked,Unchecked,Unchecked,Unchecked,Unchecked,Unchecked,Unchecked,Unchecked,Unchecked,Unchecked,,,,,"no treatment needed",,Complete,Complete
4,,,,,,,,,,,,,,,,,,,,,,,,,,Incomplete,,,,,,,,,,,,,,,,,,,,,,,,,,,,,,,,,,,,,,,,,,,,,,,,,,,,,,,,,,,,,,,,,,,,,,,,,,,,,,,,,,,,,,,,,,,,,,,,,,,,,,,,,,,,,,,,,,,,,,,,,,,,,,,,,,,,,,,,,,,,,,,,,,,,,,,,,,,,,,,,,,,,,,,,,,,,,,,,,,,,,,,,,,,,,,,,,,,,,,,,,,,,,,,,,,,,,,,,,,,,,,,,,,,,,,,,,,,,,,,,,,,,,,,,,,,,,,,,,,,,,,,,,,,,,,,,,,,,,,,,,,,,,,,,,,,,,,,,,,,,,,,,,,,,,,,,,,,,,,,,,,,,,,,,,,,,,,,,
4,Participant,1,,,,,,,,,,,,,,,,,,,,,,,,,,,,,,,,,,,,,,,,,,,,,,,,,,,,"https://www.google.com/maps?q=,",,,Unchecked,Unchecked,Unchecked,,,Unchecked,Unchecked,Unchecked,Unchecked,Unchecked,,,,,,,Unchecked,Unchecked,Unchecked,Unchecked,Unchecked,Unchecked,Unchecked,Unchecked,Unchecked,Unchecked,Unchecked,,,,,Unchecked,Unchecked,Unchecked,Unchecked,Unchecked,Unchecked,Unchecked,Unchecked,Unchecked,,,,,,,,,,,,,,,,,,,,,,,,,,,,,,,,,,,,,,,,,,,,,,,,,,,,,,,,,,,,,,,,,,,,,,,,,,,,,,,,,,,,,,,,,,,,,,,,,,,,,,,,,,,,,,,,,,,,,,,,,,,,,,,,,,,,,,,,,,,,,,,,,,,,,,,,,,,,,,,,,,,,,,,,,,,,,,,,,,,,,,,,,,,Unchecked,Unchecked,Unchecked,Unchecked,Unchecked,Unchecked,Unchecked,Unchecked,Unchecked,Unchecked,Unchecked,Unchecked,Unchecked,Unchecked,Unchecked,Unchecked,Unchecked,Unchecked,Unchecked,Unchecked,Unchecked,Unchecked,Unchecked,Unchecked,Unchecked,Unchecked,Unchecked,Unchecked,Unchecked,Unchecked,Unchecked,Unchecked,Unchecked,Unchecked,Unchecked,Unchecked,Unchecked,Unchecked,Unchecked,Unchecked,Unchecked,Unchecked,Unchecked,Unchecked,Unchecked,Unchecked,Unchecked,Unchecked,Unchecked,Unchecked,Unchecked,Unchecked,Unchecked,Unchecked,Unchecked,Unchecked,Unchecked,Unchecked,Unchecked,Unchecked,Unchecked,Unchecked,Unchecked,Unchecked,Unchecked,Unchecked,Unchecked,Unchecked,Unchecked,Unchecked,Unchecked,Unchecked,,,,,,,,Incomplete
4,Participant,2,,,,,,,,,,,,,,,,,,,,,,,,,14,37,35-44,Male,,"Graduate or higher","Service Workers",English,,Yes,"2026-08-31 11:47:23","Lokesh kumar",,,,,Signature,1788157070050.png,,,Suraj,1788157083050.png,,,28.5657447,77.2132216,,"https://www.google.com/maps?q=28.5657447,77.2132216",1788157089340.png,No,Unchecked,Unchecked,Unchecked,No,Toothbrush,Unchecked,Checked,Unchecked,Unchecked,Unchecked,,Fluoridated,Once,"Did not consume",Yes,Yes,Checked,Unchecked,Unchecked,Unchecked,Unchecked,Unchecked,Unchecked,Unchecked,Unchecked,Unchecked,Unchecked,,"public facility",,,Unchecked,Unchecked,Unchecked,Unchecked,Unchecked,Unchecked,Unchecked,Unchecked,Unchecked,Good,,,,,,,,,,,,,,,,,,,,,,,,,,,,,,,,,,,,,,,,,,,,,,,,,Unerupted,"Not recorded","Not recorded",Sound,"No bleeding","No pocket",Sound,"No bleeding","No pocket",Sound,"No bleeding","No pocket",Sound,"No bleeding","No pocket",Normal,Sound,"No bleeding","No pocket",Normal,Sound,"No bleeding","No pocket",Normal,Sound,"No bleeding","No pocket",Normal,Sound,"No bleeding","No pocket",Normal,Sound,"No bleeding","No pocket",Normal,Sound,"No bleeding","No pocket",Normal,Sound,"No bleeding","No pocket",Normal,Sound,"No bleeding","No pocket",Sound,"No bleeding","No pocket",Sound,"No bleeding","No pocket",Unerupted,"Not recorded","Not recorded",Sound,Bleeding,"No pocket",Sound,"No bleeding","No pocket",Sound,"No bleeding","No pocket",Normal,Sound,"No bleeding","No pocket",Sound,"No bleeding","No pocket",Sound,"No bleeding","No pocket",Sound,"No bleeding","No pocket",Sound,"No bleeding","No pocket",Sound,"No bleeding","No pocket",Sound,"No bleeding","No pocket",Sound,"No bleeding","No pocket",Sound,"No bleeding","No pocket",Prosthesis,"No bleeding","No pocket","Missing due to caries","No bleeding","No pocket","not recorded",Prosthesis,"No bleeding","No pocket",Unerupted,"Not recorded","Not recorded","0-3 mm","0-3 mm","0-3 mm","0-3 mm","0-3 mm","0-3 mm",Normal,"No sign",,Absent,,Present,12,"No sign",,No,No,No,No,0,0,"No crowding","Spacing present- Upper",0,0,0,2,0,Normal,0,No,Unchecked,Unchecked,Unchecked,Unchecked,Unchecked,Unchecked,Unchecked,Unchecked,Unchecked,Unchecked,Unchecked,Unchecked,Unchecked,Unchecked,Unchecked,Unchecked,Unchecked,Unchecked,Unchecked,Unchecked,Unchecked,Unchecked,Unchecked,Unchecked,Unchecked,Unchecked,Unchecked,Unchecked,Unchecked,Unchecked,Unchecked,Unchecked,Unchecked,Unchecked,Unchecked,Unchecked,Unchecked,Unchecked,Unchecked,Unchecked,Unchecked,Unchecked,Unchecked,Unchecked,Unchecked,Unchecked,Unchecked,Unchecked,Unchecked,Unchecked,Unchecked,Unchecked,Unchecked,Unchecked,Unchecked,Unchecked,Unchecked,Unchecked,Unchecked,Unchecked,Unchecked,Unchecked,Unchecked,Unchecked,Unchecked,Unchecked,Unchecked,Unchecked,Unchecked,Unchecked,Unchecked,Unchecked,,Yes,"No prosthesis",Bridge,"Prompt treatment (including scaling) needed",,Complete,Complete
4,Participant,3,,,,,,,,,,,,,,,,,,,,,,,,,,37,35-44,Male,,"Graduate or higher","Protective Service Workers",English,,Yes,"2026-08-31 12:20:56","Lokesh Kumar",,,,,Signature,1788159069562.png,,,Sooraj,1788159089413.png,,,28.565779,77.2136353,,"https://www.google.com/maps?q=28.565779,77.2136353",1788159096240.png,No,Unchecked,Unchecked,Unchecked,No,Toothbrush,Unchecked,Checked,Unchecked,Unchecked,Unchecked,,Fluoridated,Once,"Did not consume",No,Yes,Checked,Unchecked,Unchecked,Unchecked,Unchecked,Unchecked,Unchecked,Unchecked,Unchecked,Unchecked,Unchecked,,"private clinic",,,Unchecked,Unchecked,Unchecked,Unchecked,Unchecked,Unchecked,Unchecked,Unchecked,Unchecked,Good,,,,,,,,,,,,,,,,,,,,,,,,,,,,,,,,,,,,,,,,,,,,,,,,,Unerupted,"Not recorded","Not recorded",Sound,"No bleeding","No pocket",Sound,"No bleeding","No pocket",Sound,"No bleeding","No pocket",Sound,"No bleeding","No pocket",Normal,Sound,"No bleeding","No pocket",Normal,Sound,"No bleeding","No pocket",Normal,Sound,"No bleeding","No pocket",Normal,Sound,"No bleeding","No pocket",Normal,Sound,"No bleeding","No pocket",Normal,Sound,"No bleeding","No pocket",Normal,Sound,"No bleeding","No pocket",Normal,Sound,"No bleeding","No pocket",Sound,"No bleeding","No pocket",Sound,"No bleeding","No pocket",Unerupted,"Not recorded","Not recorded",Sound,Bleeding,"No pocket",Sound,"No bleeding","No pocket",Sound,"No bleeding","No pocket",Normal,Sound,"No bleeding","No pocket",Sound,"No bleeding","No pocket",Sound,"No bleeding","No pocket",Sound,"No bleeding","No pocket",Sound,"No bleeding","No pocket",Sound,"No bleeding","No pocket",Sound,"No bleeding","No pocket",Sound,"No bleeding","No pocket",Sound,"No bleeding","No pocket",Prosthesis,"No bleeding","No pocket","Missing due to caries","No bleeding","No pocket","not recorded",Prosthesis,"No bleeding","No pocket",Unerupted,"Not recorded","Not recorded","0-3 mm","0-3 mm","0-3 mm","0-3 mm","0-3 mm","0-3 mm",Normal,"No sign",,Absent,,Present,12,"No sign",,No,No,No,No,0,0,"No crowding","Spacing present- Upper",0,0,0,2,0,Normal,0,No,Unchecked,Unchecked,Unchecked,Unchecked,Unchecked,Unchecked,Unchecked,Unchecked,Unchecked,Unchecked,Unchecked,Unchecked,Unchecked,Unchecked,Unchecked,Unchecked,Unchecked,Unchecked,Unchecked,Unchecked,Unchecked,Unchecked,Unchecked,Unchecked,Unchecked,Unchecked,Unchecked,Unchecked,Unchecked,Unchecked,Unchecked,Unchecked,Unchecked,Unchecked,Unchecked,Unchecked,Unchecked,Unchecked,Unchecked,Unchecked,Unchecked,Unchecked,Unchecked,Unchecked,Unchecked,Unchecked,Unchecked,Unchecked,Unchecked,Unchecked,Unchecked,Unchecked,Unchecked,Unchecked,Unchecked,Unchecked,Unchecked,Unchecked,Unchecked,Unchecked,Unchecked,Unchecked,Unchecked,Unchecked,Unchecked,Unchecked,Unchecked,Unchecked,Unchecked,Unchecked,Unchecked,Unchecked,,Yes,"No prosthesis",Bridge,"Prompt treatment (including scaling) needed",,Complete,Complete
5,,,,1,"Willing to participate",,"Piped water",Yes,Yes,Yes,Yes,Yes,Yes,Yes,Yes,Yes,Yes,Yes,No,No,No,Yes,RCC/Concrete/Cement,"LPG/Natural gas/Electricity","Pit latrine/Flush toilet",Complete,,,,,,,,,,,,,,,,,,,,,,,,,,,,,,,,,,,,,,,,,,,,,,,,,,,,,,,,,,,,,,,,,,,,,,,,,,,,,,,,,,,,,,,,,,,,,,,,,,,,,,,,,,,,,,,,,,,,,,,,,,,,,,,,,,,,,,,,,,,,,,,,,,,,,,,,,,,,,,,,,,,,,,,,,,,,,,,,,,,,,,,,,,,,,,,,,,,,,,,,,,,,,,,,,,,,,,,,,,,,,,,,,,,,,,,,,,,,,,,,,,,,,,,,,,,,,,,,,,,,,,,,,,,,,,,,,,,,,,,,,,,,,,,,,,,,,,,,,,,,,,,,,,,,,,,,,,,,,,,,,,,,,,,,,,,,,,,,
5,Participant,1,,,,,,,,,,,,,,,,,,,,,,,,,12,38,35-44,Male,,"Graduate or higher","Transport And Communication Supervisors",English,,Yes,"2026-08-31 14:44:16",Rishi,,,,,Signature,1788167674028.png,,,"Jagveer ",1788168863527.png,,,28.5657389,77.2132259,,"https://www.google.com/maps?q=28.5657389,77.2132259",1788167681586.png,Yes,Checked,Unchecked,Unchecked,Yes,Toothbrush,Unchecked,Checked,Unchecked,Unchecked,Unchecked,,unknown,Once,"Did not consume",No,No,Unchecked,Unchecked,Unchecked,Unchecked,Unchecked,Unchecked,Unchecked,Unchecked,Unchecked,Unchecked,Unchecked,,,,,Unchecked,Unchecked,Unchecked,Unchecked,Unchecked,Unchecked,Unchecked,Checked,Unchecked,Good,,,,,,,,,,,,,,,,,,,,,,,,,,,,,,,,,,,,,,,,,,,,,,,,,Sound,"No bleeding","No pocket",Sound,"No bleeding","No pocket",Sound,"No bleeding","No pocket",Sound,"No bleeding","No pocket",Sound,"No bleeding","No pocket",Normal,Sound,"No bleeding","No pocket",Normal,Sound,"No bleeding","No pocket",Normal,Sound,"No bleeding","No pocket",Normal,Sound,"No bleeding","No pocket",Normal,Sound,"No bleeding","No pocket",Normal,Sound,"No bleeding","No pocket",Normal,Sound,"No bleeding","No pocket",Normal,Sound,"No bleeding","No pocket",Sound,"No bleeding","No pocket",Sound,"No bleeding","No pocket",Sound,"No bleeding","No pocket",Sound,"No bleeding","No pocket",Sound,"No bleeding","No pocket",Sound,"No bleeding","No pocket",Normal,Sound,"No bleeding","No pocket",Sound,"No bleeding","No pocket",Sound,"No bleeding","No pocket",Sound,"No bleeding","No pocket",Sound,"No bleeding","No pocket",Sound,"No bleeding","No pocket",Sound,"No bleeding","No pocket",Sound,"No bleeding","No pocket",Sound,"No bleeding","No pocket","Coronal caries","No bleeding","No pocket",Sound,"No bleeding","No pocket",Normal,Sound,"No bleeding","No pocket",Sound,"No bleeding","No pocket","0-3 mm","0-3 mm","0-3 mm","0-3 mm","0-3 mm","0-3 mm",Normal,"No sign",,Present,33,Absent,,"Enamel fracture only",1,No,No,No,No,0,0,"Crowding present- Lower","No spacing",0,0,2,1,0,Normal,0,No,Unchecked,Unchecked,Unchecked,Unchecked,Unchecked,Unchecked,Unchecked,Unchecked,Unchecked,Unchecked,Unchecked,Unchecked,Unchecked,Unchecked,Unchecked,Unchecked,Unchecked,Unchecked,Unchecked,Unchecked,Unchecked,Unchecked,Unchecked,Unchecked,Unchecked,Unchecked,Unchecked,Unchecked,Unchecked,Unchecked,Unchecked,Unchecked,Unchecked,Unchecked,Unchecked,Unchecked,Unchecked,Unchecked,Unchecked,Unchecked,Unchecked,Unchecked,Unchecked,Unchecked,Unchecked,Unchecked,Unchecked,Unchecked,Unchecked,Unchecked,Unchecked,Unchecked,Unchecked,Unchecked,Unchecked,Unchecked,Unchecked,Unchecked,Unchecked,Unchecked,Unchecked,Unchecked,Unchecked,Unchecked,Unchecked,Unchecked,Unchecked,Unchecked,Unchecked,Unchecked,Unchecked,Unchecked,,No,,,"Prompt treatment (including scaling) needed",,Complete,Complete
5,Participant,2,,,,,,,,,,,,,,,,,,,,,,,,,,38,35-44,Male,,"Graduate or higher","Transport And Communication Supervisors",English,,Yes,"2026-08-31 15:09:15",Rishi,,,,,Signature,1788169171732.png,,,Jaguveer,1788169183761.png,,,28.5657583,77.2136481,,"https://www.google.com/maps?q=28.5657583,77.2136481",1788169220344.png,Yes,Checked,Unchecked,Unchecked,Yes,Toothbrush,Unchecked,Checked,Unchecked,Unchecked,Unchecked,,unknown,Once,"Did not consume",No,No,Unchecked,Unchecked,Unchecked,Unchecked,Unchecked,Unchecked,Unchecked,Unchecked,Unchecked,Unchecked,Unchecked,,,,,Unchecked,Unchecked,Unchecked,Unchecked,Unchecked,Unchecked,Unchecked,Checked,Unchecked,Good,,,,,,,,,,,,,,,,,,,,,,,,,,,,,,,,,,,,,,,,,,,,,,,,,Sound,"No bleeding","No pocket",Sound,"No bleeding","No pocket",Sound,"No bleeding","No pocket",Sound,"No bleeding","No pocket",Sound,"No bleeding","No pocket",Normal,Sound,"No bleeding","No pocket",Normal,Sound,"No bleeding","No pocket",Normal,Sound,"No bleeding","No pocket",Normal,Sound,"No bleeding","No pocket",Normal,Sound,"No bleeding","No pocket",Normal,Sound,"No bleeding","No pocket",Normal,Sound,"No bleeding","No pocket",Normal,Sound,"No bleeding","No pocket",Sound,"No bleeding","No pocket",Sound,"No bleeding","No pocket",Sound,"No bleeding","No pocket",Sound,"No bleeding","No pocket",Sound,"No bleeding","No pocket",Sound,"No bleeding","No pocket",Normal,Sound,"No bleeding","No pocket",Sound,"No bleeding","No pocket",Sound,"No bleeding","No pocket",Sound,"No bleeding","No pocket",Sound,"No bleeding","No pocket",Sound,"No bleeding","No pocket",Sound,"No bleeding","No pocket",Sound,"No bleeding","No pocket",Sound,"No bleeding","No pocket","Coronal caries","No bleeding","No pocket",Sound,"No bleeding","No pocket",Normal,Sound,"No bleeding","No pocket",Sound,"No bleeding","No pocket","0-3 mm","0-3 mm","0-3 mm","0-3 mm","0-3 mm","0-3 mm",Normal,"No sign",,Absent,,Absent,,"Enamel fracture only",1,No,No,No,No,0,0,"Crowding present- Lower","No spacing",0,0,2,1,0,Normal,0,No,Unchecked,Unchecked,Unchecked,Unchecked,Unchecked,Unchecked,Unchecked,Unchecked,Unchecked,Unchecked,Unchecked,Unchecked,Unchecked,Unchecked,Unchecked,Unchecked,Unchecked,Unchecked,Unchecked,Unchecked,Unchecked,Unchecked,Unchecked,Unchecked,Unchecked,Unchecked,Unchecked,Unchecked,Unchecked,Unchecked,Unchecked,Unchecked,Unchecked,Unchecked,Unchecked,Unchecked,Unchecked,Unchecked,Unchecked,Unchecked,Unchecked,Unchecked,Unchecked,Unchecked,Unchecked,Unchecked,Unchecked,Unchecked,Unchecked,Unchecked,Unchecked,Unchecked,Unchecked,Unchecked,Unchecked,Unchecked,Unchecked,Unchecked,Unchecked,Unchecked,Unchecked,Unchecked,Unchecked,Unchecked,Unchecked,Unchecked,Unchecked,Unchecked,Unchecked,Unchecked,Unchecked,Unchecked,,No,,,"Prompt treatment (including scaling) needed",,Complete,Complete
6,,,,3,"Willing to participate",,,Yes,Yes,Yes,Yes,Yes,No,No,Yes,Yes,Yes,No,No,No,No,No,RCC/Concrete/Cement,"LPG/Natural gas/Electricity","Pit latrine/Flush toilet",Complete,,,,,,,,,,,,,,,,,,,,,,,,,,,,,,,,,,,,,,,,,,,,,,,,,,,,,,,,,,,,,,,,,,,,,,,,,,,,,,,,,,,,,,,,,,,,,,,,,,,,,,,,,,,,,,,,,,,,,,,,,,,,,,,,,,,,,,,,,,,,,,,,,,,,,,,,,,,,,,,,,,,,,,,,,,,,,,,,,,,,,,,,,,,,,,,,,,,,,,,,,,,,,,,,,,,,,,,,,,,,,,,,,,,,,,,,,,,,,,,,,,,,,,,,,,,,,,,,,,,,,,,,,,,,,,,,,,,,,,,,,,,,,,,,,,,,,,,,,,,,,,,,,,,,,,,,,,,,,,,,,,,,,,,,,,,,,,,,
6,Participant,1,,,,,,,,,,,,,,,,,,,,,,,,,13,65,65-74,Male,,"Graduate or higher","Not applicable",English,,Yes,"2026-08-31 15:42:18","Ashok kumar",,,,,Signature,1788171151517.png,,,Manish,1788171161701.png,,,28.5657114,77.2135469,,"https://www.google.com/maps?q=28.5657114,77.2135469",1788171169206.png,No,Unchecked,Unchecked,Unchecked,No,Toothbrush,Unchecked,Checked,Unchecked,Unchecked,Unchecked,,Fluoridated,Once,Once,Yes,Yes,Checked,Unchecked,Unchecked,Unchecked,Unchecked,Unchecked,Unchecked,Unchecked,Unchecked,Unchecked,Unchecked,,"public facility",,,Unchecked,Unchecked,Unchecked,Unchecked,Unchecked,Unchecked,Unchecked,Unchecked,Unchecked,Poor,,,"All teeth / partially edentulous",,,,,,,,,,,,,,,,,,,,,,,,,,,,,,,,,,,,,,,,,,,,,,"Not recorded","Not recorded","Not recorded",Sound,"No bleeding","No pocket","Filled with caries","No bleeding","No pocket",Sound,"No bleeding","No pocket",Sound,"No bleeding","No pocket","other defects",Sound,"No bleeding","No pocket","other defects",Sound,"No bleeding","No pocket","other defects",Sound,"No bleeding","No pocket","diffuse opacity",Sound,"No bleeding","No pocket",Normal,Sound,"No bleeding","No pocket","other defects",Sound,"No bleeding","No pocket",Normal,Sound,"No bleeding","No pocket","other defects",Sound,"No bleeding","No pocket","Missing due to caries","Not recorded","Not recorded","Coronal caries","No bleeding","No pocket","Missing other","Not recorded","Not recorded","Missing other","Not recorded","Not recorded",Sound,"No bleeding","No pocket",Sound,Bleeding,"No pocket","diffuse opacity","Missing other","No bleeding","No pocket",Sound,"No bleeding","No pocket",Sound,"No bleeding","No pocket",Sound,"No bleeding","No pocket",Sound,"No bleeding","No pocket",Sound,"No bleeding","No pocket",Sound,"No bleeding","No pocket",Sound,"No bleeding","No pocket",Sound,"No bleeding","No pocket",Sound,"No bleeding","No pocket","Missing other","Not recorded","Not recorded","not recorded",Sound,"No bleeding","No pocket","Not recorded","Not recorded","Not recorded","0-3 mm","0-3 mm","0-3 mm","0-3 mm","0-3 mm","0-3 mm",Normal,"No sign",,Present,16,Present,25,"No sign",,No,Yes,No,No,,,,,,,,,,,,No,Unchecked,Unchecked,Unchecked,Unchecked,Unchecked,Unchecked,Unchecked,Unchecked,Unchecked,Unchecked,Unchecked,Unchecked,Unchecked,Unchecked,Unchecked,Unchecked,Unchecked,Unchecked,Unchecked,Unchecked,Unchecked,Unchecked,Unchecked,Unchecked,Unchecked,Unchecked,Unchecked,Unchecked,Unchecked,Unchecked,Unchecked,Unchecked,Unchecked,Unchecked,Unchecked,Unchecked,Unchecked,Unchecked,Unchecked,Unchecked,Unchecked,Unchecked,Unchecked,Unchecked,Unchecked,Unchecked,Unchecked,Unchecked,Unchecked,Unchecked,Unchecked,Unchecked,Unchecked,Unchecked,Unchecked,Unchecked,Unchecked,Unchecked,Unchecked,Unchecked,Unchecked,Unchecked,Unchecked,Unchecked,Unchecked,Unchecked,Unchecked,Unchecked,Unchecked,Unchecked,Unchecked,Unchecked,,No,,,"Prompt treatment (including scaling) needed",,Complete,Complete
6,Participant,2,,,,,,,,,,,,,,,,,,,,,,,,,,65,65-74,Male,,"Graduate or higher","Not applicable",English,,Yes,"2026-08-31 14:43:53","Ashok kumar",,,,,Signature,1788167652075.png,,,Manish,1788167663637.png,,,28.5657447,77.2132278,,"https://www.google.com/maps?q=28.5657447,77.2132278",1788169611176.png,No,Unchecked,Unchecked,Unchecked,No,Toothbrush,Unchecked,Checked,Unchecked,Unchecked,Unchecked,,Fluoridated,Once,Once,Yes,Yes,Checked,Unchecked,Unchecked,Unchecked,Unchecked,Unchecked,Unchecked,Unchecked,Unchecked,Unchecked,Unchecked,,"public facility",,,Unchecked,Unchecked,Unchecked,Unchecked,Unchecked,Unchecked,Unchecked,Unchecked,Unchecked,Poor,,,"All teeth / partially edentulous",,,,,,,,,,,,,,,,,,,,,,,,,,,,,,,,,,,,,,,,,,,,,,"Not recorded","Not recorded","Not recorded",Sound,"No bleeding","No pocket","Filled with caries","No bleeding","No pocket",Sound,"No bleeding","No pocket",Sound,"No bleeding","No pocket","other defects",Sound,"No bleeding","No pocket","other defects",Sound,"No bleeding","No pocket","other defects",Sound,"No bleeding","No pocket",Normal,Sound,"No bleeding","No pocket",Normal,Sound,"No bleeding","No pocket","other defects",Sound,"No bleeding","No pocket",Normal,Sound,"No bleeding","No pocket","other defects",Sound,"No bleeding","No pocket","Missing due to caries","Not recorded","Not recorded","Coronal caries","No bleeding","No pocket","Missing other","Not recorded","Not recorded","Not recorded","Not recorded","Not recorded",Sound,"No bleeding","No pocket",Sound,Bleeding,"No pocket","demarcated opacity","Missing due to caries","Not recorded","Not recorded",Sound,"No bleeding","No pocket",Sound,"No bleeding","No pocket",Sound,"No bleeding","No pocket",Sound,"No bleeding","No pocket",Sound,"No bleeding","No pocket",Sound,"No bleeding","No pocket",Sound,"No bleeding","No pocket",Sound,"No bleeding","No pocket",Sound,"No bleeding","No pocket","Not recorded","Not recorded","Not recorded","not recorded",Sound,"No bleeding","No pocket","Not recorded","Not recorded","Not recorded","0-3 mm","0-3 mm","0-3 mm","0-3 mm","0-3 mm","0-3 mm",Normal,"No sign",,Present,16,Present,25,"No sign",,No,Yes,No,No,,,,,,,,,,,,No,Unchecked,Unchecked,Unchecked,Unchecked,Unchecked,Unchecked,Unchecked,Unchecked,Unchecked,Unchecked,Unchecked,Unchecked,Unchecked,Unchecked,Unchecked,Unchecked,Unchecked,Unchecked,Unchecked,Unchecked,Unchecked,Unchecked,Unchecked,Unchecked,Unchecked,Unchecked,Unchecked,Unchecked,Unchecked,Unchecked,Unchecked,Unchecked,Unchecked,Unchecked,Unchecked,Unchecked,Unchecked,Unchecked,Unchecked,Unchecked,Unchecked,Unchecked,Unchecked,Unchecked,Unchecked,Unchecked,Unchecked,Unchecked,Unchecked,Unchecked,Unchecked,Unchecked,Unchecked,Unchecked,Unchecked,Unchecked,Unchecked,Unchecked,Unchecked,Unchecked,Unchecked,Unchecked,Unchecked,Unchecked,Unchecked,Unchecked,Unchecked,Unchecked,Unchecked,Unchecked,Unchecked,Unchecked,,No,,,"Prompt treatment (including scaling) needed",,Complete,Complete
7,,,,,,,,,,,,,,,,,,,,,,,,,,Incomplete,,,,,,,,,,,,,,,,,,,,,,,,,,,,,,,,,,,,,,,,,,,,,,,,,,,,,,,,,,,,,,,,,,,,,,,,,,,,,,,,,,,,,,,,,,,,,,,,,,,,,,,,,,,,,,,,,,,,,,,,,,,,,,,,,,,,,,,,,,,,,,,,,,,,,,,,,,,,,,,,,,,,,,,,,,,,,,,,,,,,,,,,,,,,,,,,,,,,,,,,,,,,,,,,,,,,,,,,,,,,,,,,,,,,,,,,,,,,,,,,,,,,,,,,,,,,,,,,,,,,,,,,,,,,,,,,,,,,,,,,,,,,,,,,,,,,,,,,,,,,,,,,,,,,,,,,,,,,,,,,,,,,,,,,,,,,,,,,
7,Participant,1,,,,,,,,,,,,,,,,,,,,,,,,,11,13,12-15,Female,,,,English,Yes,Yes,"2026-08-31 15:43:39",Sneha,,Dharmender,Father,,Signature,1788171264988.png,,,Dharmender,1788171309808.png,,,28.5657755,77.2130309,,"https://www.google.com/maps?q=28.5657755,77.2130309",,No,Unchecked,Unchecked,Unchecked,,Toothbrush,Unchecked,Checked,Unchecked,Unchecked,Unchecked,,Fluoridated,Once,Twice,Yes,Yes,Unchecked,Checked,Unchecked,Unchecked,Unchecked,Unchecked,Checked,Unchecked,Unchecked,Unchecked,Unchecked,,"public facility",,,Unchecked,Unchecked,Unchecked,Unchecked,Unchecked,Unchecked,Unchecked,Unchecked,Unchecked,Good,,"Permanent only",,,,,,,,,,,,,,,,,,,,,,,,,,,,,,,,,,,,,,,,,,,,,,,,,,Sound,"No bleeding",,Sound,"No bleeding",,Sound,"No bleeding",,Sound,"No bleeding",,Normal,Sound,"No bleeding",,Normal,Sound,"No bleeding",,Normal,"Filled with caries","No bleeding",,Normal,"Filled with caries","No bleeding",,Normal,Sound,"No bleeding",,Normal,Sound,"No bleeding",,Normal,Sound,"No bleeding",,Normal,Sound,"No bleeding",,Sound,"No bleeding",,Sound,"No bleeding",,,,,,,,Sound,"No bleeding",,Sound,"No bleeding",,Normal,Sound,"No bleeding",,Sound,"No bleeding",,Sound,"No bleeding",,Sound,"No bleeding",,Sound,Bleeding,,Sound,Bleeding,,Sound,Bleeding,,Sound,"No bleeding",,Sound,"No bleeding",,Sound,"No bleeding",,Sound,"No bleeding",,Normal,Sound,"No bleeding",,,,,,,,,,,Normal,"No sign",,,,,,"Enamel+dentine fracture",2,,,,,0,0,"No crowding","Spacing present- Upper",2,1,1,3.5,3.5,"Half cusp",0,No,Unchecked,Unchecked,Unchecked,Unchecked,Unchecked,Unchecked,Unchecked,Unchecked,Unchecked,Unchecked,Unchecked,Unchecked,Unchecked,Unchecked,Unchecked,Unchecked,Unchecked,Unchecked,Unchecked,Unchecked,Unchecked,Unchecked,Unchecked,Unchecked,Unchecked,Unchecked,Unchecked,Unchecked,Unchecked,Unchecked,Unchecked,Unchecked,Unchecked,Unchecked,Unchecked,Unchecked,Unchecked,Unchecked,Unchecked,Unchecked,Unchecked,Unchecked,Unchecked,Unchecked,Unchecked,Unchecked,Unchecked,Unchecked,Unchecked,Unchecked,Unchecked,Unchecked,Unchecked,Unchecked,Unchecked,Unchecked,Unchecked,Unchecked,Unchecked,Unchecked,Unchecked,Unchecked,Unchecked,Unchecked,Unchecked,Unchecked,Unchecked,Unchecked,Unchecked,Unchecked,Unchecked,Unchecked,,,,,"Immediate (urgent) treatment due to pain or infection of dental and / or oral origin",,Complete,Complete
8,,,,,,,,,,,,,,,,,,,,,,,,,,Incomplete,,,,,,,,,,,,,,,,,,,,,,,,,,,,,,,,,,,,,,,,,,,,,,,,,,,,,,,,,,,,,,,,,,,,,,,,,,,,,,,,,,,,,,,,,,,,,,,,,,,,,,,,,,,,,,,,,,,,,,,,,,,,,,,,,,,,,,,,,,,,,,,,,,,,,,,,,,,,,,,,,,,,,,,,,,,,,,,,,,,,,,,,,,,,,,,,,,,,,,,,,,,,,,,,,,,,,,,,,,,,,,,,,,,,,,,,,,,,,,,,,,,,,,,,,,,,,,,,,,,,,,,,,,,,,,,,,,,,,,,,,,,,,,,,,,,,,,,,,,,,,,,,,,,,,,,,,,,,,,,,,,,,,,,,,,,,,,,,
8,Participant,1,,,,,,,,,,,,,,,,,,,,,,,,,16,6,4-6,Female,,,,"हिन्दी (Hindi)",,Yes,"2026-09-01 09:36:51",,Vandana,Brijesh,Father,,Signature,,1788235654228.png,,Manish,1788235669404.png,,,,,,"https://www.google.com/maps?q=,",1788235678452.png,,Unchecked,Unchecked,Unchecked,,Toothbrush,Unchecked,Checked,Unchecked,Unchecked,Unchecked,,Fluoridated,Twice,Twice,Yes,Yes,Checked,Unchecked,Unchecked,Unchecked,Unchecked,Unchecked,Unchecked,Unchecked,Unchecked,Unchecked,Unchecked,,"public facility",,,Unchecked,Unchecked,Unchecked,Unchecked,Unchecked,Unchecked,Unchecked,Unchecked,Unchecked,Average,"Mixed dentition",,,Caries,"No bleeding",Sound,"No bleeding",Sound,"No bleeding",Sound,"No bleeding",Sound,"No bleeding",Sound,"No bleeding",Sound,"No bleeding",Sound,"No bleeding",Sound,"No bleeding",Caries,"No bleeding",Caries,"No bleeding",Sound,"No bleeding","Not recorded","No bleeding",Sound,"No bleeding","Missing other","Not recorded","Missing other","Not recorded",Sound,"No bleeding",Sound,"No bleeding",Sound,"No bleeding",Caries,"No bleeding",Normal,Normal,Normal,Normal,"DMH absent",,,,,,,Unerupted,"Not recorded",,,,,,,,,,,,,,,,,,,,,,,,,,,,,,,,,,,,,,,,Sound,"No bleeding",,,,,,,,,,,,,,Unerupted,"Not recorded",,,,,,,,,,,,,,,Sound,"No bleeding",,Sound,"No bleeding",,,,,,,,,,,,,,Sound,"No bleeding",,,,,,,,,,,,,,,,"Enamel erosion",1,,,,,"No sign",,,,,,,,,,,,,,,,,No,Unchecked,Unchecked,Unchecked,Unchecked,Unchecked,Unchecked,Unchecked,Unchecked,Unchecked,Unchecked,Unchecked,Unchecked,Unchecked,Unchecked,Unchecked,Unchecked,Unchecked,Unchecked,Unchecked,Unchecked,Unchecked,Unchecked,Unchecked,Unchecked,Unchecked,Unchecked,Unchecked,Unchecked,Unchecked,Unchecked,Unchecked,Unchecked,Unchecked,Unchecked,Unchecked,Unchecked,Unchecked,Unchecked,Unchecked,Unchecked,Unchecked,Unchecked,Unchecked,Unchecked,Unchecked,Unchecked,Unchecked,Unchecked,Unchecked,Unchecked,Unchecked,Unchecked,Unchecked,Unchecked,Unchecked,Unchecked,Unchecked,Unchecked,Unchecked,Unchecked,Unchecked,Unchecked,Unchecked,Unchecked,Unchecked,Unchecked,Unchecked,Unchecked,Unchecked,Unchecked,Unchecked,Unchecked,,,,,"Prompt treatment (including scaling) needed",,Complete,Complete
8,Participant,2,,,,,,,,,,,,,,,,,,,,,,,,,,6,4-6,Female,,,,"हिन्दी (Hindi)",,Yes,"2026-09-01 10:16:35",,Vandana,Brijesh,Father,,Signature,,1788238015210.png,,Manish,1788238023193.png,,,,,,"https://www.google.com/maps?q=,",1788238051412.png,,Unchecked,Unchecked,Unchecked,,Toothbrush,Unchecked,Checked,Unchecked,Unchecked,Unchecked,,Fluoridated,Twice,Twice,Yes,Yes,Checked,Unchecked,Unchecked,Unchecked,Unchecked,Unchecked,Unchecked,Unchecked,Unchecked,Unchecked,Unchecked,,"public facility",,,Unchecked,Unchecked,Unchecked,Unchecked,Unchecked,Unchecked,Unchecked,Unchecked,Unchecked,Average,"Mixed dentition",,,Caries,"No bleeding",Sound,"No bleeding","Filled no caries","No bleeding",Sound,"No bleeding",Sound,"No bleeding",Sound,"No bleeding",Sound,"No bleeding",Sound,"No bleeding",Sound,"No bleeding",Sound,"No bleeding",Caries,"No bleeding",Sound,"No bleeding",Sound,"No bleeding",Sound,"No bleeding","Missing other","Not recorded","Missing other","Not recorded",Sound,"No bleeding",Sound,"No bleeding",Sound,"No bleeding",Caries,"No bleeding",Normal,Normal,Normal,Normal,"DMH absent",,,,,,,Sound,"No bleeding",,,,,,,,,,,,,,,,,,,,,,,,,,,,,,,,,,,,,,,,Sound,"No bleeding",,,,,,,,,,,,,,Sound,"No bleeding",,,,,,,,,,,,,,,Sound,"No bleeding",,Sound,"No bleeding",,,,,,,,,,,,,,Sound,"No bleeding",,,,,,,,,,,,,,,,"Enamel erosion",1,,,,,"No sign",,,,,,,,,,,,,,,,,No,Unchecked,Unchecked,Unchecked,Unchecked,Unchecked,Unchecked,Unchecked,Unchecked,Unchecked,Unchecked,Unchecked,Unchecked,Unchecked,Unchecked,Unchecked,Unchecked,Unchecked,Unchecked,Unchecked,Unchecked,Unchecked,Unchecked,Unchecked,Unchecked,Unchecked,Unchecked,Unchecked,Unchecked,Unchecked,Unchecked,Unchecked,Unchecked,Unchecked,Unchecked,Unchecked,Unchecked,Unchecked,Unchecked,Unchecked,Unchecked,Unchecked,Unchecked,Unchecked,Unchecked,Unchecked,Unchecked,Unchecked,Unchecked,Unchecked,Unchecked,Unchecked,Unchecked,Unchecked,Unchecked,Unchecked,Unchecked,Unchecked,Unchecked,Unchecked,Unchecked,Unchecked,Unchecked,Unchecked,Unchecked,Unchecked,Unchecked,Unchecked,Unchecked,Unchecked,Unchecked,Unchecked,Unchecked,,,,,"Prompt treatment (including scaling) needed",,Complete,Complete
9,,,,,,,,,,,,,,,,,,,,,,,,,,Incomplete,,,,,,,,,,,,,,,,,,,,,,,,,,,,,,,,,,,,,,,,,,,,,,,,,,,,,,,,,,,,,,,,,,,,,,,,,,,,,,,,,,,,,,,,,,,,,,,,,,,,,,,,,,,,,,,,,,,,,,,,,,,,,,,,,,,,,,,,,,,,,,,,,,,,,,,,,,,,,,,,,,,,,,,,,,,,,,,,,,,,,,,,,,,,,,,,,,,,,,,,,,,,,,,,,,,,,,,,,,,,,,,,,,,,,,,,,,,,,,,,,,,,,,,,,,,,,,,,,,,,,,,,,,,,,,,,,,,,,,,,,,,,,,,,,,,,,,,,,,,,,,,,,,,,,,,,,,,,,,,,,,,,,,,,,,,,,,,,
9,Participant,1,,,,,,,,,,,,,,,,,,,,,,,,,16,65,65-74,Male,,"Higher Secondary","Protective Service Workers",English,,Yes,"2026-09-01 10:22:53",Virendra,,,,,Signature,1788240165302.png,,,Manish,1788240179863.png,,,,,,"https://www.google.com/maps?q=,",1788240188820.png,Yes,Unchecked,Checked,Unchecked,No,Toothbrush,Unchecked,Checked,Unchecked,Unchecked,Unchecked,,Fluoridated,Once,"Thrice or more",Yes,Yes,Unchecked,Unchecked,Unchecked,Unchecked,Checked,Unchecked,Unchecked,Unchecked,Unchecked,Unchecked,Unchecked,,"private clinic",,1000,Unchecked,Unchecked,Unchecked,Unchecked,Unchecked,Unchecked,Unchecked,Unchecked,Unchecked,Poor,,,"All teeth / partially edentulous",,,,,,,,,,,,,,,,,,,,,,,,,,,,,,,,,,,,,,,,,,,,,,"Missing due to caries","Not recorded","Not recorded","Coronal caries",Bleeding,"Pocket of 4-5 mm",Sound,"No bleeding","No pocket",Sound,"No bleeding","No pocket",Sound,"No bleeding","No pocket",Normal,Sound,"No bleeding","No pocket",Normal,Sound,"No bleeding","No pocket",Normal,Sound,"No bleeding","No pocket",Normal,Sound,"No bleeding","No pocket",Normal,Sound,"No bleeding","No pocket",Normal,Sound,"No bleeding","No pocket",Normal,Sound,"No bleeding","No pocket",Normal,Sound,"No bleeding","No pocket",Sound,"No bleeding","No pocket","Missing due to caries","Not recorded","No pocket","Missing due to caries","Not recorded","Not recorded","Missing due to caries","Not recorded","Not recorded","Missing due to caries","Not recorded","Not recorded","Missing due to caries","Not recorded","Not recorded","not recorded",Sound,"No bleeding","No pocket",Sound,"No bleeding","No pocket",Sound,"No bleeding","No pocket",Sound,"No bleeding","No pocket",Sound,"No bleeding","No pocket",Sound,"No bleeding","No pocket",Sound,"No bleeding","No pocket",Sound,"No bleeding","No pocket","Coronal caries","No bleeding","No pocket",Sound,"No bleeding","No pocket","Missing due to caries","Not recorded","Not recorded","not recorded","Missing due to caries","Not recorded","Not recorded","Coronal caries",Bleeding,"No pocket","6-8 mm CEJ between upper limit of black band and 8.5 mm ring","0-3 mm","6-8 mm CEJ between upper limit of black band and 8.5 mm ring","Excluded sextant","0-3 mm","Excluded sextant",Normal,"No sign",,Present,15,Present,24,"No sign",,No,No,Yes,No,,,,,,,,,,,,Yes,Unchecked,Unchecked,Unchecked,Unchecked,Unchecked,Unchecked,Unchecked,Unchecked,Unchecked,Unchecked,Unchecked,Unchecked,Unchecked,Unchecked,Unchecked,Unchecked,Unchecked,Unchecked,Unchecked,Unchecked,Unchecked,Unchecked,Unchecked,Unchecked,Unchecked,Unchecked,Unchecked,Unchecked,Unchecked,Unchecked,Unchecked,Unchecked,Unchecked,Unchecked,Unchecked,Unchecked,Unchecked,Unchecked,Unchecked,Unchecked,Unchecked,Unchecked,Unchecked,Unchecked,Unchecked,Unchecked,Unchecked,Unchecked,Unchecked,Unchecked,Unchecked,Unchecked,Unchecked,Unchecked,Unchecked,Unchecked,Unchecked,Unchecked,Unchecked,Unchecked,Unchecked,Unchecked,Unchecked,Unchecked,Unchecked,Unchecked,Unchecked,Checked,Unchecked,Unchecked,Unchecked,Unchecked,,No,,,"Prompt treatment (including scaling) needed",,Complete,Complete
9,Participant,2,,,,,,,,,,,,,,,,,,,,,,,,,,65,65-74,Male,,"Higher Secondary","Protective Service Workers",English,,Yes,"2026-09-01 12:14:02",Virender,,,,,Signature,1788245053176.png,,,"S s",1788245065631.png,,,,,,"https://www.google.com/maps?q=,",1788245076691.png,Yes,Unchecked,Checked,Unchecked,No,Toothbrush,Unchecked,Checked,Unchecked,Unchecked,Unchecked,,Fluoridated,Once,"Thrice or more",Yes,Yes,Unchecked,Unchecked,Unchecked,Unchecked,Checked,Unchecked,Unchecked,Unchecked,Unchecked,Unchecked,Unchecked,,"private clinic",,,Unchecked,Unchecked,Unchecked,Unchecked,Unchecked,Unchecked,Unchecked,Unchecked,Unchecked,Poor,,,"All teeth / partially edentulous",,,,,,,,,,,,,,,,,,,,,,,,,,,,,,,,,,,,,,,,,,,,,,"Missing due to caries","Not recorded","Not recorded","Coronal caries",Bleeding,"Pocket of 4-5 mm",Sound,"No bleeding","No pocket",Sound,"No bleeding","No pocket",Sound,"No bleeding","No pocket",Normal,Sound,"No bleeding","No pocket",Normal,Sound,"No bleeding","No pocket",Normal,Sound,"No bleeding","No pocket",Normal,Sound,"No bleeding","No pocket",Normal,Sound,"No bleeding","No pocket",Normal,Sound,"No bleeding","No pocket",Normal,Sound,"No bleeding","No pocket",Normal,Sound,"No bleeding","No pocket",Sound,"No bleeding","No pocket","Missing due to caries","Not recorded","Not recorded","Missing due to caries","Not recorded","Not recorded","Missing due to caries","Not recorded","Not recorded","Missing due to caries","Not recorded","Not recorded","Missing due to caries","Not recorded","Not recorded","not recorded",Sound,"No bleeding","No pocket",Sound,"No bleeding","No pocket",Sound,"No bleeding","No pocket",Sound,"No bleeding","No pocket",Sound,"No bleeding","No pocket",Sound,"No bleeding","No pocket",Sound,"No bleeding","No pocket",Sound,"No bleeding","No pocket","Coronal caries","No bleeding","No pocket",Sound,"No bleeding","No pocket","Missing due to caries","Not recorded","Not recorded","not recorded","Missing due to caries","Not recorded","Not recorded","Coronal caries",Bleeding,"No pocket","6-8 mm CEJ between upper limit of black band and 8.5 mm ring","0-3 mm","6-8 mm CEJ between upper limit of black band and 8.5 mm ring","Excluded sextant","0-3 mm","Excluded sextant",Normal,"No sign",,Present,15,Present,24,"No sign",,No,No,Yes,No,,,,,,,,,,,,Yes,Unchecked,Unchecked,Unchecked,Unchecked,Unchecked,Unchecked,Unchecked,Unchecked,Unchecked,Unchecked,Unchecked,Unchecked,Unchecked,Unchecked,Unchecked,Unchecked,Unchecked,Unchecked,Unchecked,Unchecked,Unchecked,Unchecked,Unchecked,Unchecked,Unchecked,Unchecked,Unchecked,Unchecked,Unchecked,Unchecked,Unchecked,Unchecked,Unchecked,Unchecked,Unchecked,Unchecked,Unchecked,Unchecked,Unchecked,Unchecked,Unchecked,Unchecked,Unchecked,Unchecked,Unchecked,Unchecked,Unchecked,Unchecked,Unchecked,Unchecked,Unchecked,Unchecked,Unchecked,Unchecked,Unchecked,Unchecked,Unchecked,Unchecked,Unchecked,Unchecked,Unchecked,Unchecked,Unchecked,Unchecked,Unchecked,Unchecked,Unchecked,Checked,Unchecked,Unchecked,Unchecked,Unchecked,,No,,,"Prompt treatment (including scaling) needed",,Complete,Complete
10,,,,,,,,,,,,,,,,,,,,,,,,,,Incomplete,,,,,,,,,,,,,,,,,,,,,,,,,,,,,,,,,,,,,,,,,,,,,,,,,,,,,,,,,,,,,,,,,,,,,,,,,,,,,,,,,,,,,,,,,,,,,,,,,,,,,,,,,,,,,,,,,,,,,,,,,,,,,,,,,,,,,,,,,,,,,,,,,,,,,,,,,,,,,,,,,,,,,,,,,,,,,,,,,,,,,,,,,,,,,,,,,,,,,,,,,,,,,,,,,,,,,,,,,,,,,,,,,,,,,,,,,,,,,,,,,,,,,,,,,,,,,,,,,,,,,,,,,,,,,,,,,,,,,,,,,,,,,,,,,,,,,,,,,,,,,,,,,,,,,,,,,,,,,,,,,,,,,,,,,,,,,,,,
10,Participant,1,,,,,,,,,,,,,,,,,,,,,,,,,16,12,12-15,Male,,,,"हिन्दी (Hindi)",Yes,Yes,"2026-09-01 11:09:04",Shaurya,,"Satinder kumar",Father,,Signature,1788242689488.png,1788242696034.png,,Manish,1788242704616.png,,,,,,"https://www.google.com/maps?q=,",,No,Unchecked,Unchecked,Unchecked,,Toothbrush,Unchecked,Checked,Unchecked,Unchecked,Unchecked,,Fluoridated,Once,"Thrice or more",Yes,Yes,Unchecked,Unchecked,Unchecked,Unchecked,Unchecked,Unchecked,Checked,Unchecked,Unchecked,Unchecked,Unchecked,,"public facility",,,Unchecked,Unchecked,Unchecked,Unchecked,Unchecked,Unchecked,Unchecked,Unchecked,Unchecked,Good,,"Mixed dentition",,Sound,"No bleeding","Not recorded","Not recorded","Not recorded","Not recorded",,,,,,,,,"Not recorded","Not recorded","Not recorded","Not recorded",Sound,"No bleeding",Sound,"No bleeding","Not recorded","Not recorded","Not recorded","Not recorded",,,,,,,,,"Not recorded","Not recorded",Sound,"No bleeding",Sound,"No bleeding",,,,,,,,,"Not recorded","Not recorded",,Sound,"No bleeding",,Sound,"No bleeding",,Sound,"No bleeding",,Normal,Sound,"No bleeding",,Normal,Sound,"No bleeding",,Normal,Sound,"No bleeding",,Normal,Sound,"No bleeding",,Normal,Sound,"No bleeding",,Normal,"Not recorded","Not recorded",,"not recorded",Sound,"No bleeding",,Normal,Unerupted,"Not recorded",,Sound,"No bleeding",,"Not recorded","Not recorded",,,,,,,,"Not recorded","Not recorded",,Sound,"No bleeding",,Normal,Unerupted,"Not recorded",,Sound,"No bleeding",,Sound,"No bleeding",,Sound,"No bleeding",,Sound,"No bleeding",,Sound,"No bleeding",,Sound,"No bleeding",,Sound,"No bleeding",,Sound,"No bleeding",,Unerupted,"Not recorded",,Sound,"No bleeding",,Normal,"Not recorded","Not recorded",,,,,,,,,,,Normal,"No sign",,,,,,"No sign",,,,,,2,2,"No crowding","Spacing present- Upper",2,0,0,3,0,"Half cusp",0,No,Unchecked,Unchecked,Unchecked,Unchecked,Unchecked,Unchecked,Unchecked,Unchecked,Unchecked,Unchecked,Unchecked,Unchecked,Unchecked,Unchecked,Unchecked,Unchecked,Unchecked,Unchecked,Unchecked,Unchecked,Unchecked,Unchecked,Unchecked,Unchecked,Unchecked,Unchecked,Unchecked,Unchecked,Unchecked,Unchecked,Unchecked,Unchecked,Unchecked,Unchecked,Unchecked,Unchecked,Unchecked,Unchecked,Unchecked,Unchecked,Unchecked,Unchecked,Unchecked,Unchecked,Unchecked,Unchecked,Unchecked,Unchecked,Unchecked,Unchecked,Unchecked,Unchecked,Unchecked,Unchecked,Unchecked,Unchecked,Unchecked,Unchecked,Unchecked,Unchecked,Unchecked,Unchecked,Unchecked,Unchecked,Unchecked,Unchecked,Unchecked,Unchecked,Unchecked,Unchecked,Unchecked,Unchecked,,,,,"Preventive or routine treatment needed",,Complete,Complete
10,Participant,2,,,,,,,,,,,,,,,,,,,,,,,,,,12,12-15,Male,,,,"हिन्दी (Hindi)",Yes,Yes,"2026-09-01 12:38:09",Shaurya,,Satinder,Father,,Signature,1788246554857.png,1788246559907.png,,Ss,1788246583928.png,,,,,,"https://www.google.com/maps?q=,",1788246608144.png,No,Unchecked,Unchecked,Unchecked,,Toothbrush,Unchecked,Checked,Unchecked,Unchecked,Unchecked,,Fluoridated,Once,"Thrice or more",Yes,Yes,Unchecked,Unchecked,Unchecked,Unchecked,Unchecked,Unchecked,Checked,Unchecked,Unchecked,Unchecked,Unchecked,,"public facility",,,Unchecked,Unchecked,Unchecked,Unchecked,Unchecked,Unchecked,Unchecked,Unchecked,Unchecked,Good,,"Mixed dentition",,Sound,"No bleeding","Not recorded","Not recorded","Not recorded","Not recorded",,,,,,,,,"Not recorded","Not recorded","Not recorded","Not recorded",Sound,"No bleeding",Sound,"No bleeding","Not recorded","Not recorded","Not recorded","Not recorded",,,,,,,,,Sound,"No bleeding",Sound,"No bleeding",Sound,"No bleeding",,,,,,,,,"Not recorded","Not recorded",,Sound,"No bleeding",,Sound,"No bleeding",,Sound,"No bleeding",,Normal,Sound,"No bleeding",,Normal,Sound,"No bleeding",,Normal,Sound,"No bleeding",,Normal,Sound,"No bleeding",,Normal,Sound,"No bleeding",,Normal,Sound,"No bleeding",,Normal,Sound,"No bleeding",,Normal,Unerupted,"Not recorded",,Sound,"No bleeding",,"Not recorded","Not recorded",,,,,,,,"Not recorded","Not recorded",,Sound,"No bleeding",,Normal,Unerupted,"Not recorded",,Sound,"No bleeding",,Sound,"No bleeding",,Sound,"No bleeding",,Sound,"No bleeding",,Sound,"No bleeding",,Sound,"No bleeding",,Sound,"No bleeding",,Sound,"No bleeding",,Unerupted,"Not recorded",,Sound,"No bleeding",,Normal,"Not recorded","Not recorded",,,,,,,,,,,Normal,"No sign",,,,,,"No sign",,,,,,2,2,"Not recorded","Spacing present- Upper",2,0,0,3,0,"Half cusp",0,No,Unchecked,Unchecked,Unchecked,Unchecked,Unchecked,Unchecked,Unchecked,Unchecked,Unchecked,Unchecked,Unchecked,Unchecked,Unchecked,Unchecked,Unchecked,Unchecked,Unchecked,Unchecked,Unchecked,Unchecked,Unchecked,Unchecked,Unchecked,Unchecked,Unchecked,Unchecked,Unchecked,Unchecked,Unchecked,Unchecked,Unchecked,Unchecked,Unchecked,Unchecked,Unchecked,Unchecked,Unchecked,Unchecked,Unchecked,Unchecked,Unchecked,Unchecked,Unchecked,Unchecked,Unchecked,Unchecked,Unchecked,Unchecked,Unchecked,Unchecked,Unchecked,Unchecked,Unchecked,Unchecked,Unchecked,Unchecked,Unchecked,Unchecked,Unchecked,Unchecked,Unchecked,Unchecked,Unchecked,Unchecked,Unchecked,Unchecked,Unchecked,Unchecked,Unchecked,Unchecked,Unchecked,Unchecked,,,,,"Preventive or routine treatment needed",,Complete,Complete
11,,,,,,,,,,,,,,,,,,,,,,,,,,Incomplete,,,,,,,,,,,,,,,,,,,,,,,,,,,,,,,,,,,,,,,,,,,,,,,,,,,,,,,,,,,,,,,,,,,,,,,,,,,,,,,,,,,,,,,,,,,,,,,,,,,,,,,,,,,,,,,,,,,,,,,,,,,,,,,,,,,,,,,,,,,,,,,,,,,,,,,,,,,,,,,,,,,,,,,,,,,,,,,,,,,,,,,,,,,,,,,,,,,,,,,,,,,,,,,,,,,,,,,,,,,,,,,,,,,,,,,,,,,,,,,,,,,,,,,,,,,,,,,,,,,,,,,,,,,,,,,,,,,,,,,,,,,,,,,,,,,,,,,,,,,,,,,,,,,,,,,,,,,,,,,,,,,,,,,,,,,,,,,,
11,Participant,1,,,,,,,,,,,,,,,,,,,,,,,,,14,6,4-6,Female,,,,"हिन्दी (Hindi)",,Yes,"2026-09-01 09:38:38",,Vandana,Brijesh,Father,,Signature,,1788235738586.png,,Suresh,1788235754832.png,,,28.5657755,77.2130309,,"https://www.google.com/maps?q=28.5657755,77.2130309",1788235759727.png,,Unchecked,Unchecked,Unchecked,,Toothbrush,Unchecked,Checked,Unchecked,Unchecked,Unchecked,,Fluoridated,Twice,Twice,Yes,Yes,Checked,Unchecked,Unchecked,Unchecked,Unchecked,Unchecked,Unchecked,Unchecked,Unchecked,Unchecked,Unchecked,,"public facility",,,Unchecked,Unchecked,Unchecked,Unchecked,Unchecked,Unchecked,Unchecked,Unchecked,Unchecked,Average,"Mixed dentition",,,Caries,"No bleeding",Sound,"No bleeding",Sound,"No bleeding",Sound,"No bleeding",Sound,"No bleeding",Sound,"No bleeding",Sound,"No bleeding",Sound,"No bleeding",Sound,"No bleeding",Caries,"No bleeding",Caries,"No bleeding",Sound,"No bleeding",Sound,"No bleeding",Sound,"No bleeding","Missing other","Not recorded","Missing other","Not recorded",Sound,"No bleeding",Sound,"No bleeding",Sound,"No bleeding",Caries,"No bleeding",Normal,Normal,Normal,Normal,"DMH absent",,,,,,,Unerupted,"Not recorded",,,,,,,,,,,,,,,,,,,,,,,,,,,,,,,,,,,,,,,,Sound,"No bleeding",,,,,,,,,,,,,,Unerupted,"Not recorded",,,,,,,,,,,,,,,Sound,"No bleeding",,Sound,"No bleeding",,,,,,,,,,,,,,Sound,"No bleeding",,,,,,,,,,,,,,,,"Enamel erosion",1,,,,,"No sign",,,,,,,,,,,,,,,,,No,Unchecked,Unchecked,Unchecked,Unchecked,Unchecked,Unchecked,Unchecked,Unchecked,Unchecked,Unchecked,Unchecked,Unchecked,Unchecked,Unchecked,Unchecked,Unchecked,Unchecked,Unchecked,Unchecked,Unchecked,Unchecked,Unchecked,Unchecked,Unchecked,Unchecked,Unchecked,Unchecked,Unchecked,Unchecked,Unchecked,Unchecked,Unchecked,Unchecked,Unchecked,Unchecked,Unchecked,Unchecked,Unchecked,Unchecked,Unchecked,Unchecked,Unchecked,Unchecked,Unchecked,Unchecked,Unchecked,Unchecked,Unchecked,Unchecked,Unchecked,Unchecked,Unchecked,Unchecked,Unchecked,Unchecked,Unchecked,Unchecked,Unchecked,Unchecked,Unchecked,Unchecked,Unchecked,Unchecked,Unchecked,Unchecked,Unchecked,Unchecked,Unchecked,Unchecked,Unchecked,Unchecked,Unchecked,,,,,"Prompt treatment (including scaling) needed",,Complete,Complete
11,Participant,2,,,,,,,,,,,,,,,,,,,,,,,,,,6,4-6,Female,,,,English,,Yes,"2026-09-01 12:23:24",,Vandana,Brijesh,Father,,Signature,,1788245623154.png,,"Akshat ",1788245630881.png,,,28.565791,77.2136495,,"https://www.google.com/maps?q=28.565791,77.2136495",1788245644203.png,,Unchecked,Unchecked,Unchecked,,Toothbrush,Unchecked,Checked,Unchecked,Unchecked,Unchecked,,Fluoridated,Twice,Twice,Yes,Yes,Checked,Unchecked,Unchecked,Unchecked,Unchecked,Unchecked,Unchecked,Unchecked,Unchecked,Unchecked,Unchecked,,"public facility",,,Unchecked,Unchecked,Unchecked,Unchecked,Unchecked,Unchecked,Unchecked,Unchecked,Unchecked,Average,"Mixed dentition",,,Caries,"No bleeding",Sound,"No bleeding","Filled no caries","No bleeding",Sound,"No bleeding",Sound,"No bleeding",Sound,"No bleeding",Sound,"No bleeding",Sound,"No bleeding",Sound,"No bleeding",Sound,"No bleeding",Caries,"No bleeding",Sound,"No bleeding",Sound,"No bleeding",Sound,"No bleeding","Missing other","Not recorded","Missing other","Not recorded",Sound,"No bleeding",Sound,"No bleeding",Sound,"No bleeding",Caries,"No bleeding",Normal,Normal,Normal,Normal,"DMH absent",,,,,,,Sound,"No bleeding",,,,,,,,,,,,,,,,,,,,,,,,,,,,,,,,,,,,,,,,Sound,"No bleeding",,,,,,,,,,,,,,Sound,"No bleeding",,,,,,,,,,,,,,,Sound,"No bleeding",,Sound,"No bleeding",,,,,,,,,,,,,,Sound,"No bleeding",,,,,,,,,,,,,,,,"Enamel erosion",1,,,,,"No sign",,,,,,,,,,,,,,,,,No,Unchecked,Unchecked,Unchecked,Unchecked,Unchecked,Unchecked,Unchecked,Unchecked,Unchecked,Unchecked,Unchecked,Unchecked,Unchecked,Unchecked,Unchecked,Unchecked,Unchecked,Unchecked,Unchecked,Unchecked,Unchecked,Unchecked,Unchecked,Unchecked,Unchecked,Unchecked,Unchecked,Unchecked,Unchecked,Unchecked,Unchecked,Unchecked,Unchecked,Unchecked,Unchecked,Unchecked,Unchecked,Unchecked,Unchecked,Unchecked,Unchecked,Unchecked,Unchecked,Unchecked,Unchecked,Unchecked,Unchecked,Unchecked,Unchecked,Unchecked,Unchecked,Unchecked,Unchecked,Unchecked,Unchecked,Unchecked,Unchecked,Unchecked,Unchecked,Unchecked,Unchecked,Unchecked,Unchecked,Unchecked,Unchecked,Unchecked,Unchecked,Unchecked,Unchecked,Unchecked,Unchecked,Unchecked,,,,,"Prompt treatment (including scaling) needed",,Complete,Complete
12,,,,,,,,,,,,,,,,,,,,,,,,,,Incomplete,,,,,,,,,,,,,,,,,,,,,,,,,,,,,,,,,,,,,,,,,,,,,,,,,,,,,,,,,,,,,,,,,,,,,,,,,,,,,,,,,,,,,,,,,,,,,,,,,,,,,,,,,,,,,,,,,,,,,,,,,,,,,,,,,,,,,,,,,,,,,,,,,,,,,,,,,,,,,,,,,,,,,,,,,,,,,,,,,,,,,,,,,,,,,,,,,,,,,,,,,,,,,,,,,,,,,,,,,,,,,,,,,,,,,,,,,,,,,,,,,,,,,,,,,,,,,,,,,,,,,,,,,,,,,,,,,,,,,,,,,,,,,,,,,,,,,,,,,,,,,,,,,,,,,,,,,,,,,,,,,,,,,,,,,,,,,,,,
12,Participant,1,,,,,,,,,,,,,,,,,,,,,,,,,14,65,65-74,Male,,"Higher Secondary","Protective Service Workers",English,,Yes,"2026-09-01 10:16:41","Virendra kumar ",,,,,Signature,1788239949121.png,,,Sooraj,1788244952845.png,,,28.5657755,77.2130309,,"https://www.google.com/maps?q=28.5657755,77.2130309",,Yes,Unchecked,Checked,Unchecked,No,Toothbrush,Unchecked,Checked,Unchecked,Unchecked,Unchecked,,Fluoridated,Once,"Thrice or more",Yes,Yes,Unchecked,Unchecked,Unchecked,Unchecked,Checked,Unchecked,Unchecked,Unchecked,Unchecked,Unchecked,Unchecked,,"private clinic",,1000,Unchecked,Unchecked,Unchecked,Unchecked,Unchecked,Unchecked,Unchecked,Unchecked,Unchecked,Poor,,,"All teeth / partially edentulous",,,,,,,,,,,,,,,,,,,,,,,,,,,,,,,,,,,,,,,,,,,,,,"Missing due to caries","Not recorded","Not recorded","Coronal caries",Bleeding,"Pocket of 4-5 mm",Sound,"No bleeding","No pocket",Sound,"No bleeding","No pocket",Sound,"No bleeding","No pocket",Normal,Sound,"No bleeding","No pocket",Normal,Sound,"No bleeding","No pocket",Normal,Sound,"No bleeding","No pocket",Normal,Sound,"No bleeding","No pocket",Normal,Sound,"No bleeding","No pocket",Normal,Sound,"No bleeding","No pocket",Normal,Sound,"No bleeding","No pocket",Normal,Sound,"No bleeding","No pocket",Sound,"No bleeding","No pocket","Missing due to caries","Not recorded","Not recorded","Missing due to caries","Not recorded","Not recorded","Missing due to caries","Not recorded","Not recorded","Missing due to caries","Not recorded","Not recorded","Missing due to caries","Not recorded","Not recorded","not recorded",Sound,"No bleeding","No pocket",Sound,"No bleeding","No pocket",Sound,"No bleeding","No pocket",Sound,"No bleeding","No pocket",Sound,"No bleeding","No pocket",Sound,"No bleeding","No pocket",Sound,"No bleeding","No pocket",Sound,"No bleeding","No pocket","Coronal caries","No bleeding","No pocket",Sound,"No bleeding","No pocket","Missing due to caries","Not recorded","Not recorded","not recorded","Missing due to caries","Not recorded","Not recorded","Coronal caries",Bleeding,"No pocket","6-8 mm CEJ between upper limit of black band and 8.5 mm ring","0-3 mm","6-8 mm CEJ between upper limit of black band and 8.5 mm ring","Excluded sextant","0-3 mm","Excluded sextant",Normal,"No sign",,Present,15,Present,24,"No sign",,No,No,Yes,No,,,,,,,,,,,,Yes,Unchecked,Unchecked,Unchecked,Unchecked,Unchecked,Unchecked,Unchecked,Unchecked,Unchecked,Unchecked,Unchecked,Unchecked,Unchecked,Unchecked,Unchecked,Unchecked,Unchecked,Unchecked,Unchecked,Unchecked,Unchecked,Unchecked,Unchecked,Unchecked,Unchecked,Unchecked,Unchecked,Unchecked,Unchecked,Unchecked,Unchecked,Unchecked,Unchecked,Unchecked,Unchecked,Unchecked,Unchecked,Unchecked,Unchecked,Unchecked,Unchecked,Unchecked,Unchecked,Unchecked,Unchecked,Unchecked,Unchecked,Unchecked,Unchecked,Unchecked,Unchecked,Unchecked,Unchecked,Unchecked,Unchecked,Unchecked,Unchecked,Unchecked,Unchecked,Unchecked,Unchecked,Unchecked,Unchecked,Unchecked,Unchecked,Unchecked,Unchecked,Checked,Unchecked,Unchecked,Unchecked,Unchecked,,No,,,"Prompt treatment (including scaling) needed",,Complete,Complete
12,Participant,2,,,,,,,,,,,,,,,,,,,,,,,,,,65,65-74,Male,,"Higher Secondary","Protective Service Workers",English,,Yes,"2026-09-01 12:21:16","Virendra Kumar",,,,,Signature,1788245042988.png,,,Akshat,1788245052052.png,,,28.5657713,77.213645,,"https://www.google.com/maps?q=28.5657713,77.213645",1788245070124.png,Yes,Unchecked,Checked,Unchecked,No,Toothbrush,Unchecked,Checked,Unchecked,Unchecked,Unchecked,,Fluoridated,Once,"Thrice or more",Yes,Yes,Unchecked,Unchecked,Unchecked,Unchecked,Checked,Unchecked,Unchecked,Unchecked,Unchecked,Unchecked,Unchecked,,"private clinic",,1000,Unchecked,Unchecked,Unchecked,Unchecked,Unchecked,Unchecked,Unchecked,Unchecked,Unchecked,Poor,,,"All teeth / partially edentulous",,,,,,,,,,,,,,,,,,,,,,,,,,,,,,,,,,,,,,,,,,,,,,"Missing due to caries","Not recorded","Not recorded","Coronal caries",Bleeding,"Pocket of 4-5 mm",Sound,"No bleeding","No pocket",Sound,"No bleeding","No pocket",Sound,"No bleeding","No pocket",Normal,Sound,"No bleeding","No pocket",Normal,Sound,"No bleeding","No pocket",Normal,Sound,"No bleeding","No pocket",Normal,Sound,"No bleeding","No pocket",Normal,Sound,"No bleeding","No pocket",Normal,Sound,"No bleeding","No pocket",Normal,Sound,"No bleeding","No pocket",Normal,Sound,"No bleeding","No pocket",Sound,"No bleeding","No pocket","Missing due to caries","Not recorded","Not recorded","Missing due to caries","Not recorded","Not recorded","Missing due to caries","Not recorded","Not recorded","Missing due to caries","Not recorded","Not recorded","Missing due to caries","Not recorded","Not recorded","not recorded",Sound,"No bleeding","No pocket",Sound,"No bleeding","No pocket",Sound,"No bleeding","No pocket",Sound,"No bleeding","No pocket",Sound,"No bleeding","No pocket",Sound,"No bleeding","No pocket",Sound,"No bleeding","No pocket",Sound,"No bleeding","No pocket","Coronal caries","No bleeding","No pocket",Sound,"No bleeding","No pocket","Missing due to caries","Not recorded","Not recorded","not recorded","Missing due to caries","Not recorded","Not recorded","Coronal caries",Bleeding,"No pocket","6-8 mm CEJ between upper limit of black band and 8.5 mm ring","0-3 mm","6-8 mm CEJ between upper limit of black band and 8.5 mm ring","Excluded sextant","0-3 mm","Excluded sextant",Normal,"No sign",,Present,15,Present,24,"No sign",,No,No,Yes,No,,,,,,,,,,,,Yes,Unchecked,Unchecked,Unchecked,Unchecked,Unchecked,Unchecked,Unchecked,Unchecked,Unchecked,Unchecked,Unchecked,Unchecked,Unchecked,Unchecked,Unchecked,Unchecked,Unchecked,Unchecked,Unchecked,Unchecked,Unchecked,Unchecked,Unchecked,Unchecked,Unchecked,Unchecked,Unchecked,Unchecked,Unchecked,Unchecked,Unchecked,Unchecked,Unchecked,Unchecked,Unchecked,Unchecked,Unchecked,Unchecked,Unchecked,Unchecked,Unchecked,Unchecked,Unchecked,Unchecked,Unchecked,Unchecked,Unchecked,Unchecked,Unchecked,Unchecked,Unchecked,Unchecked,Unchecked,Unchecked,Unchecked,Unchecked,Unchecked,Unchecked,Unchecked,Unchecked,Unchecked,Unchecked,Unchecked,Unchecked,Unchecked,Unchecked,Unchecked,Checked,Unchecked,Unchecked,Unchecked,Unchecked,,No,,,"Prompt treatment (including scaling) needed",,Complete,Complete
13,,,,,,,,,,,,,,,,,,,,,,,,,,Incomplete,,,,,,,,,,,,,,,,,,,,,,,,,,,,,,,,,,,,,,,,,,,,,,,,,,,,,,,,,,,,,,,,,,,,,,,,,,,,,,,,,,,,,,,,,,,,,,,,,,,,,,,,,,,,,,,,,,,,,,,,,,,,,,,,,,,,,,,,,,,,,,,,,,,,,,,,,,,,,,,,,,,,,,,,,,,,,,,,,,,,,,,,,,,,,,,,,,,,,,,,,,,,,,,,,,,,,,,,,,,,,,,,,,,,,,,,,,,,,,,,,,,,,,,,,,,,,,,,,,,,,,,,,,,,,,,,,,,,,,,,,,,,,,,,,,,,,,,,,,,,,,,,,,,,,,,,,,,,,,,,,,,,,,,,,,,,,,,,
13,Participant,1,,,,,,,,,,,,,,,,,,,,,,,,,14,12,12-15,Male,,,,"हिन्दी (Hindi)",Yes,Yes,"2026-09-01 11:09:42",Shaurya,,"Satender kumar",Father,,Signature,1788242629848.png,1788242670613.png,,Sooraj,1788242693545.png,,,28.5657755,77.2130309,,"https://www.google.com/maps?q=28.5657755,77.2130309",1788242700331.png,No,Unchecked,Unchecked,Unchecked,,Toothbrush,Unchecked,Checked,Unchecked,Unchecked,Unchecked,,Fluoridated,Once,"Thrice or more",Yes,Yes,Unchecked,Unchecked,Unchecked,Unchecked,Unchecked,Unchecked,Checked,Unchecked,Unchecked,Unchecked,Unchecked,,"public facility",,,Unchecked,Unchecked,Unchecked,Unchecked,Unchecked,Unchecked,Unchecked,Unchecked,Unchecked,Good,,"Mixed dentition",,Sound,"No bleeding","Not recorded","Not recorded","Not recorded","Not recorded",,,,,,,,,"Not recorded","Not recorded","Not recorded","Not recorded",Sound,"No bleeding",Sound,"No bleeding","Not recorded","Not recorded","Not recorded","Not recorded",,,,,,,,,Sound,"No bleeding",Sound,"No bleeding",Sound,"No bleeding",,,,,,,,,"Not recorded","Not recorded",,Sound,"No bleeding",,Sound,"No bleeding",,Sound,"Not recorded",,Normal,Sound,"No bleeding",,Normal,Sound,"No bleeding",,Normal,Sound,"No bleeding",,Normal,Sound,"No bleeding",,Normal,Sound,"No bleeding",,Normal,Sound,"No bleeding",,Normal,Sound,"No bleeding",,Normal,Unerupted,"Not recorded",,Sound,"No bleeding",,"Not recorded","Not recorded",,,,,,,,"Not recorded","Not recorded",,Sound,"No bleeding",,Normal,Unerupted,"Not recorded",,Sound,"No bleeding",,Sound,"No bleeding",,Sound,"No bleeding",,Sound,"No bleeding",,Sound,"No bleeding",,Sound,"No bleeding",,Sound,"No bleeding",,Sound,"No bleeding",,Unerupted,"Not recorded",,Sound,"No bleeding",,Normal,"Not recorded","Not recorded",,,,,,,,,,,Normal,"No sign",,,,,,"No sign",,,,,,2,2,"No crowding","Spacing present- Upper",2,0,0,3,0,"Half cusp",0,No,Unchecked,Unchecked,Unchecked,Unchecked,Unchecked,Unchecked,Unchecked,Unchecked,Unchecked,Unchecked,Unchecked,Unchecked,Unchecked,Unchecked,Unchecked,Unchecked,Unchecked,Unchecked,Unchecked,Unchecked,Unchecked,Unchecked,Unchecked,Unchecked,Unchecked,Unchecked,Unchecked,Unchecked,Unchecked,Unchecked,Unchecked,Unchecked,Unchecked,Unchecked,Unchecked,Unchecked,Unchecked,Unchecked,Unchecked,Unchecked,Unchecked,Unchecked,Unchecked,Unchecked,Unchecked,Unchecked,Unchecked,Unchecked,Unchecked,Unchecked,Unchecked,Unchecked,Unchecked,Unchecked,Unchecked,Unchecked,Unchecked,Unchecked,Unchecked,Unchecked,Unchecked,Unchecked,Unchecked,Unchecked,Unchecked,Unchecked,Unchecked,Unchecked,Unchecked,Unchecked,Unchecked,Unchecked,,,,,"Preventive or routine treatment needed",,Complete,Complete
13,Participant,2,,,,,,,,,,,,,,,,,,,,,,,,,,12,12-15,Male,,,,"हिन्दी (Hindi)",Yes,Yes,"2026-09-01 12:39:27","Shaurya ",,"Satender kumar",Father,,Signature,1788246593839.png,,,"Akshat ",1788246603879.png,,,28.5657605,77.2136453,,"https://www.google.com/maps?q=28.5657605,77.2136453",1788246615836.png,No,Unchecked,Unchecked,Unchecked,,Toothbrush,Unchecked,Checked,Unchecked,Unchecked,Unchecked,,Fluoridated,Once,"Thrice or more",Yes,Yes,Unchecked,Unchecked,Unchecked,Unchecked,Unchecked,Unchecked,Checked,Unchecked,Unchecked,Unchecked,Unchecked,,"public facility",,,Unchecked,Unchecked,Unchecked,Unchecked,Unchecked,Unchecked,Unchecked,Unchecked,Unchecked,Good,,"Mixed dentition",,Sound,"No bleeding","Not recorded","Not recorded","Not recorded","Not recorded",,,,,,,,,"Not recorded","Not recorded","Not recorded","Not recorded",Sound,"No bleeding",Sound,"No bleeding","Not recorded","Not recorded","Not recorded","Not recorded",,,,,,,,,Sound,"No bleeding",Sound,"No bleeding",Sound,"No bleeding",,,,,,,,,"Not recorded","Not recorded",,Sound,"No bleeding",,Sound,"No bleeding",,Sound,"No bleeding",,Normal,Sound,"No bleeding",,Normal,Sound,"No bleeding",,Normal,Sound,"No bleeding",,Normal,Sound,"No bleeding",,Normal,Sound,"No bleeding",,Normal,Sound,"No bleeding",,Normal,Sound,"No bleeding",,Normal,Unerupted,"Not recorded",,Sound,"No bleeding",,"Not recorded","Not recorded",,,,,,,,"Not recorded","Not recorded",,Sound,"No bleeding",,Normal,Unerupted,"Not recorded",,Sound,"No bleeding",,Sound,"No bleeding",,Sound,"No bleeding",,Sound,"No bleeding",,Sound,"No bleeding",,Sound,"No bleeding",,Sound,"No bleeding",,Sound,"No bleeding",,Unerupted,"Not recorded",,Sound,"No bleeding",,Normal,"Not recorded","Not recorded",,,,,,,,,,,Normal,"No sign",,,,,,"No sign",,,,,,2,2,"No crowding","Spacing present- Upper",2,0,0,3,0,"Half cusp",0,No,Unchecked,Unchecked,Unchecked,Unchecked,Unchecked,Unchecked,Unchecked,Unchecked,Unchecked,Unchecked,Unchecked,Unchecked,Unchecked,Unchecked,Unchecked,Unchecked,Unchecked,Unchecked,Unchecked,Unchecked,Unchecked,Unchecked,Unchecked,Unchecked,Unchecked,Unchecked,Unchecked,Unchecked,Unchecked,Unchecked,Unchecked,Unchecked,Unchecked,Unchecked,Unchecked,Unchecked,Unchecked,Unchecked,Unchecked,Unchecked,Unchecked,Unchecked,Unchecked,Unchecked,Unchecked,Unchecked,Unchecked,Unchecked,Unchecked,Unchecked,Unchecked,Unchecked,Unchecked,Unchecked,Unchecked,Unchecked,Unchecked,Unchecked,Unchecked,Unchecked,Unchecked,Unchecked,Unchecked,Unchecked,Unchecked,Unchecked,Unchecked,Unchecked,Unchecked,Unchecked,Unchecked,Unchecked,,,,,"Preventive or routine treatment needed",,Complete,Complete
14,,,,,,,,,,,,,,,,,,,,,,,,,,Incomplete,,,,,,,,,,,,,,,,,,,,,,,,,,,,,,,,,,,,,,,,,,,,,,,,,,,,,,,,,,,,,,,,,,,,,,,,,,,,,,,,,,,,,,,,,,,,,,,,,,,,,,,,,,,,,,,,,,,,,,,,,,,,,,,,,,,,,,,,,,,,,,,,,,,,,,,,,,,,,,,,,,,,,,,,,,,,,,,,,,,,,,,,,,,,,,,,,,,,,,,,,,,,,,,,,,,,,,,,,,,,,,,,,,,,,,,,,,,,,,,,,,,,,,,,,,,,,,,,,,,,,,,,,,,,,,,,,,,,,,,,,,,,,,,,,,,,,,,,,,,,,,,,,,,,,,,,,,,,,,,,,,,,,,,,,,,,,,,,
14,Participant,1,,,,,,,,,,,,,,,,,,,,,,,,,15,65,65-74,Male,,"Higher Secondary","Protective Service Workers","हिन्दी (Hindi)",,Yes,"2026-09-01 10:17:42","Birendra Kumar",,,,,Signature,1788238110698.png,,,Raj,1788238122834.png,,,28.5643414,77.2130309,,"https://www.google.com/maps?q=28.5643414,77.2130309",1788238132414.png,Yes,Unchecked,Checked,Unchecked,No,Toothbrush,Unchecked,Checked,Unchecked,Unchecked,Unchecked,,Fluoridated,Once,"Thrice or more",No,Yes,Unchecked,Unchecked,Unchecked,Unchecked,Checked,Unchecked,Unchecked,Unchecked,Unchecked,Unchecked,Unchecked,,"private clinic",,1000,Unchecked,Unchecked,Unchecked,Unchecked,Unchecked,Unchecked,Unchecked,Unchecked,Unchecked,Poor,,,"All teeth / partially edentulous",,,,,,,,,,,,,,,,,,,,,,,,,,,,,,,,,,,,,,,,,,,,,,"Missing due to caries","Not recorded","Not recorded","Coronal caries","No bleeding","No pocket",Sound,"No bleeding","No pocket",Sound,"No bleeding","No pocket",Sound,"No bleeding","No pocket",Normal,Sound,"No bleeding","No pocket",Normal,Sound,"No bleeding","No pocket",Normal,Sound,"No bleeding","No pocket",Normal,Sound,"No bleeding","No pocket",Normal,Sound,"No bleeding","No pocket",Normal,Sound,"No bleeding","No pocket",Normal,Sound,"No bleeding","No pocket",Normal,Sound,"No bleeding","No pocket",Sound,"No bleeding","Pocket of 4-5 mm","Coronal caries","No bleeding","No pocket","Missing due to caries","Not recorded","Not recorded","Missing due to caries","Not recorded","Not recorded","Missing due to caries","Not recorded","Not recorded","Missing due to caries","Not recorded","Not recorded","not recorded",Sound,"No bleeding","No pocket",Sound,"No bleeding","No pocket",Sound,"No bleeding","No pocket",Sound,"No bleeding","No pocket",Sound,"No bleeding","No pocket",Sound,"No bleeding","No pocket",Sound,"No bleeding","No pocket",Sound,"No bleeding","No pocket","Coronal caries","No bleeding","No pocket",Sound,"No bleeding","No pocket","Missing due to caries","Not recorded","Not recorded","not recorded","Missing due to caries","Not recorded","Not recorded","Coronal caries","No bleeding","No pocket","6-8 mm CEJ between upper limit of black band and 8.5 mm ring","0-3 mm","6-8 mm CEJ between upper limit of black band and 8.5 mm ring","Excluded sextant",,"Excluded sextant",Normal,"No sign",,Present,15,Present,24,"No sign",,No,No,Yes,No,,,,,,,,,,,,Yes,Unchecked,Unchecked,Unchecked,Unchecked,Unchecked,Unchecked,Unchecked,Unchecked,Unchecked,Unchecked,Unchecked,Unchecked,Unchecked,Unchecked,Unchecked,Unchecked,Unchecked,Unchecked,Unchecked,Unchecked,Unchecked,Unchecked,Unchecked,Unchecked,Unchecked,Unchecked,Unchecked,Unchecked,Unchecked,Unchecked,Unchecked,Unchecked,Unchecked,Unchecked,Unchecked,Unchecked,Unchecked,Unchecked,Unchecked,Unchecked,Unchecked,Unchecked,Unchecked,Unchecked,Unchecked,Unchecked,Unchecked,Unchecked,Unchecked,Unchecked,Unchecked,Unchecked,Unchecked,Unchecked,Unchecked,Unchecked,Unchecked,Unchecked,Unchecked,Unchecked,Unchecked,Unchecked,Unchecked,Unchecked,Unchecked,Unchecked,Unchecked,Checked,Unchecked,Unchecked,Unchecked,Unchecked,,No,,,"Prompt treatment (including scaling) needed",,Complete,Complete
14,Participant,2,,,,,,,,,,,,,,,,,,,,,,,,,,65,65-74,Male,,"Higher Secondary","Protective Service Workers",English,,Yes,"2026-09-01 11:58:56","Birender Kumar",,,,,Signature,1788244173297.png,,,Raj,1788244184524.png,,,28.5657786,77.2136456,,"https://www.google.com/maps?q=28.5657786,77.2136456",1788244200425.png,Yes,Unchecked,Checked,Unchecked,No,Toothbrush,Unchecked,Checked,Unchecked,Unchecked,Unchecked,,Fluoridated,Once,"Thrice or more",Yes,Yes,Unchecked,Unchecked,Unchecked,Unchecked,Checked,Unchecked,Unchecked,Unchecked,Unchecked,Unchecked,Unchecked,,"private clinic",,1000,Unchecked,Unchecked,Unchecked,Unchecked,Unchecked,Unchecked,Unchecked,Unchecked,Unchecked,Poor,,,"All teeth / partially edentulous",,,,,,,,,,,,,,,,,,,,,,,,,,,,,,,,,,,,,,,,,,,,,,"Missing due to caries","Not recorded","Not recorded","Coronal caries",Bleeding,"Pocket of 4-5 mm",Sound,"No bleeding","No pocket",Sound,"No bleeding","No pocket",Sound,"No bleeding","No pocket",Normal,Sound,"No bleeding","No pocket",Normal,Sound,"No bleeding","No pocket",Normal,Sound,"No bleeding","No pocket",Normal,Sound,"No bleeding","No pocket",Normal,Sound,"No bleeding","No pocket",Normal,Sound,"No bleeding","No pocket",Normal,Sound,"No bleeding","No pocket",Normal,Sound,"No bleeding","No pocket",Sound,"No bleeding","No pocket","Missing due to caries","Not recorded","Not recorded","Missing due to caries","Not recorded","Not recorded","Missing due to caries","Not recorded","Not recorded","Missing due to caries","Not recorded","Not recorded","Missing due to caries","Not recorded","Not recorded",Normal,Sound,"No bleeding","No pocket",Sound,"No bleeding","No pocket",Sound,"No bleeding","No pocket",Sound,"No bleeding","No pocket",Sound,"No bleeding","No pocket",Sound,"No bleeding","No pocket",Sound,"No bleeding","No pocket",Sound,"No bleeding","No pocket","Coronal caries","No bleeding","No pocket",Sound,"No bleeding","No pocket","Missing due to caries","Not recorded","Not recorded","not recorded","Missing due to caries","Not recorded","Not recorded","Coronal caries",Bleeding,"No pocket","6-8 mm CEJ between upper limit of black band and 8.5 mm ring","0-3 mm","6-8 mm CEJ between upper limit of black band and 8.5 mm ring","Excluded sextant","0-3 mm","Excluded sextant",Normal,"No sign",,Present,15,Present,24,"No sign",,No,No,Yes,No,,,,,,,,,,,,Yes,Unchecked,Unchecked,Unchecked,Unchecked,Unchecked,Unchecked,Unchecked,Unchecked,Unchecked,Unchecked,Unchecked,Unchecked,Unchecked,Unchecked,Unchecked,Unchecked,Unchecked,Unchecked,Unchecked,Unchecked,Unchecked,Unchecked,Unchecked,Unchecked,Unchecked,Unchecked,Unchecked,Unchecked,Unchecked,Unchecked,Unchecked,Unchecked,Unchecked,Unchecked,Unchecked,Unchecked,Unchecked,Unchecked,Unchecked,Unchecked,Unchecked,Unchecked,Unchecked,Unchecked,Unchecked,Unchecked,Unchecked,Unchecked,Unchecked,Unchecked,Unchecked,Unchecked,Unchecked,Unchecked,Unchecked,Unchecked,Unchecked,Unchecked,Unchecked,Unchecked,Unchecked,Unchecked,Unchecked,Unchecked,Unchecked,Unchecked,Unchecked,Checked,Unchecked,Unchecked,Unchecked,Unchecked,,No,,,"Prompt treatment (including scaling) needed",,Complete,Complete
15,,,,,,,,,,,,,,,,,,,,,,,,,,Incomplete,,,,,,,,,,,,,,,,,,,,,,,,,,,,,,,,,,,,,,,,,,,,,,,,,,,,,,,,,,,,,,,,,,,,,,,,,,,,,,,,,,,,,,,,,,,,,,,,,,,,,,,,,,,,,,,,,,,,,,,,,,,,,,,,,,,,,,,,,,,,,,,,,,,,,,,,,,,,,,,,,,,,,,,,,,,,,,,,,,,,,,,,,,,,,,,,,,,,,,,,,,,,,,,,,,,,,,,,,,,,,,,,,,,,,,,,,,,,,,,,,,,,,,,,,,,,,,,,,,,,,,,,,,,,,,,,,,,,,,,,,,,,,,,,,,,,,,,,,,,,,,,,,,,,,,,,,,,,,,,,,,,,,,,,,,,,,,,,
15,Participant,1,,,,,,,,,,,,,,,,,,,,,,,,,15,6,4-6,Female,,,,English,,Yes,"2026-09-01 09:38:04",,Vandna,Brijesh,Father,,Signature,,1788235731759.png,,Jagvir,1788235745987.png,,,28.5653195,77.2126911,,"https://www.google.com/maps?q=28.5653195,77.2126911",1788235760548.png,,Unchecked,Unchecked,Unchecked,,Toothbrush,Unchecked,Checked,Unchecked,Unchecked,Unchecked,,Fluoridated,Twice,Twice,Yes,Yes,Checked,Unchecked,Unchecked,Unchecked,Unchecked,Unchecked,Unchecked,Unchecked,Unchecked,Unchecked,Unchecked,,"public facility",,,Unchecked,Unchecked,Unchecked,Unchecked,Unchecked,Unchecked,Unchecked,Unchecked,Unchecked,Average,"Mixed dentition",,,Caries,"No bleeding",Sound,"No bleeding",Sound,"No bleeding",Sound,"No bleeding",Sound,"No bleeding",Sound,"No bleeding",Sound,"No bleeding",Sound,"No bleeding",Sound,"No bleeding",Caries,"No bleeding",Caries,"No bleeding",Sound,"No bleeding","Filled no caries","No bleeding",Sound,"No bleeding","Missing other","Not recorded","Missing other","Not recorded",Sound,"No bleeding",Sound,"No bleeding",Sound,"No bleeding",Caries,"No bleeding",Normal,Normal,Normal,Normal,"DMH absent",,,,,,,Unerupted,"Not recorded",,,,,,,,,,,,,,,,,,,,,,,,,,,,,,,,,,,,,,,,Sound,"No bleeding",,,,,,,,,,,,,,Unerupted,"Not recorded",,,,,,,,,,,,,,,Unerupted,"No bleeding",,Sound,"No bleeding",,,,,,,,,,,,,,Sound,"No bleeding",,,,,,,,,,,,,,,,"Enamel erosion",1,,,,,"No sign",,,,,,,,,,,,,,,,,No,Unchecked,Unchecked,Unchecked,Unchecked,Unchecked,Unchecked,Unchecked,Unchecked,Unchecked,Unchecked,Unchecked,Unchecked,Unchecked,Unchecked,Unchecked,Unchecked,Unchecked,Unchecked,Unchecked,Unchecked,Unchecked,Unchecked,Unchecked,Unchecked,Unchecked,Unchecked,Unchecked,Unchecked,Unchecked,Unchecked,Unchecked,Unchecked,Unchecked,Unchecked,Unchecked,Unchecked,Unchecked,Unchecked,Unchecked,Unchecked,Unchecked,Unchecked,Unchecked,Unchecked,Unchecked,Unchecked,Unchecked,Unchecked,Unchecked,Unchecked,Unchecked,Unchecked,Unchecked,Unchecked,Unchecked,Unchecked,Unchecked,Unchecked,Unchecked,Unchecked,Unchecked,Unchecked,Unchecked,Unchecked,Unchecked,Unchecked,Unchecked,Unchecked,Unchecked,Unchecked,Unchecked,Unchecked,,,,,"Prompt treatment (including scaling) needed",,Complete,Complete
15,Participant,2,,,,,,,,,,,,,,,,,,,,,,,,,,6,4-6,Female,,,,English,,Yes,"2026-09-01 12:23:24",,Vandana,Brijesh,Father,,Signature,,1788245636719.png,,,,,,28.5657786,77.2136456,,"https://www.google.com/maps?q=28.5657786,77.2136456",1788245646775.png,,Unchecked,Unchecked,Unchecked,,Toothbrush,Unchecked,Checked,Unchecked,Unchecked,Unchecked,,Fluoridated,Twice,Twice,Yes,Yes,Checked,Unchecked,Unchecked,Unchecked,Unchecked,Unchecked,Unchecked,Unchecked,Unchecked,Unchecked,Unchecked,,"public facility",,,Unchecked,Unchecked,Unchecked,Unchecked,Unchecked,Unchecked,Unchecked,Unchecked,Unchecked,Average,"Mixed dentition",,,Caries,"No bleeding",Sound,"No bleeding","Filled no caries","No bleeding",Sound,"No bleeding",Sound,"No bleeding",Sound,"No bleeding",Sound,"No bleeding",Sound,"No bleeding",Sound,"No bleeding",Sound,"No bleeding",Caries,"No bleeding",Sound,"No bleeding",Sound,"No bleeding",Sound,"No bleeding","Missing other","Not recorded","Missing other","Not recorded",Sound,"No bleeding",Sound,"No bleeding",Sound,"No bleeding",Caries,"No bleeding",Normal,Normal,Normal,Normal,"DMH absent",,,,,,,Sound,"No bleeding",,,,,,,,,,,,,,,,,,,,,,,,,,,,,,,,,,,,,,,,Sound,"No bleeding",,,,,,,,,,,,,,Sound,"No bleeding",,,,,,,,,,,,,,,Sound,"No bleeding",,Sound,"No bleeding",,,,,,,,,,,,,,Sound,"No bleeding",,,,,,,,,,,,,,,,"No sign",,,,,,"No sign",,,,,,,,,,,,,,,,,No,Unchecked,Unchecked,Unchecked,Unchecked,Unchecked,Unchecked,Unchecked,Unchecked,Unchecked,Unchecked,Unchecked,Unchecked,Unchecked,Unchecked,Unchecked,Unchecked,Unchecked,Unchecked,Unchecked,Unchecked,Unchecked,Unchecked,Unchecked,Unchecked,Unchecked,Unchecked,Unchecked,Unchecked,Unchecked,Unchecked,Unchecked,Unchecked,Unchecked,Unchecked,Unchecked,Unchecked,Unchecked,Unchecked,Unchecked,Unchecked,Unchecked,Unchecked,Unchecked,Unchecked,Unchecked,Unchecked,Unchecked,Unchecked,Unchecked,Unchecked,Unchecked,Unchecked,Unchecked,Unchecked,Unchecked,Unchecked,Unchecked,Unchecked,Unchecked,Unchecked,Unchecked,Unchecked,Unchecked,Unchecked,Unchecked,Unchecked,Unchecked,Unchecked,Unchecked,Unchecked,Unchecked,Unchecked,,,,,"Prompt treatment (including scaling) needed",,Complete,Complete
16,,,,,,,,,,,,,,,,,,,,,,,,,,Incomplete,,,,,,,,,,,,,,,,,,,,,,,,,,,,,,,,,,,,,,,,,,,,,,,,,,,,,,,,,,,,,,,,,,,,,,,,,,,,,,,,,,,,,,,,,,,,,,,,,,,,,,,,,,,,,,,,,,,,,,,,,,,,,,,,,,,,,,,,,,,,,,,,,,,,,,,,,,,,,,,,,,,,,,,,,,,,,,,,,,,,,,,,,,,,,,,,,,,,,,,,,,,,,,,,,,,,,,,,,,,,,,,,,,,,,,,,,,,,,,,,,,,,,,,,,,,,,,,,,,,,,,,,,,,,,,,,,,,,,,,,,,,,,,,,,,,,,,,,,,,,,,,,,,,,,,,,,,,,,,,,,,,,,,,,,,,,,,,,
16,Participant,1,,,,,,,,,,,,,,,,,,,,,,,,,15,12,12-15,Male,,,,"हिन्दी (Hindi)",Yes,Yes,"2026-09-01 11:08:24","Saurya Yadav",,"Satender Kumar",Father,,Signature,1788241181074.png,1788241198041.png,,,,,,28.5643414,77.2130309,,"https://www.google.com/maps?q=28.5643414,77.2130309",1788241205859.png,No,Unchecked,Unchecked,Unchecked,,Toothbrush,Unchecked,Checked,Unchecked,Unchecked,Unchecked,,Fluoridated,Once,"Thrice or more",Yes,Yes,Unchecked,Unchecked,Unchecked,Unchecked,Unchecked,Unchecked,Checked,Unchecked,Unchecked,Unchecked,Unchecked,,"public facility",,,Unchecked,Unchecked,Unchecked,Unchecked,Unchecked,Unchecked,Unchecked,Unchecked,Unchecked,Good,,"Mixed dentition",,Sound,"No bleeding","Not recorded","Not recorded","Not recorded","Not recorded",,,,,,,,,"Not recorded","Not recorded","Not recorded","Not recorded",Sound,"No bleeding",Sound,"No bleeding","Not recorded","Not recorded","Not recorded","Not recorded",,,,,,,,,Sound,"No bleeding",Sound,"No bleeding",Sound,"No bleeding",,,,,,,,,"Not recorded","Not recorded",,Sound,"No bleeding",,Sound,"No bleeding",,Sound,"No bleeding",,Normal,Sound,"No bleeding",,Normal,Sound,"No bleeding",,Normal,Sound,"No bleeding",,Normal,Sound,"No bleeding",,Normal,Sound,"No bleeding",,Normal,Sound,"No bleeding",,Normal,Sound,"No bleeding",,Normal,Unerupted,"Not recorded",,Sound,"No bleeding",,"Not recorded","Not recorded",,,,,,,,"Not recorded","Not recorded",,Sound,"No bleeding",,Normal,Unerupted,"Not recorded",,Sound,"No bleeding",,Sound,"No bleeding",,Sound,"No bleeding",,Sound,"No bleeding",,Sound,"No bleeding",,Sound,"No bleeding",,Sound,"No bleeding",,Sound,"No bleeding",,Unerupted,"Not recorded",,Sound,"No bleeding",,Normal,"Not recorded","Not recorded",,,,,,,,,,,Normal,"No sign",,,,,,"No sign",,,,,,2,2,"No crowding","Spacing present- Upper",2,0,0,3,0,"Half cusp",0,No,Unchecked,Unchecked,Unchecked,Unchecked,Unchecked,Unchecked,Unchecked,Unchecked,Unchecked,Unchecked,Unchecked,Unchecked,Unchecked,Unchecked,Unchecked,Unchecked,Unchecked,Unchecked,Unchecked,Unchecked,Unchecked,Unchecked,Unchecked,Unchecked,Unchecked,Unchecked,Unchecked,Unchecked,Unchecked,Unchecked,Unchecked,Unchecked,Unchecked,Unchecked,Unchecked,Unchecked,Unchecked,Unchecked,Unchecked,Unchecked,Unchecked,Unchecked,Unchecked,Unchecked,Unchecked,Unchecked,Unchecked,Unchecked,Unchecked,Unchecked,Unchecked,Unchecked,Unchecked,Unchecked,Unchecked,Unchecked,Unchecked,Unchecked,Unchecked,Unchecked,Unchecked,Unchecked,Unchecked,Unchecked,Unchecked,Unchecked,Unchecked,Unchecked,Unchecked,Unchecked,Unchecked,Unchecked,,,,,"Preventive or routine treatment needed",,Complete,Complete
16,Participant,3,,,,,,,,,,,,,,,,,,,,,,,,,,12,12-15,Male,,,,English,Yes,Yes,"2026-09-01 12:48:14","Saurya yadav",,"Satendra Kumar",Father,,Signature,1788247145814.png,,,Raj,1788247171416.png,,,28.5657814,77.2136405,,"https://www.google.com/maps?q=28.5657814,77.2136405",1788247182689.png,No,Unchecked,Unchecked,Unchecked,,Toothbrush,Unchecked,Checked,Unchecked,Unchecked,Unchecked,,Fluoridated,Once,"Thrice or more",Yes,Yes,Unchecked,Unchecked,Unchecked,Unchecked,Unchecked,Unchecked,Checked,Unchecked,Unchecked,Unchecked,Unchecked,,"public facility",,,Unchecked,Unchecked,Unchecked,Unchecked,Unchecked,Unchecked,Unchecked,Unchecked,Unchecked,Good,,"Mixed dentition",,Sound,"No bleeding","Not recorded","Not recorded","Not recorded","Not recorded",,,,,,,,,"Not recorded","Not recorded","Not recorded","Not recorded",Sound,"No bleeding",Sound,"No bleeding","Not recorded","Not recorded","Not recorded","Not recorded",,,,,,,,,Sound,"No bleeding",Sound,"No bleeding",Sound,"No bleeding",,,,,,,,,"Not recorded","Not recorded",,Sound,"No bleeding",,Sound,"No bleeding",,Sound,"No bleeding",,Normal,Sound,"No bleeding",,Normal,Sound,"No bleeding",,Normal,Sound,"No bleeding",,Normal,Sound,"No bleeding",,Normal,Sound,"No bleeding",,Normal,Sound,"No bleeding",,Normal,Sound,"No bleeding",,Normal,Unerupted,"Not recorded",,Sound,"No bleeding",,"Not recorded","Not recorded",,,,,,,,"Not recorded","Not recorded",,Sound,"No bleeding",,Normal,Unerupted,"Not recorded",,Sound,"No bleeding",,Sound,"No bleeding",,Sound,"No bleeding",,Sound,"No bleeding",,Sound,"No bleeding",,Sound,"No bleeding",,Sound,"No bleeding",,Sound,"No bleeding",,Unerupted,"Not recorded",,Sound,"No bleeding",,Normal,"Not recorded","Not recorded",,,,,,,,,,,Normal,"No sign",,,,,,"No sign",,,,,,2,2,"No crowding","Spacing present- Upper",2,0,0,3,0,"Half cusp",0,No,Unchecked,Unchecked,Unchecked,Unchecked,Unchecked,Unchecked,Unchecked,Unchecked,Unchecked,Unchecked,Unchecked,Unchecked,Unchecked,Unchecked,Unchecked,Unchecked,Unchecked,Unchecked,Unchecked,Unchecked,Unchecked,Unchecked,Unchecked,Unchecked,Unchecked,Unchecked,Unchecked,Unchecked,Unchecked,Unchecked,Unchecked,Unchecked,Unchecked,Unchecked,Unchecked,Unchecked,Unchecked,Unchecked,Unchecked,Unchecked,Unchecked,Unchecked,Unchecked,Unchecked,Unchecked,Unchecked,Unchecked,Unchecked,Unchecked,Unchecked,Unchecked,Unchecked,Unchecked,Unchecked,Unchecked,Unchecked,Unchecked,Unchecked,Unchecked,Unchecked,Unchecked,Unchecked,Unchecked,Unchecked,Unchecked,Unchecked,Unchecked,Unchecked,Unchecked,Unchecked,Unchecked,Unchecked,,,,,"Preventive or routine treatment needed",,Complete,Complete
17,,,,1,"Willing to participate",,"Piped water",Yes,Yes,Yes,Yes,Yes,Yes,Yes,Yes,Yes,Yes,Yes,Yes,No,No,No,RCC/Concrete/Cement,"LPG/Natural gas/Electricity","Pit latrine/Flush toilet",Complete,,,,,,,,,,,,,,,,,,,,,,,,,,,,,,,,,,,,,,,,,,,,,,,,,,,,,,,,,,,,,,,,,,,,,,,,,,,,,,,,,,,,,,,,,,,,,,,,,,,,,,,,,,,,,,,,,,,,,,,,,,,,,,,,,,,,,,,,,,,,,,,,,,,,,,,,,,,,,,,,,,,,,,,,,,,,,,,,,,,,,,,,,,,,,,,,,,,,,,,,,,,,,,,,,,,,,,,,,,,,,,,,,,,,,,,,,,,,,,,,,,,,,,,,,,,,,,,,,,,,,,,,,,,,,,,,,,,,,,,,,,,,,,,,,,,,,,,,,,,,,,,,,,,,,,,,,,,,,,,,,,,,,,,,,,,,,,,,
17,Participant,1,,,,,,,,,,,,,,,,,,,,,,,,,13,6,4-6,Male,,,,English,,Yes,"2026-09-01 14:20:07",,"Asarat ali",Dilshad,Father,,Signature,,1788252656155.png,,Manish,1788252667798.png,,,28.5658028,77.2129679,,"https://www.google.com/maps?q=28.5658028,77.2129679",1788252675934.png,,Unchecked,Unchecked,Unchecked,,Toothbrush,Unchecked,Checked,Unchecked,Unchecked,Unchecked,,Non-fluoridated,Twice,Once,Yes,Yes,Checked,Checked,Unchecked,Checked,Unchecked,Unchecked,Unchecked,Unchecked,Unchecked,Unchecked,Unchecked,,"public facility",,,Unchecked,Unchecked,Unchecked,Unchecked,Unchecked,Unchecked,Unchecked,Unchecked,Unchecked,Average,"Mixed dentition",,,Sound,"No bleeding",Sound,"No bleeding",Sound,"No bleeding",Sound,"No bleeding",Caries,"No bleeding",Caries,"No bleeding",Caries,"No bleeding",Sound,"No bleeding",Sound,"No bleeding",Sound,"No bleeding",Sound,"No bleeding",Sound,"No bleeding","Not recorded","Not recorded",Sound,"Not recorded","Not recorded","Not recorded","Not recorded","Not recorded",Sound,"No bleeding",Sound,"No bleeding",Caries,"No bleeding",Sound,"No bleeding",Normal,Normal,Normal,Normal,"DMH absent",,,,,,,Sound,"No bleeding",,,,,,,,,,,,,,,,,,,,,,,,,,,,,,,,,,,,,,,,"Coronal caries","No bleeding",,,,,,,,,,,,,,Sound,"No bleeding",,,,,,,,,,,,,,,Sound,"No bleeding",,Sound,"No bleeding",,,,,,,,,,,,,,Sound,"No bleeding",,,,,,,,,,,,,,,,"No sign",,,,,,"No sign",,,,,,,,,,,,,,,,,No,Unchecked,Unchecked,Unchecked,Unchecked,Unchecked,Unchecked,Unchecked,Unchecked,Unchecked,Unchecked,Unchecked,Unchecked,Unchecked,Unchecked,Unchecked,Unchecked,Unchecked,Unchecked,Unchecked,Unchecked,Unchecked,Unchecked,Unchecked,Unchecked,Unchecked,Unchecked,Unchecked,Unchecked,Unchecked,Unchecked,Unchecked,Unchecked,Unchecked,Unchecked,Unchecked,Unchecked,Unchecked,Unchecked,Unchecked,Unchecked,Unchecked,Unchecked,Unchecked,Unchecked,Unchecked,Unchecked,Unchecked,Unchecked,Unchecked,Unchecked,Unchecked,Unchecked,Unchecked,Unchecked,Unchecked,Unchecked,Unchecked,Unchecked,Unchecked,Unchecked,Unchecked,Unchecked,Unchecked,Unchecked,Unchecked,Unchecked,Unchecked,Unchecked,Unchecked,Unchecked,Unchecked,Unchecked,,,,,"Preventive or routine treatment needed",,Complete,Complete
17,Participant,2,,,,,,,,,,,,,,,,,,,,,,,,,,5,4-6,Male,,,,English,,Yes,"2026-09-01 15:09:14",,"Asarat Ali","Dilshad Ali",Father,,Signature,,1788255582798.png,,Manish,1788255594137.png,,,28.5657141,77.2135365,,"https://www.google.com/maps?q=28.5657141,77.2135365",1788255601117.png,,Unchecked,Unchecked,Unchecked,,Toothbrush,Unchecked,Checked,Unchecked,Unchecked,Unchecked,,unknown,Twice,"Thrice or more",Yes,Yes,Checked,Checked,Unchecked,Checked,Unchecked,Unchecked,Unchecked,Unchecked,Unchecked,Unchecked,Unchecked,,"public facility",,,Unchecked,Unchecked,Unchecked,Unchecked,Unchecked,Unchecked,Unchecked,Unchecked,Unchecked,Average,"Mixed dentition",,,Sound,"No bleeding",Sound,"No bleeding",Sound,"No bleeding",Caries,"No bleeding",Caries,"No bleeding",Caries,"No bleeding",Caries,"No bleeding",Sound,"No bleeding",Sound,"No bleeding",Sound,"No bleeding",Sound,"No bleeding","Filled with caries","No bleeding",Sound,"No bleeding","Not recorded","Not recorded","Not recorded","Not recorded","Not recorded","Not recorded",Sound,"No bleeding",Sound,"No bleeding",Caries,"No bleeding",Sound,"No bleeding",Normal,Normal,Normal,Normal,"DMH absent",,,,,,,Sound,"No bleeding",,,,,,,,,,,,,,,,,,,,,,,,,,,,,,,,,,,,,,,,"Coronal caries","No bleeding",,,,,,,,,,,,,,Sound,"No bleeding",,,,,,,,,,,,,,,Sound,"No bleeding",,Sound,"No bleeding",,,,,,,,,,,,,,Sound,"No bleeding",,,,,,,,,,,,,,,,"No sign",,,,,,"No sign",,,,,,,,,,,,,,,,,No,Unchecked,Unchecked,Unchecked,Unchecked,Unchecked,Unchecked,Unchecked,Unchecked,Unchecked,Unchecked,Unchecked,Unchecked,Unchecked,Unchecked,Unchecked,Unchecked,Unchecked,Unchecked,Unchecked,Unchecked,Unchecked,Unchecked,Unchecked,Unchecked,Unchecked,Unchecked,Unchecked,Unchecked,Unchecked,Unchecked,Unchecked,Unchecked,Unchecked,Unchecked,Unchecked,Unchecked,Unchecked,Unchecked,Unchecked,Unchecked,Unchecked,Unchecked,Unchecked,Unchecked,Unchecked,Unchecked,Unchecked,Unchecked,Unchecked,Unchecked,Unchecked,Unchecked,Unchecked,Unchecked,Unchecked,Unchecked,Unchecked,Unchecked,Unchecked,Unchecked,Unchecked,Unchecked,Unchecked,Unchecked,Unchecked,Unchecked,Unchecked,Unchecked,Unchecked,Unchecked,Unchecked,Unchecked,,,,,"Preventive or routine treatment needed",,Complete,Complete
18,,,,1,"Willing to participate",,"Piped water",Yes,Yes,Yes,Yes,Yes,Yes,Yes,Yes,Yes,Yes,Yes,No,No,No,No,RCC/Concrete/Cement,"LPG/Natural gas/Electricity","Pit latrine/Flush toilet",Complete,,,,,,,,,,,,,,,,,,,,,,,,,,,,,,,,,,,,,,,,,,,,,,,,,,,,,,,,,,,,,,,,,,,,,,,,,,,,,,,,,,,,,,,,,,,,,,,,,,,,,,,,,,,,,,,,,,,,,,,,,,,,,,,,,,,,,,,,,,,,,,,,,,,,,,,,,,,,,,,,,,,,,,,,,,,,,,,,,,,,,,,,,,,,,,,,,,,,,,,,,,,,,,,,,,,,,,,,,,,,,,,,,,,,,,,,,,,,,,,,,,,,,,,,,,,,,,,,,,,,,,,,,,,,,,,,,,,,,,,,,,,,,,,,,,,,,,,,,,,,,,,,,,,,,,,,,,,,,,,,,,,,,,,,,,,,,,,,
18,Participant,1,,,,,,,,,,,,,,,,,,,,,,,,,13,35,35-44,Male,,"Graduate or higher","Administrative, Executive And Managerial Workers, N.E.C.",English,,Yes,"2026-09-01 14:33:57","Dilshad ali",,,,,Signature,1788254234670.png,,,Manish,1788254255804.png,,,28.5656499,77.2129429,,"https://www.google.com/maps?q=28.5656499,77.2129429",1788254852243.png,No,Unchecked,Unchecked,Unchecked,No,Toothbrush,Unchecked,Checked,Unchecked,Unchecked,Unchecked,,unknown,Twice,Twice,No,No,Unchecked,Unchecked,Unchecked,Unchecked,Unchecked,Unchecked,Unchecked,Unchecked,Unchecked,Unchecked,Unchecked,,,,,Unchecked,Unchecked,Unchecked,Unchecked,Unchecked,Unchecked,Unchecked,Checked,Unchecked,Good,,,,,,,,,,,,,,,,,,,,,,,,,,,,,,,,,,,,,,,,,,,,,,,,,Sound,"No bleeding","No pocket",Sound,"No bleeding","No pocket",Sound,"No bleeding","No pocket",Sound,"No bleeding","No pocket",Sound,"No bleeding","No pocket","diffuse opacity",Sound,"No bleeding","No pocket","diffuse opacity",Sound,"No bleeding","No pocket","diffuse opacity",Sound,"No bleeding","No pocket",Normal,Sound,"No bleeding","No pocket",Normal,Sound,"No bleeding","No pocket","diffuse opacity",Sound,"No bleeding","No pocket","diffuse opacity",Sound,"No bleeding","No pocket","diffuse opacity",Sound,"No bleeding","No pocket",Sound,"No bleeding","No pocket",Sound,"No bleeding","No pocket",Sound,"No bleeding","No pocket",Sound,"No bleeding","No pocket",Sound,"No bleeding","No pocket",Sound,"No bleeding","No pocket",Normal,Sound,"No bleeding","No pocket",Sound,"No bleeding","No pocket",Sound,"No bleeding","No pocket",Sound,"No bleeding","No pocket",Sound,"No bleeding","No pocket",Sound,"No bleeding","No pocket",Sound,"No bleeding","No pocket",Sound,"No bleeding","No pocket",Sound,"No bleeding","No pocket",Sound,"No bleeding","No pocket",Sound,"No bleeding","No pocket","diffuse opacity",Sound,"No bleeding","No pocket",Sound,"No bleeding","No pocket","0-3 mm","0-3 mm","0-3 mm","0-3 mm","0-3 mm","0-3 mm",Mild,"No sign",,Absent,0,Present,8,"No sign",,No,No,No,No,0,0,"No crowding","No spacing",0,0,0,0.5,0,"Full cusp",0,No,Unchecked,Unchecked,Unchecked,Unchecked,Unchecked,Unchecked,Unchecked,Unchecked,Unchecked,Unchecked,Unchecked,Unchecked,Unchecked,Unchecked,Unchecked,Unchecked,Unchecked,Unchecked,Unchecked,Unchecked,Unchecked,Unchecked,Unchecked,Unchecked,Unchecked,Unchecked,Unchecked,Unchecked,Unchecked,Unchecked,Unchecked,Unchecked,Unchecked,Unchecked,Unchecked,Unchecked,Unchecked,Unchecked,Unchecked,Unchecked,Unchecked,Unchecked,Unchecked,Unchecked,Unchecked,Unchecked,Unchecked,Unchecked,Unchecked,Unchecked,Unchecked,Unchecked,Unchecked,Unchecked,Unchecked,Unchecked,Unchecked,Unchecked,Unchecked,Unchecked,Unchecked,Unchecked,Unchecked,Unchecked,Unchecked,Unchecked,Unchecked,Unchecked,Unchecked,Unchecked,Unchecked,Unchecked,,No,,,"Prompt treatment (including scaling) needed",,Complete,Complete
18,Participant,2,,,,,,,,,,,,,,,,,,,,,,,,,,35,35-44,Male,,"Graduate or higher","Administrative, Executive And Managerial Workers, N.E.C.",English,,Yes,"2026-09-01 15:20:33","Dilshad ali",,,,,Signature,1788256248280.png,,,Manish,1788256256471.png,,,28.5657103,77.2135201,,"https://www.google.com/maps?q=28.5657103,77.2135201",1788256262228.png,No,Unchecked,Unchecked,Unchecked,No,Toothbrush,Unchecked,Checked,Unchecked,Unchecked,Unchecked,,unknown,Twice,Twice,No,No,Unchecked,Unchecked,Unchecked,Unchecked,Unchecked,Unchecked,Unchecked,Unchecked,Unchecked,Unchecked,Unchecked,,,,,Unchecked,Unchecked,Unchecked,Unchecked,Unchecked,Unchecked,Unchecked,Checked,Unchecked,Good,,,,,,,,,,,,,,,,,,,,,,,,,,,,,,,,,,,,,,,,,,,,,,,,,Sound,"No bleeding","No pocket",Sound,"No bleeding","No pocket",Sound,"No bleeding","No pocket",Sound,"No bleeding","No pocket",Sound,"No bleeding","No pocket","diffuse opacity",Sound,"No bleeding","No pocket","diffuse opacity",Sound,"No bleeding","No pocket","diffuse opacity",Sound,"No bleeding","No pocket",Normal,Sound,"No bleeding","No pocket",Normal,Sound,"No bleeding","No pocket","diffuse opacity",Sound,"No bleeding","No pocket",Normal,Sound,"No bleeding","No pocket","diffuse opacity",Sound,"No bleeding","No pocket",Sound,"No bleeding","No pocket",Sound,"No bleeding","No pocket",Sound,"No bleeding","No pocket",Sound,"No bleeding","No pocket",Sound,"No bleeding","No pocket",Sound,"No bleeding","No pocket",Normal,Sound,"No bleeding","No pocket",Sound,"No bleeding","No pocket",Sound,"No bleeding","No pocket",Sound,"No bleeding","No pocket",Sound,"No bleeding","No pocket",Sound,"No bleeding","No pocket",Sound,"No bleeding","No pocket",Sound,"No bleeding","No pocket",Sound,"No bleeding","No pocket",Sound,"No bleeding","No pocket",Sound,"No bleeding","No pocket","diffuse opacity",Sound,"No bleeding","No pocket",Sound,"No bleeding","No pocket","0-3 mm","0-3 mm","0-3 mm","0-3 mm","0-3 mm","0-3 mm",Normal,"No sign",,Absent,,Present,9,"No sign",,No,No,No,No,0,0,"No crowding","No spacing",0,0,0,1,0,"Full cusp",0,No,Unchecked,Unchecked,Unchecked,Unchecked,Unchecked,Unchecked,Unchecked,Unchecked,Unchecked,Unchecked,Unchecked,Unchecked,Unchecked,Unchecked,Unchecked,Unchecked,Unchecked,Unchecked,Unchecked,Unchecked,Unchecked,Unchecked,Unchecked,Unchecked,Unchecked,Unchecked,Unchecked,Unchecked,Unchecked,Unchecked,Unchecked,Unchecked,Unchecked,Unchecked,Unchecked,Unchecked,Unchecked,Unchecked,Unchecked,Unchecked,Unchecked,Unchecked,Unchecked,Unchecked,Unchecked,Unchecked,Unchecked,Unchecked,Unchecked,Unchecked,Unchecked,Unchecked,Unchecked,Unchecked,Unchecked,Unchecked,Unchecked,Unchecked,Unchecked,Unchecked,Unchecked,Unchecked,Unchecked,Unchecked,Unchecked,Unchecked,Unchecked,Unchecked,Unchecked,Unchecked,Unchecked,Unchecked,,No,,,"Prompt treatment (including scaling) needed",,Complete,Complete
19,,,,1,"Willing to participate",,"Piped water",Yes,Yes,Yes,Yes,Yes,Yes,Yes,Yes,Yes,Yes,Yes,Yes,No,No,No,RCC/Concrete/Cement,"LPG/Natural gas/Electricity","Pit latrine/Flush toilet",Complete,,,,,,,,,,,,,,,,,,,,,,,,,,,,,,,,,,,,,,,,,,,,,,,,,,,,,,,,,,,,,,,,,,,,,,,,,,,,,,,,,,,,,,,,,,,,,,,,,,,,,,,,,,,,,,,,,,,,,,,,,,,,,,,,,,,,,,,,,,,,,,,,,,,,,,,,,,,,,,,,,,,,,,,,,,,,,,,,,,,,,,,,,,,,,,,,,,,,,,,,,,,,,,,,,,,,,,,,,,,,,,,,,,,,,,,,,,,,,,,,,,,,,,,,,,,,,,,,,,,,,,,,,,,,,,,,,,,,,,,,,,,,,,,,,,,,,,,,,,,,,,,,,,,,,,,,,,,,,,,,,,,,,,,,,,,,,,,,
19,Participant,1,,,,,,,,,,,,,,,,,,,,,,,,,12,5,4-6,Male,,,,English,,Yes,"2026-09-01 14:20:14",,"Asarat ali",Dilshad,Father,,Signature,,1788252662622.png,,Manish,1788253914519.png,,,28.5657755,77.2130309,,"https://www.google.com/maps?q=28.5657755,77.2130309",1788253332892.png,,Unchecked,Unchecked,Unchecked,,Toothbrush,Unchecked,Checked,Unchecked,Unchecked,Unchecked,,unknown,Twice,"Thrice or more",Yes,Yes,Checked,Checked,Unchecked,Checked,Unchecked,Unchecked,Unchecked,Unchecked,Unchecked,Unchecked,Unchecked,,"public facility",,,Unchecked,Unchecked,Unchecked,Unchecked,Unchecked,Unchecked,Unchecked,Unchecked,Unchecked,Average,"Mixed dentition",,,Sound,"No bleeding",Sound,"No bleeding",Sound,"No bleeding",Caries,"No bleeding",Caries,"No bleeding",Caries,"No bleeding",Caries,"No bleeding",Sound,"No bleeding",Sound,"No bleeding",Sound,"No bleeding",Sound,"No bleeding","Filled with caries","No bleeding",Sound,"No bleeding","Not recorded","Not recorded","Not recorded","Not recorded","Not recorded","Not recorded",Sound,"No bleeding",Sound,"No bleeding",Caries,"No bleeding",Sound,"No bleeding",Normal,Normal,Normal,Normal,"DMH absent",,,,,,,Sound,"No bleeding",,,,,,,,,,,,,,,,,,,,,,,,,,,,,,,,,,,,,,,,"Coronal caries","No bleeding",,,,,,,,,,,,,,Sound,"No bleeding",,,,,,,,,,,,,,,Sound,"No bleeding",,Sound,"No bleeding",,,,,,,,,,,,,,Sound,"No bleeding",,,,,,,,,,,,,,,,"No sign",,,,,,"No sign",,,,,,,,,,,,,,,,,No,Unchecked,Unchecked,Unchecked,Unchecked,Unchecked,Unchecked,Unchecked,Unchecked,Unchecked,Unchecked,Unchecked,Unchecked,Unchecked,Unchecked,Unchecked,Unchecked,Unchecked,Unchecked,Unchecked,Unchecked,Unchecked,Unchecked,Unchecked,Unchecked,Unchecked,Unchecked,Unchecked,Unchecked,Unchecked,Unchecked,Unchecked,Unchecked,Unchecked,Unchecked,Unchecked,Unchecked,Unchecked,Unchecked,Unchecked,Unchecked,Unchecked,Unchecked,Unchecked,Unchecked,Unchecked,Unchecked,Unchecked,Unchecked,Unchecked,Unchecked,Unchecked,Unchecked,Unchecked,Unchecked,Unchecked,Unchecked,Unchecked,Unchecked,Unchecked,Unchecked,Unchecked,Unchecked,Unchecked,Unchecked,Unchecked,Unchecked,Unchecked,Unchecked,Unchecked,Unchecked,Unchecked,Unchecked,,,,,"Preventive or routine treatment needed",,Complete,Complete
19,Participant,2,,,,,,,,,,,,,,,,,,,,,,,,,,5,4-6,Male,,,,English,,Yes,"2026-09-01 15:16:41",,"Asarat ali",Dilshad,Father,,Signature,,1788256030625.png,,Manish,1788256039374.png,,,28.5657179,77.2135411,,"https://www.google.com/maps?q=28.5657179,77.2135411",1788256045802.png,,Unchecked,Unchecked,Unchecked,,Toothbrush,Unchecked,Checked,Unchecked,Unchecked,Unchecked,,unknown,Twice,"Thrice or more",Yes,Yes,Checked,Checked,Unchecked,Checked,Unchecked,Unchecked,Unchecked,Unchecked,Unchecked,Unchecked,Unchecked,,"public facility",,,Unchecked,Unchecked,Unchecked,Unchecked,Unchecked,Unchecked,Unchecked,Unchecked,Unchecked,Average,"Mixed dentition",,,Sound,"No bleeding",Sound,"No bleeding",Sound,"No bleeding",Caries,"No bleeding",Caries,"No bleeding",Caries,"No bleeding",Caries,"No bleeding",Sound,"No bleeding",Sound,"No bleeding",Sound,"No bleeding",Sound,"No bleeding","Filled with caries","No bleeding",Sound,"No bleeding","Not recorded","Not recorded","Not recorded","Not recorded","Not recorded","Not recorded",Sound,"No bleeding",Sound,"No bleeding",Caries,"No bleeding",Sound,"No bleeding",Normal,Normal,Normal,Normal,"DMH absent",,,,,,,Sound,"No bleeding",,,,,,,,,,,,,,,,,,,,,,,,,,,,,,,,,,,,,,,,"Coronal caries","No bleeding",,,,,,,,,,,,,,Sound,"No bleeding",,,,,,,,,,,,,,,Sound,"No bleeding",,Sound,"No bleeding",,,,,,,,,,,,,,Sound,"No bleeding",,,,,,,,,,,,,,,,"No sign",,,,,,"No sign",,,,,,,,,,,,,,,,,No,Unchecked,Unchecked,Unchecked,Unchecked,Unchecked,Unchecked,Unchecked,Unchecked,Unchecked,Unchecked,Unchecked,Unchecked,Unchecked,Unchecked,Unchecked,Unchecked,Unchecked,Unchecked,Unchecked,Unchecked,Unchecked,Unchecked,Unchecked,Unchecked,Unchecked,Unchecked,Unchecked,Unchecked,Unchecked,Unchecked,Unchecked,Unchecked,Unchecked,Unchecked,Unchecked,Unchecked,Unchecked,Unchecked,Unchecked,Unchecked,Unchecked,Unchecked,Unchecked,Unchecked,Unchecked,Unchecked,Unchecked,Unchecked,Unchecked,Unchecked,Unchecked,Unchecked,Unchecked,Unchecked,Unchecked,Unchecked,Unchecked,Unchecked,Unchecked,Unchecked,Unchecked,Unchecked,Unchecked,Unchecked,Unchecked,Unchecked,Unchecked,Unchecked,Unchecked,Unchecked,Unchecked,Unchecked,,,,,"Preventive or routine treatment needed",,Complete,Complete
20,,,,1,"Willing to participate",,"Piped water",Yes,Yes,Yes,Yes,Yes,Yes,Yes,Yes,Yes,Yes,Yes,Yes,No,No,No,RCC/Concrete/Cement,"LPG/Natural gas/Electricity","Pit latrine/Flush toilet",Complete,,,,,,,,,,,,,,,,,,,,,,,,,,,,,,,,,,,,,,,,,,,,,,,,,,,,,,,,,,,,,,,,,,,,,,,,,,,,,,,,,,,,,,,,,,,,,,,,,,,,,,,,,,,,,,,,,,,,,,,,,,,,,,,,,,,,,,,,,,,,,,,,,,,,,,,,,,,,,,,,,,,,,,,,,,,,,,,,,,,,,,,,,,,,,,,,,,,,,,,,,,,,,,,,,,,,,,,,,,,,,,,,,,,,,,,,,,,,,,,,,,,,,,,,,,,,,,,,,,,,,,,,,,,,,,,,,,,,,,,,,,,,,,,,,,,,,,,,,,,,,,,,,,,,,,,,,,,,,,,,,,,,,,,,,,,,,,,,
20,Participant,1,,,,,,,,,,,,,,,,,,,,,,,,,12,35,35-44,Male,,"Graduate or higher","Administrative, Executive And Managerial Workers, N.E.C.",English,,Yes,"2026-09-01 14:57:06","Dilshad ali",,,,,Signature,1788254848341.png,,,Manish,1788255502584.png,,,28.565715,77.2135094,,"https://www.google.com/maps?q=28.565715,77.2135094",1788254855411.png,No,Unchecked,Unchecked,Unchecked,No,Toothbrush,Unchecked,Checked,Unchecked,Unchecked,Unchecked,,unknown,Twice,Twice,No,No,Unchecked,Unchecked,Unchecked,Unchecked,Unchecked,Unchecked,Unchecked,Unchecked,Unchecked,Unchecked,Unchecked,,,,,Unchecked,Unchecked,Unchecked,Unchecked,Unchecked,Unchecked,Unchecked,Checked,Unchecked,Good,,,,,,,,,,,,,,,,,,,,,,,,,,,,,,,,,,,,,,,,,,,,,,,,,Sound,"No bleeding","No pocket",Sound,"No bleeding","No pocket",Sound,"No bleeding","No pocket",Sound,"No bleeding","No pocket",Sound,"No bleeding","No pocket","demarcated opacity",Sound,"No bleeding","No pocket","diffuse opacity",Sound,"No bleeding","No pocket","diffuse opacity",Sound,"No bleeding","No pocket",Normal,Sound,"No bleeding","No pocket",Normal,Sound,"No bleeding","No pocket","diffuse opacity",Sound,"No bleeding","No pocket","diffuse opacity",Sound,"No bleeding","No pocket","diffuse opacity",Sound,"No bleeding","No pocket",Sound,"No bleeding","No pocket",Sound,"No bleeding","No pocket",Sound,"No bleeding","No pocket",Sound,"No bleeding","No pocket",Sound,"No bleeding","No pocket",Sound,"No bleeding","No pocket",Normal,Sound,"No bleeding","No pocket",Sound,"No bleeding","No pocket",Sound,"No bleeding","No pocket",Sound,"No bleeding","No pocket",Sound,"No bleeding","No pocket",Sound,"No bleeding","No pocket",Sound,"No bleeding","No pocket",Sound,"No bleeding","No pocket",Sound,"No bleeding","No pocket",Sound,"No bleeding","No pocket",Sound,"No bleeding","No pocket","diffuse opacity",Sound,"No bleeding","No pocket",Sound,"No bleeding","No pocket","0-3 mm","0-3 mm","0-3 mm","0-3 mm","0-3 mm","0-3 mm",Normal,"No sign",,Absent,,Present,10,"No sign",,No,No,No,No,0,0,"No crowding","No spacing",0,0,0,1,0,"Full cusp",0,No,Unchecked,Unchecked,Unchecked,Unchecked,Unchecked,Unchecked,Unchecked,Unchecked,Unchecked,Unchecked,Unchecked,Unchecked,Unchecked,Unchecked,Unchecked,Unchecked,Unchecked,Unchecked,Unchecked,Unchecked,Unchecked,Unchecked,Unchecked,Unchecked,Unchecked,Unchecked,Unchecked,Unchecked,Unchecked,Unchecked,Unchecked,Unchecked,Unchecked,Unchecked,Unchecked,Unchecked,Unchecked,Unchecked,Unchecked,Unchecked,Unchecked,Unchecked,Unchecked,Unchecked,Unchecked,Unchecked,Unchecked,Unchecked,Unchecked,Unchecked,Unchecked,Unchecked,Unchecked,Unchecked,Unchecked,Unchecked,Unchecked,Unchecked,Unchecked,Unchecked,Unchecked,Unchecked,Unchecked,Unchecked,Unchecked,Unchecked,Unchecked,Unchecked,Unchecked,Unchecked,Unchecked,Unchecked,,No,,,"Prompt treatment (including scaling) needed",,Complete,Complete
20,Participant,2,,,,,,,,,,,,,,,,,,,,,,,,,,35,35-44,Male,,"Graduate or higher","Administrative, Executive And Managerial Workers, N.E.C.",English,,Yes,"2026-09-01 15:25:55","Dilshad ali",,,,,Signature,1788256568558.png,,,Manish,1788256581475.png,,,28.5657084,77.2135211,,"https://www.google.com/maps?q=28.5657084,77.2135211",1788256590033.png,No,Unchecked,Unchecked,Unchecked,No,Toothbrush,Unchecked,Checked,Unchecked,Unchecked,Unchecked,,unknown,Twice,Twice,No,No,Unchecked,Unchecked,Unchecked,Unchecked,Unchecked,Unchecked,Unchecked,Unchecked,Unchecked,Unchecked,Unchecked,,,,,Unchecked,Unchecked,Unchecked,Unchecked,Unchecked,Unchecked,Unchecked,Checked,Unchecked,Good,,,,,,,,,,,,,,,,,,,,,,,,,,,,,,,,,,,,,,,,,,,,,,,,,Sound,"No bleeding","No pocket",Sound,"No bleeding","No pocket",Sound,"No bleeding","No pocket",Sound,"No bleeding","No pocket",Sound,"No bleeding","No pocket","diffuse opacity",Sound,"No bleeding","No pocket","diffuse opacity",Sound,"No bleeding","No pocket","diffuse opacity",Sound,"No bleeding","No pocket",Normal,Sound,"No bleeding","No pocket",Normal,Sound,"No bleeding","No pocket","diffuse opacity",Sound,"No bleeding","No pocket",Normal,Sound,"No bleeding","No pocket","diffuse opacity",Sound,"No bleeding","No pocket",Sound,"No bleeding","No pocket",Sound,"No bleeding","No pocket",Sound,"No bleeding","No pocket",Sound,"No bleeding","No pocket",Sound,"No bleeding","No pocket",Sound,"No bleeding","No pocket",Normal,Sound,"No bleeding","No pocket",Sound,"No bleeding","No pocket",Sound,"No bleeding","No pocket",Sound,"No bleeding","No pocket",Sound,Bleeding,"No pocket",Sound,"No bleeding","No pocket",Sound,"No bleeding","No pocket",Sound,"No bleeding","No pocket",Sound,"No bleeding","No pocket",Sound,"No bleeding","No pocket",Sound,"No bleeding","No pocket","diffuse opacity",Sound,"No bleeding","No pocket",Sound,"No bleeding","No pocket","0-3 mm","0-3 mm","0-3 mm","0-3 mm","0-3 mm","0-3 mm",Normal,"No sign",,Absent,,Present,9,"No sign",,No,No,No,No,0,0,"No crowding","No spacing",0,0,0,1,0,"Full cusp",0,No,Unchecked,Unchecked,Unchecked,Unchecked,Unchecked,Unchecked,Unchecked,Unchecked,Unchecked,Unchecked,Unchecked,Unchecked,Unchecked,Unchecked,Unchecked,Unchecked,Unchecked,Unchecked,Unchecked,Unchecked,Unchecked,Unchecked,Unchecked,Unchecked,Unchecked,Unchecked,Unchecked,Unchecked,Unchecked,Unchecked,Unchecked,Unchecked,Unchecked,Unchecked,Unchecked,Unchecked,Unchecked,Unchecked,Unchecked,Unchecked,Unchecked,Unchecked,Unchecked,Unchecked,Unchecked,Unchecked,Unchecked,Unchecked,Unchecked,Unchecked,Unchecked,Unchecked,Unchecked,Unchecked,Unchecked,Unchecked,Unchecked,Unchecked,Unchecked,Unchecked,Unchecked,Unchecked,Unchecked,Unchecked,Unchecked,Unchecked,Unchecked,Unchecked,Unchecked,Unchecked,Unchecked,Unchecked,,No,,,"Prompt treatment (including scaling) needed",,Complete,Complete
21,,,,1,"Willing to participate",,"Piped water",Yes,Yes,Yes,Yes,Yes,Yes,Yes,Yes,Yes,Yes,Yes,Yes,No,No,No,RCC/Concrete/Cement,"LPG/Natural gas/Electricity","Pit latrine/Flush toilet",Complete,,,,,,,,,,,,,,,,,,,,,,,,,,,,,,,,,,,,,,,,,,,,,,,,,,,,,,,,,,,,,,,,,,,,,,,,,,,,,,,,,,,,,,,,,,,,,,,,,,,,,,,,,,,,,,,,,,,,,,,,,,,,,,,,,,,,,,,,,,,,,,,,,,,,,,,,,,,,,,,,,,,,,,,,,,,,,,,,,,,,,,,,,,,,,,,,,,,,,,,,,,,,,,,,,,,,,,,,,,,,,,,,,,,,,,,,,,,,,,,,,,,,,,,,,,,,,,,,,,,,,,,,,,,,,,,,,,,,,,,,,,,,,,,,,,,,,,,,,,,,,,,,,,,,,,,,,,,,,,,,,,,,,,,,,,,,,,,,
21,Participant,1,,,,,,,,,,,,,,,,,,,,,,,,,12,15,12-15,Male,,,,English,Yes,Yes,"2026-09-02 10:03:52","Mohmmad sannaullah",,"Md. Ameen",Father,,Signature,1788324564460.png,,,Ritik,1788324289737.png,,,,,,"https://www.google.com/maps?q=,",1788324571997.png,No,Unchecked,Unchecked,Unchecked,,Toothbrush,Unchecked,Checked,Unchecked,Unchecked,Unchecked,,unknown,Twice,Once,Yes,Yes,Checked,Unchecked,Unchecked,Unchecked,Unchecked,Unchecked,Unchecked,Unchecked,Unchecked,Checked,Unchecked,,"public facility",,,Unchecked,Unchecked,Unchecked,Unchecked,Unchecked,Unchecked,Unchecked,Unchecked,Unchecked,Good,,"Permanent only",,,,,,,,,,,,,,,,,,,,,,,,,,,,,,,,,,,,,,,,,,,,,,,,,,Sound,"No bleeding",,Sound,"No bleeding",,Sound,"No bleeding",,Sound,"No bleeding",,Normal,Sound,"No bleeding",,Normal,Sound,"No bleeding",,Normal,Sound,"No bleeding",,Normal,Sound,"No bleeding",,Normal,Sound,"No bleeding",,Normal,Sound,"No bleeding",,Normal,Sound,"No bleeding",,Normal,Sound,"No bleeding",,Sound,"No bleeding",,Sound,"No bleeding",,,,,,,,Sound,"No bleeding",,"Coronal caries","No bleeding",,Normal,Sound,"No bleeding",,Sound,"No bleeding",,Sound,"No bleeding",,Sound,"No bleeding",,Sound,"No bleeding",,Sound,"No bleeding",,Sound,"No bleeding",,Sound,"No bleeding",,Sound,"No bleeding",,Sound,"No bleeding",,"Missing due to caries","Not recorded",,"not recorded",Sound,"No bleeding",,,,,,,,,,,Normal,"No sign",,,,,,"No sign",,,,,,0,0,"Crowding present- Upper","No spacing",0,2,0,2,0.5,Normal,0,No,Unchecked,Unchecked,Unchecked,Unchecked,Unchecked,Unchecked,Unchecked,Unchecked,Unchecked,Unchecked,Unchecked,Unchecked,Unchecked,Unchecked,Unchecked,Unchecked,Unchecked,Unchecked,Unchecked,Unchecked,Unchecked,Unchecked,Unchecked,Unchecked,Unchecked,Unchecked,Unchecked,Unchecked,Unchecked,Unchecked,Unchecked,Unchecked,Unchecked,Unchecked,Unchecked,Unchecked,Unchecked,Unchecked,Unchecked,Unchecked,Unchecked,Unchecked,Unchecked,Unchecked,Unchecked,Unchecked,Unchecked,Unchecked,Unchecked,Unchecked,Unchecked,Unchecked,Unchecked,Unchecked,Unchecked,Unchecked,Unchecked,Unchecked,Unchecked,Unchecked,Unchecked,Unchecked,Unchecked,Unchecked,Unchecked,Unchecked,Unchecked,Unchecked,Unchecked,Unchecked,Unchecked,Unchecked,,,,,"Immediate (urgent) treatment due to pain or infection of dental and / or oral origin",,Complete,Complete
21,Participant,2,,,,,,,,,,,,,,,,,,,,,,,,,,15,12-15,Male,,,,English,Yes,Yes,"2026-09-02 10:52:01","Md Sannaulla",,"Md Ameen",Father,,Signature,1788326566560.png,1788326571029.png,,Manish,1788326580024.png,,,,,,"https://www.google.com/maps?q=,",1788326585107.png,No,Unchecked,Unchecked,Unchecked,,Toothbrush,Unchecked,Checked,Unchecked,Unchecked,Unchecked,,unknown,Twice,Once,Yes,Yes,Checked,Unchecked,Unchecked,Unchecked,Checked,Unchecked,Unchecked,Unchecked,Unchecked,Checked,Unchecked,,"public facility",,,Unchecked,Unchecked,Unchecked,Unchecked,Unchecked,Unchecked,Unchecked,Unchecked,Unchecked,Poor,,"Permanent only",,,,,,,,,,,,,,,,,,,,,,,,,,,,,,,,,,,,,,,,,,,,,,,,,,Sound,"No bleeding",,Sound,"No bleeding",,Sound,"No bleeding",,Sound,"No bleeding",,Normal,Sound,"No bleeding",,Normal,Sound,Bleeding,,Normal,Sound,"No bleeding",,Normal,Sound,"No bleeding",,Normal,Sound,"No bleeding",,Normal,Sound,"No bleeding",,Normal,Sound,"No bleeding",,Normal,Sound,"No bleeding",,Sound,"No bleeding",,Sound,"No bleeding",,,,,,,,Sound,"No bleeding",,"Coronal caries","No bleeding",,Normal,Sound,"No bleeding",,Sound,"No bleeding",,Sound,"No bleeding",,Sound,"No bleeding",,Sound,"No bleeding",,Sound,"No bleeding",,Sound,"No bleeding",,Sound,"No bleeding",,Sound,"No bleeding",,Sound,"No bleeding",,"Missing due to caries","Not recorded",,"not recorded",Sound,"No bleeding",,,,,,,,,,,Normal,"No sign",,,,,,"No sign",,,,,,0,0,"Crowding present- Upper","No spacing",0,2,0.5,2,0.5,Normal,0,No,Unchecked,Unchecked,Unchecked,Unchecked,Unchecked,Unchecked,Unchecked,Unchecked,Unchecked,Unchecked,Unchecked,Unchecked,Unchecked,Unchecked,Unchecked,Unchecked,Unchecked,Unchecked,Unchecked,Unchecked,Unchecked,Unchecked,Unchecked,Unchecked,Unchecked,Unchecked,Unchecked,Unchecked,Unchecked,Unchecked,Unchecked,Unchecked,Unchecked,Unchecked,Unchecked,Unchecked,Unchecked,Unchecked,Unchecked,Unchecked,Unchecked,Unchecked,Unchecked,Unchecked,Unchecked,Unchecked,Unchecked,Unchecked,Unchecked,Unchecked,Unchecked,Unchecked,Unchecked,Unchecked,Unchecked,Unchecked,Unchecked,Unchecked,Unchecked,Unchecked,Unchecked,Unchecked,Unchecked,Unchecked,Unchecked,Unchecked,Unchecked,Unchecked,Unchecked,Unchecked,Unchecked,Unchecked,,,,,"Immediate (urgent) treatment due to pain or infection of dental and / or oral origin",,Complete,Complete
22,,,,2,"Willing to participate",,"Piped water",Yes,Yes,Yes,Yes,No,No,No,Yes,No,Yes,No,No,No,No,No,RCC/Concrete/Cement,"LPG/Natural gas/Electricity","Pit latrine/Flush toilet",Complete,,,,,,,,,,,,,,,,,,,,,,,,,,,,,,,,,,,,,,,,,,,,,,,,,,,,,,,,,,,,,,,,,,,,,,,,,,,,,,,,,,,,,,,,,,,,,,,,,,,,,,,,,,,,,,,,,,,,,,,,,,,,,,,,,,,,,,,,,,,,,,,,,,,,,,,,,,,,,,,,,,,,,,,,,,,,,,,,,,,,,,,,,,,,,,,,,,,,,,,,,,,,,,,,,,,,,,,,,,,,,,,,,,,,,,,,,,,,,,,,,,,,,,,,,,,,,,,,,,,,,,,,,,,,,,,,,,,,,,,,,,,,,,,,,,,,,,,,,,,,,,,,,,,,,,,,,,,,,,,,,,,,,,,,,,,,,,,,
22,Participant,1,,,,,,,,,,,,,,,,,,,,,,,,,13,15,12-15,Male,,,,English,Yes,Yes,"2026-09-02 10:05:47","Md Sanaulla",,"Md Amin",Father,,Signature,1788324298287.png,1788324316974.png,,Akhilesh,1788324837996.png,,,28.5657173,77.21304,,,1788324843728.png,No,Unchecked,Unchecked,Unchecked,,Toothbrush,Unchecked,Checked,Unchecked,Unchecked,Unchecked,,unknown,Twice,Twice,Yes,Yes,Checked,Unchecked,Unchecked,Unchecked,Checked,Unchecked,Unchecked,Unchecked,Unchecked,Checked,Unchecked,,"public facility",,,Unchecked,Unchecked,Unchecked,Unchecked,Unchecked,Unchecked,Unchecked,Unchecked,Unchecked,Poor,,"Permanent only",,,,,,,,,,,,,,,,,,,,,,,,,,,,,,,,,,,,,,,,,,,,,,,,,,Sound,"No bleeding",,Sound,"No bleeding",,Sound,"No bleeding",,Sound,"No bleeding",,Normal,Sound,"No bleeding",,Normal,Sound,"No bleeding",,"other defects",Sound,"No bleeding",,Normal,Sound,"No bleeding",,"other defects",Sound,"No bleeding",,Normal,Sound,"No bleeding",,Normal,Sound,"No bleeding",,Normal,Sound,"No bleeding",,Sound,"No bleeding",,Sound,"No bleeding",,,,,,,,Sound,"No bleeding",,"Coronal caries","No bleeding",,Normal,Sound,"No bleeding",,Sound,"No bleeding",,Sound,"No bleeding",,Sound,"No bleeding",,Sound,"No bleeding",,Sound,"No bleeding",,Sound,"No bleeding",,Sound,"No bleeding",,Sound,"No bleeding",,Sound,"No bleeding",,"Missing due to caries","Not recorded",,"not recorded",Sound,"No bleeding",,,,,,,,,,,Normal,"No sign",,,,,,"No sign",,,,,,0,0,"Crowding present- Upper","No spacing",0,0.5,0,2,0.5,Normal,0,No,Unchecked,Unchecked,Unchecked,Unchecked,Unchecked,Unchecked,Unchecked,Unchecked,Unchecked,Unchecked,Unchecked,Unchecked,Unchecked,Unchecked,Unchecked,Unchecked,Unchecked,Unchecked,Unchecked,Unchecked,Unchecked,Unchecked,Unchecked,Unchecked,Unchecked,Unchecked,Unchecked,Unchecked,Unchecked,Unchecked,Unchecked,Unchecked,Unchecked,Unchecked,Unchecked,Unchecked,Unchecked,Unchecked,Unchecked,Unchecked,Unchecked,Unchecked,Unchecked,Unchecked,Unchecked,Unchecked,Unchecked,Unchecked,Unchecked,Unchecked,Unchecked,Unchecked,Unchecked,Unchecked,Unchecked,Unchecked,Unchecked,Unchecked,Unchecked,Unchecked,Unchecked,Unchecked,Unchecked,Unchecked,Unchecked,Unchecked,Unchecked,Unchecked,Unchecked,Unchecked,Unchecked,Unchecked,,,,,"Immediate (urgent) treatment due to pain or infection of dental and / or oral origin",,Complete,Complete
22,Participant,2,,,,,,,,,,,,,,,,,,,,,,,,,,15,12-15,Male,,,,English,Yes,Yes,"2026-09-02 10:37:32","Md Sannaullah",,"Md Ameen",Father,,Signature,1788325795311.png,1788325807393.png,,MANISH,1788325839281.png,,,28.5657735,77.2136377,,,1788325844253.png,No,Unchecked,Unchecked,Unchecked,,Toothbrush,Unchecked,Checked,Unchecked,Unchecked,Unchecked,,unknown,Twice,Once,Yes,Yes,Checked,Unchecked,Unchecked,Unchecked,Checked,Unchecked,Unchecked,Unchecked,Unchecked,Checked,Unchecked,,"public facility",,,Unchecked,Unchecked,Unchecked,Unchecked,Unchecked,Unchecked,Unchecked,Unchecked,Unchecked,Poor,,"Permanent only",,,,,,,,,,,,,,,,,,,,,,,,,,,,,,,,,,,,,,,,,,,,,,,,,,Sound,"No bleeding",,Sound,"No bleeding",,Sound,"No bleeding",,Sound,"No bleeding",,Normal,Sound,"No bleeding",,Normal,Sound,"No bleeding",,"other defects",Sound,"No bleeding",,Normal,Sound,"No bleeding",,Normal,Sound,"No bleeding",,Normal,Sound,"No bleeding",,Normal,Sound,"No bleeding",,Normal,Sound,"No bleeding",,Sound,"No bleeding",,Sound,"No bleeding",,,,,,,,Sound,"No bleeding",,"Coronal caries","No bleeding",,Normal,Sound,"No bleeding",,Sound,"No bleeding",,Sound,"No bleeding",,Sound,"No bleeding",,Sound,"No bleeding",,Sound,"No bleeding",,Sound,"No bleeding",,Sound,"No bleeding",,Sound,"No bleeding",,Sound,"No bleeding",,"Missing due to caries","Not recorded",,"not recorded",Sound,"No bleeding",,,,,,,,,,,Normal,"No sign",,,,,,"No sign",,,,,,0,0,"Crowding present- Upper","No spacing",0,2,0,2,0.5,Normal,0,No,Unchecked,Unchecked,Unchecked,Unchecked,Unchecked,Unchecked,Unchecked,Unchecked,Unchecked,Unchecked,Unchecked,Unchecked,Unchecked,Unchecked,Unchecked,Unchecked,Unchecked,Unchecked,Unchecked,Unchecked,Unchecked,Unchecked,Unchecked,Unchecked,Unchecked,Unchecked,Unchecked,Unchecked,Unchecked,Unchecked,Unchecked,Unchecked,Unchecked,Unchecked,Unchecked,Unchecked,Unchecked,Unchecked,Unchecked,Unchecked,Unchecked,Unchecked,Unchecked,Unchecked,Unchecked,Unchecked,Unchecked,Unchecked,Unchecked,Unchecked,Unchecked,Unchecked,Unchecked,Unchecked,Unchecked,Unchecked,Unchecked,Unchecked,Unchecked,Unchecked,Unchecked,Unchecked,Unchecked,Unchecked,Unchecked,Unchecked,Unchecked,Unchecked,Unchecked,Unchecked,Unchecked,Unchecked,,,,,"Immediate (urgent) treatment due to pain or infection of dental and / or oral origin",,Complete,Complete
23,,,,4,"Willing to participate",,"Piped water",Yes,Yes,Yes,Yes,No,Yes,No,No,Yes,Yes,No,No,No,No,No,RCC/Concrete/Cement,"LPG/Natural gas/Electricity","Pit latrine/Flush toilet",Complete,,,,,,,,,,,,,,,,,,,,,,,,,,,,,,,,,,,,,,,,,,,,,,,,,,,,,,,,,,,,,,,,,,,,,,,,,,,,,,,,,,,,,,,,,,,,,,,,,,,,,,,,,,,,,,,,,,,,,,,,,,,,,,,,,,,,,,,,,,,,,,,,,,,,,,,,,,,,,,,,,,,,,,,,,,,,,,,,,,,,,,,,,,,,,,,,,,,,,,,,,,,,,,,,,,,,,,,,,,,,,,,,,,,,,,,,,,,,,,,,,,,,,,,,,,,,,,,,,,,,,,,,,,,,,,,,,,,,,,,,,,,,,,,,,,,,,,,,,,,,,,,,,,,,,,,,,,,,,,,,,,,,,,,,,,,,,,,,
23,Participant,1,,,,,,,,,,,,,,,,,,,,,,,,,13,14,12-15,Male,,,,English,Yes,Yes,"2026-09-02 11:20:10",Tassin,,"Afzal khan",Father,,Signature,,,,"Abzal khan",,,,28.5657785,77.2136386,,,,No,Unchecked,Unchecked,Unchecked,,Toothbrush,Unchecked,Checked,Unchecked,Unchecked,Unchecked,,unknown,Twice,Once,Yes,Yes,Unchecked,Unchecked,Checked,Unchecked,Unchecked,Unchecked,Unchecked,Unchecked,Checked,Unchecked,Unchecked,,"public facility",,,Unchecked,Unchecked,Unchecked,Unchecked,Unchecked,Unchecked,Unchecked,Unchecked,Unchecked,Average,,"Permanent only",,,,,,,,,,,,,,,,,,,,,,,,,,,,,,,,,,,,,,,,,,,,,,,,,,Sound,"No bleeding",,Sound,"No bleeding",,Sound,"No bleeding",,Sound,"No bleeding",,Normal,Sound,"No bleeding",,Normal,Sound,"No bleeding",,Normal,Sound,"No bleeding",,Normal,Sound,"No bleeding",,Normal,Sound,"No bleeding",,Normal,Sound,"No bleeding",,Normal,Sound,"No bleeding",,Normal,Sound,"No bleeding",,"Coronal caries","No bleeding",,Sound,"No bleeding",,,,,,,,Sound,"No bleeding",,Sound,"No bleeding",,Normal,Sound,"No bleeding",,Sound,"No bleeding",,Sound,"No bleeding",,Sound,Bleeding,,Sound,Bleeding,,Sound,Bleeding,,"Filled no caries",Bleeding,,Sound,"No bleeding",,Sound,"No bleeding",,Sound,"No bleeding",,Sound,"No bleeding",,Normal,Sound,"No bleeding",,,,,,,,,,,Normal,"No sign",,,,,,"Enamel fracture only",3,,,,,0,0,"No crowding","Spacing present in Upper and Lower arches",1.5,0.5,0.5,3,0.5,Normal,0,No,Unchecked,Unchecked,Unchecked,Unchecked,Unchecked,Unchecked,Unchecked,Unchecked,Unchecked,Unchecked,Unchecked,Unchecked,Unchecked,Unchecked,Unchecked,Unchecked,Unchecked,Unchecked,Unchecked,Unchecked,Unchecked,Unchecked,Unchecked,Unchecked,Unchecked,Unchecked,Unchecked,Unchecked,Unchecked,Unchecked,Unchecked,Unchecked,Unchecked,Unchecked,Unchecked,Unchecked,Unchecked,Unchecked,Unchecked,Unchecked,Unchecked,Unchecked,Unchecked,Unchecked,Unchecked,Unchecked,Unchecked,Unchecked,Unchecked,Unchecked,Unchecked,Unchecked,Unchecked,Unchecked,Unchecked,Unchecked,Unchecked,Unchecked,Unchecked,Unchecked,Unchecked,Unchecked,Unchecked,Unchecked,Unchecked,Unchecked,Unchecked,Unchecked,Unchecked,Unchecked,Unchecked,Unchecked,,,,,"Prompt treatment (including scaling) needed",,Complete,Complete
23,Participant,2,,,,,,,,,,,,,,,,,,,,,,,,,,14,12-15,Male,,,,English,Yes,Yes,"2026-09-02 11:54:08",Tassin,,"Afzal khan",Father,,Signature,,,,Afzal,,,,28.5657785,77.2136386,,,,No,Unchecked,Unchecked,Unchecked,,Toothbrush,Unchecked,Checked,Unchecked,Unchecked,Unchecked,,unknown,Twice,Once,Yes,Yes,Unchecked,Unchecked,Checked,Unchecked,Unchecked,Unchecked,Unchecked,Unchecked,Unchecked,Unchecked,Unchecked,,"public facility",,,Unchecked,Unchecked,Unchecked,Unchecked,Unchecked,Unchecked,Unchecked,Unchecked,Unchecked,Good,,"Permanent only",,,,,,,,,,,,,,,,,,,,,,,,,,,,,,,,,,,,,,,,,,,,,,,,,,Sound,"No bleeding",,Sound,"No bleeding",,Sound,"No bleeding",,Sound,"No bleeding",,Normal,Sound,"No bleeding",,Normal,Sound,"No bleeding",,Normal,Sound,"No bleeding",,Normal,Sound,"No bleeding",,Normal,Sound,"No bleeding",,Normal,Sound,"No bleeding",,Normal,Sound,"No bleeding",,Normal,Sound,"No bleeding",,"Coronal caries","No bleeding",,Sound,"No bleeding",,,,,,,,Sound,"No bleeding",,Sound,"No bleeding",,Normal,Sound,"No bleeding",,Sound,"No bleeding",,Sound,"No bleeding",,Sound,Bleeding,,Sound,Bleeding,,Sound,Bleeding,,"Filled with caries",Bleeding,,Sound,"No bleeding",,Sound,"No bleeding",,Sound,"No bleeding",,Sound,"No bleeding",,Normal,Sound,"No bleeding",,,,,,,,,,,Normal,"No sign",,,,,,"Enamel fracture only",3,,,,,0,0,"No crowding","Spacing present in Upper and Lower arches",2,1,1,3,1,Normal,0,No,Unchecked,Unchecked,Unchecked,Unchecked,Unchecked,Unchecked,Unchecked,Unchecked,Unchecked,Unchecked,Unchecked,Unchecked,Unchecked,Unchecked,Unchecked,Unchecked,Unchecked,Unchecked,Unchecked,Unchecked,Unchecked,Unchecked,Unchecked,Unchecked,Unchecked,Unchecked,Unchecked,Unchecked,Unchecked,Unchecked,Unchecked,Unchecked,Unchecked,Unchecked,Unchecked,Unchecked,Unchecked,Unchecked,Unchecked,Unchecked,Unchecked,Unchecked,Unchecked,Unchecked,Unchecked,Unchecked,Unchecked,Unchecked,Unchecked,Unchecked,Unchecked,Unchecked,Unchecked,Unchecked,Unchecked,Unchecked,Unchecked,Unchecked,Unchecked,Unchecked,Unchecked,Unchecked,Unchecked,Unchecked,Unchecked,Unchecked,Unchecked,Unchecked,Unchecked,Unchecked,Unchecked,Unchecked,,,,,"Prompt treatment (including scaling) needed",,Complete,Complete
24,,,,1,"Willing to participate",,"Piped water",Yes,Yes,Yes,Yes,Yes,Yes,Yes,Yes,Yes,Yes,Yes,No,No,No,No,RCC/Concrete/Cement,"LPG/Natural gas/Electricity","Pit latrine/Flush toilet",Complete,,,,,,,,,,,,,,,,,,,,,,,,,,,,,,,,,,,,,,,,,,,,,,,,,,,,,,,,,,,,,,,,,,,,,,,,,,,,,,,,,,,,,,,,,,,,,,,,,,,,,,,,,,,,,,,,,,,,,,,,,,,,,,,,,,,,,,,,,,,,,,,,,,,,,,,,,,,,,,,,,,,,,,,,,,,,,,,,,,,,,,,,,,,,,,,,,,,,,,,,,,,,,,,,,,,,,,,,,,,,,,,,,,,,,,,,,,,,,,,,,,,,,,,,,,,,,,,,,,,,,,,,,,,,,,,,,,,,,,,,,,,,,,,,,,,,,,,,,,,,,,,,,,,,,,,,,,,,,,,,,,,,,,,,,,,,,,,,
24,Participant,1,,,,,,,,,,,,,,,,,,,,,,,,,12,14,12-15,Male,,,,English,Yes,Yes,"2026-09-02 11:19:47",Taasim,,"Afzak khan",Father,,Signature,1788328252562.png,,,Jagveer,1788329792617.png,,,,,,,1788329797288.png,No,Unchecked,Unchecked,Unchecked,,Toothbrush,Unchecked,Checked,Unchecked,Unchecked,Unchecked,,unknown,Twice,Once,Yes,Yes,Unchecked,Unchecked,Checked,Unchecked,Unchecked,Unchecked,Unchecked,Unchecked,Unchecked,Unchecked,Unchecked,,"public facility",,,Unchecked,Unchecked,Unchecked,Unchecked,Unchecked,Unchecked,Unchecked,Unchecked,Unchecked,Average,,"Permanent only",,,,,,,,,,,,,,,,,,,,,,,,,,,,,,,,,,,,,,,,,,,,,,,,,,Sound,"No bleeding",,Sound,"No bleeding",,Sound,"No bleeding",,Sound,"No bleeding",,Normal,Sound,"No bleeding",,Normal,Sound,"No bleeding",,Normal,Sound,"No bleeding",,Normal,Sound,"No bleeding",,Normal,Sound,"No bleeding",,Normal,Sound,"No bleeding",,Normal,Sound,"No bleeding",,Normal,Sound,"No bleeding",,"Coronal caries","No bleeding",,Sound,"No bleeding",,,,,,,,Sound,"No bleeding",,Sound,"No bleeding",,Normal,Sound,"No bleeding",,Sound,"No bleeding",,Sound,"No bleeding",,Sound,"No bleeding",,Sound,"No bleeding",,Sound,Bleeding,,"Filled no caries",Bleeding,,Sound,"No bleeding",,Sound,"No bleeding",,Sound,"No bleeding",,Sound,"No bleeding",,Normal,Sound,"No bleeding",,,,,,,,,,,Normal,"No sign",,,,,,"Enamel fracture only",3,,,,,0,0,"No crowding","Spacing present in Upper and Lower arches",2,1,1,3,1,Normal,0,No,Unchecked,Unchecked,Unchecked,Unchecked,Unchecked,Unchecked,Unchecked,Unchecked,Unchecked,Unchecked,Unchecked,Unchecked,Unchecked,Unchecked,Unchecked,Unchecked,Unchecked,Unchecked,Unchecked,Unchecked,Unchecked,Unchecked,Unchecked,Unchecked,Unchecked,Unchecked,Unchecked,Unchecked,Unchecked,Unchecked,Unchecked,Unchecked,Unchecked,Unchecked,Unchecked,Unchecked,Unchecked,Unchecked,Unchecked,Unchecked,Unchecked,Unchecked,Unchecked,Unchecked,Unchecked,Unchecked,Unchecked,Unchecked,Unchecked,Unchecked,Unchecked,Unchecked,Unchecked,Unchecked,Unchecked,Unchecked,Unchecked,Unchecked,Unchecked,Unchecked,Unchecked,Unchecked,Unchecked,Unchecked,Unchecked,Unchecked,Unchecked,Unchecked,Unchecked,Unchecked,Unchecked,Unchecked,,,,,"Prompt treatment (including scaling) needed",,Complete,Complete
24,Participant,2,,,,,,,,,,,,,,,,,,,,,,,,,,14,12-15,Male,,,,English,Yes,Yes,"2026-09-02 11:53:57",Tassin,,"Afsal khan",Father,,Signature,1788330352434.png,1788330371550.png,,Jagveer,1788330267372.png,,,,,,,1788330284459.png,No,Unchecked,Unchecked,Unchecked,,Toothbrush,Unchecked,Checked,Unchecked,Unchecked,Unchecked,,unknown,Twice,Once,Yes,Yes,Unchecked,Unchecked,Checked,Unchecked,Unchecked,Unchecked,Unchecked,Unchecked,Unchecked,Unchecked,Unchecked,,"public facility",,,Unchecked,Unchecked,Unchecked,Unchecked,Unchecked,Unchecked,Unchecked,Unchecked,Unchecked,Average,,"Permanent only",,,,,,,,,,,,,,,,,,,,,,,,,,,,,,,,,,,,,,,,,,,,,,,,,,Sound,"No bleeding",,Sound,"No bleeding",,Sound,"No bleeding",,Sound,"No bleeding",,Normal,Sound,"No bleeding",,Normal,Sound,"No bleeding",,Normal,Sound,"No bleeding",,Normal,Sound,"No bleeding",,Normal,Sound,"No bleeding",,Normal,Sound,"No bleeding",,Normal,Sound,"No bleeding",,Normal,Sound,"No bleeding",,"Coronal caries","No bleeding",,Sound,"No bleeding",,,,,,,,Sound,"No bleeding",,Sound,"No bleeding",,Normal,Sound,"No bleeding",,Sound,"No bleeding",,Sound,"No bleeding",,Sound,"No bleeding",,Sound,"No bleeding",,Sound,"No bleeding",,"Filled with caries",Bleeding,,Sound,"No bleeding",,Sound,"No bleeding",,Sound,"No bleeding",,Sound,"No bleeding",,Normal,Sound,"No bleeding",,,,,,,,,,,Normal,"No sign",,,,,,"Enamel fracture only",3,,,,,0,0,"No crowding","Spacing present in Upper and Lower arches",2,1,1,3,0.5,Normal,0,No,Unchecked,Unchecked,Unchecked,Unchecked,Unchecked,Unchecked,Unchecked,Unchecked,Unchecked,Unchecked,Unchecked,Unchecked,Unchecked,Unchecked,Unchecked,Unchecked,Unchecked,Unchecked,Unchecked,Unchecked,Unchecked,Unchecked,Unchecked,Unchecked,Unchecked,Unchecked,Unchecked,Unchecked,Unchecked,Unchecked,Unchecked,Unchecked,Unchecked,Unchecked,Unchecked,Unchecked,Unchecked,Unchecked,Unchecked,Unchecked,Unchecked,Unchecked,Unchecked,Unchecked,Unchecked,Unchecked,Unchecked,Unchecked,Unchecked,Unchecked,Unchecked,Unchecked,Unchecked,Unchecked,Unchecked,Unchecked,Unchecked,Unchecked,Unchecked,Unchecked,Unchecked,Unchecked,Unchecked,Unchecked,Unchecked,Unchecked,Unchecked,Unchecked,Unchecked,Unchecked,Unchecked,Unchecked,,,,,"Prompt treatment (including scaling) needed",,Complete,Complete
25,,,,4,"Willing to participate",,"Piped water",Yes,Yes,Yes,Yes,No,Yes,No,No,Yes,Yes,No,No,No,No,No,RCC/Concrete/Cement,"LPG/Natural gas/Electricity","Pit latrine/Flush toilet",Complete,,,,,,,,,,,,,,,,,,,,,,,,,,,,,,,,,,,,,,,,,,,,,,,,,,,,,,,,,,,,,,,,,,,,,,,,,,,,,,,,,,,,,,,,,,,,,,,,,,,,,,,,,,,,,,,,,,,,,,,,,,,,,,,,,,,,,,,,,,,,,,,,,,,,,,,,,,,,,,,,,,,,,,,,,,,,,,,,,,,,,,,,,,,,,,,,,,,,,,,,,,,,,,,,,,,,,,,,,,,,,,,,,,,,,,,,,,,,,,,,,,,,,,,,,,,,,,,,,,,,,,,,,,,,,,,,,,,,,,,,,,,,,,,,,,,,,,,,,,,,,,,,,,,,,,,,,,,,,,,,,,,,,,,,,,,,,,,,
25,Participant,1,,,,,,,,,,,,,,,,,,,,,,,,,13,14,12-15,Male,,,,English,Yes,Yes,"2026-09-02 11:20:10",Tassin,,"Afzal khan",Father,,Signature,1788329277666.png,1788330474814.png,,"Abzal khan",1788329799302.png,,,28.5657785,77.2136386,,,1788329807934.png,No,Unchecked,Unchecked,Unchecked,,Toothbrush,Unchecked,Checked,Unchecked,Unchecked,Unchecked,,unknown,Twice,Once,Yes,Yes,Unchecked,Unchecked,Checked,Unchecked,Unchecked,Unchecked,Unchecked,Unchecked,Checked,Unchecked,Unchecked,,"public facility",,,Unchecked,Unchecked,Unchecked,Unchecked,Unchecked,Unchecked,Unchecked,Unchecked,Unchecked,Average,,"Permanent only",,,,,,,,,,,,,,,,,,,,,,,,,,,,,,,,,,,,,,,,,,,,,,,,,,Sound,"No bleeding",,Sound,"No bleeding",,Sound,"No bleeding",,Sound,"No bleeding",,Normal,Sound,"No bleeding",,Normal,Sound,"No bleeding",,Normal,Sound,"No bleeding",,Normal,Sound,"No bleeding",,Normal,Sound,"No bleeding",,Normal,Sound,"No bleeding",,Normal,Sound,"No bleeding",,Normal,Sound,"No bleeding",,"Coronal caries","No bleeding",,Sound,"No bleeding",,,,,,,,Sound,"No bleeding",,Sound,"No bleeding",,Normal,Sound,"No bleeding",,Sound,"No bleeding",,Sound,"No bleeding",,Sound,Bleeding,,Sound,Bleeding,,Sound,Bleeding,,"Filled no caries",Bleeding,,Sound,"No bleeding",,Sound,"No bleeding",,Sound,"No bleeding",,Sound,"No bleeding",,Normal,Sound,"No bleeding",,,,,,,,,,,Normal,"No sign",,,,,,"Enamel fracture only",3,,,,,0,0,"No crowding","Spacing present in Upper and Lower arches",1.5,0.5,0.5,3,0.5,Normal,0,No,Unchecked,Unchecked,Unchecked,Unchecked,Unchecked,Unchecked,Unchecked,Unchecked,Unchecked,Unchecked,Unchecked,Unchecked,Unchecked,Unchecked,Unchecked,Unchecked,Unchecked,Unchecked,Unchecked,Unchecked,Unchecked,Unchecked,Unchecked,Unchecked,Unchecked,Unchecked,Unchecked,Unchecked,Unchecked,Unchecked,Unchecked,Unchecked,Unchecked,Unchecked,Unchecked,Unchecked,Unchecked,Unchecked,Unchecked,Unchecked,Unchecked,Unchecked,Unchecked,Unchecked,Unchecked,Unchecked,Unchecked,Unchecked,Unchecked,Unchecked,Unchecked,Unchecked,Unchecked,Unchecked,Unchecked,Unchecked,Unchecked,Unchecked,Unchecked,Unchecked,Unchecked,Unchecked,Unchecked,Unchecked,Unchecked,Unchecked,Unchecked,Unchecked,Unchecked,Unchecked,Unchecked,Unchecked,,,,,"Prompt treatment (including scaling) needed",,Complete,Complete
25,Participant,2,,,,,,,,,,,,,,,,,,,,,,,,,,14,12-15,Male,,,,English,Yes,Yes,"2026-09-02 11:54:08",Tassin,,"Afzal khan",Father,,Signature,1788330389628.png,,,Afzal,1788330420782.png,,,28.5657785,77.2136386,,,1788330426142.png,No,Unchecked,Unchecked,Unchecked,,Toothbrush,Unchecked,Checked,Unchecked,Unchecked,Unchecked,,unknown,Twice,Once,Yes,Yes,Unchecked,Unchecked,Checked,Unchecked,Unchecked,Unchecked,Unchecked,Unchecked,Unchecked,Unchecked,Unchecked,,"public facility",,,Unchecked,Unchecked,Unchecked,Unchecked,Unchecked,Unchecked,Unchecked,Unchecked,Unchecked,Good,,"Permanent only",,,,,,,,,,,,,,,,,,,,,,,,,,,,,,,,,,,,,,,,,,,,,,,,,,Sound,"No bleeding",,Sound,"No bleeding",,Sound,"No bleeding",,Sound,"No bleeding",,Normal,Sound,"No bleeding",,Normal,Sound,"No bleeding",,Normal,Sound,"No bleeding",,Normal,Sound,"No bleeding",,Normal,Sound,"No bleeding",,Normal,Sound,"No bleeding",,Normal,Sound,"No bleeding",,Normal,Sound,"No bleeding",,"Coronal caries","No bleeding",,Sound,"No bleeding",,,,,,,,Sound,"No bleeding",,Sound,"No bleeding",,Normal,Sound,"No bleeding",,Sound,"No bleeding",,Sound,"No bleeding",,Sound,Bleeding,,Sound,Bleeding,,Sound,Bleeding,,"Filled with caries",Bleeding,,Sound,"No bleeding",,Sound,"No bleeding",,Sound,"No bleeding",,Sound,"No bleeding",,Normal,Sound,"No bleeding",,,,,,,,,,,Normal,"No sign",,,,,,"Enamel fracture only",3,,,,,0,0,"No crowding","Spacing present in Upper and Lower arches",2,1,1,3,1,Normal,0,No,Unchecked,Unchecked,Unchecked,Unchecked,Unchecked,Unchecked,Unchecked,Unchecked,Unchecked,Unchecked,Unchecked,Unchecked,Unchecked,Unchecked,Unchecked,Unchecked,Unchecked,Unchecked,Unchecked,Unchecked,Unchecked,Unchecked,Unchecked,Unchecked,Unchecked,Unchecked,Unchecked,Unchecked,Unchecked,Unchecked,Unchecked,Unchecked,Unchecked,Unchecked,Unchecked,Unchecked,Unchecked,Unchecked,Unchecked,Unchecked,Unchecked,Unchecked,Unchecked,Unchecked,Unchecked,Unchecked,Unchecked,Unchecked,Unchecked,Unchecked,Unchecked,Unchecked,Unchecked,Unchecked,Unchecked,Unchecked,Unchecked,Unchecked,Unchecked,Unchecked,Unchecked,Unchecked,Unchecked,Unchecked,Unchecked,Unchecked,Unchecked,Unchecked,Unchecked,Unchecked,Unchecked,Unchecked,,,,,"Prompt treatment (including scaling) needed",,Complete,Complete
26,,,,,,,,,,,,,,,,,,,,,,,,,,Incomplete,,,,,,,,,,,,,,,,,,,,,,,,,,,,,,,,,,,,,,,,,,,,,,,,,,,,,,,,,,,,,,,,,,,,,,,,,,,,,,,,,,,,,,,,,,,,,,,,,,,,,,,,,,,,,,,,,,,,,,,,,,,,,,,,,,,,,,,,,,,,,,,,,,,,,,,,,,,,,,,,,,,,,,,,,,,,,,,,,,,,,,,,,,,,,,,,,,,,,,,,,,,,,,,,,,,,,,,,,,,,,,,,,,,,,,,,,,,,,,,,,,,,,,,,,,,,,,,,,,,,,,,,,,,,,,,,,,,,,,,,,,,,,,,,,,,,,,,,,,,,,,,,,,,,,,,,,,,,,,,,,,,,,,,,,,,,,,,,
26,Participant,1,,,,,,,,,,,,,,,,,,,,,,,,,15,36,35-44,Male,,Middle,"Tailors, Dress Makers, Sewers, Upholsterers & Related Workers","हिन्दी (Hindi)",,Yes,"2026-09-02 09:44:39",Rahul,,,,,Signature,1788323262667.png,,,Ramji,1788323279319.png,,,28.5611967,77.2107303,,"https://www.google.com/maps?q=28.5611967,77.2107303",1788322565918.png,No,Unchecked,Unchecked,Unchecked,No,Toothbrush,Unchecked,Checked,Unchecked,Unchecked,Unchecked,,Fluoridated,Once,Twice,Yes,No,Unchecked,Unchecked,Unchecked,Unchecked,Unchecked,Unchecked,Unchecked,Unchecked,Unchecked,Unchecked,Unchecked,,,,,Unchecked,Checked,Unchecked,Unchecked,Unchecked,Unchecked,Unchecked,Unchecked,Unchecked,Good,,,,,,,,,,,,,,,,,,,,,,,,,,,,,,,,,,,,,,,,,,,,,,,,,Sound,"No bleeding","No pocket","Coronal caries","No bleeding","No pocket",Sound,"No bleeding","No pocket",Sound,"No bleeding","No pocket",Sound,"No bleeding","No pocket",Normal,Sound,"No bleeding","No pocket",Normal,Sound,"No bleeding","No pocket",Normal,Sound,"No bleeding","No pocket",Normal,Sound,"No bleeding","No pocket",Normal,Sound,"No bleeding","No pocket",Normal,Sound,"No bleeding","No pocket",Normal,Sound,"No bleeding","No pocket",Normal,Sound,"No bleeding","No pocket",Sound,"No bleeding","No pocket",Sound,"No bleeding","No pocket",Sound,"No bleeding","No pocket",Unerupted,"Not recorded","Not recorded","Coronal caries","No bleeding","Pocket of 4-5 mm",Sound,"No bleeding","No pocket",Normal,Sound,"No bleeding","No pocket",Sound,"No bleeding","No pocket",Sound,"No bleeding","No pocket",Sound,"No bleeding","No pocket",Sound,"No bleeding","No pocket",Sound,"No bleeding","No pocket",Sound,"No bleeding","No pocket",Sound,"No bleeding","No pocket","Coronal caries","No bleeding","No pocket",Sound,"No bleeding","No pocket",Sound,"No bleeding","No pocket",Normal,"Coronal caries","No bleeding","No pocket",Unerupted,"Not recorded","Not recorded","0-3 mm","0-3 mm","0-3 mm","0-3 mm","0-3 mm","0-3 mm",Normal,"No sign",,Absent,,Present,20,"No sign",,No,No,No,No,0,0,"No crowding","No spacing",0,0,0,2,0,Normal,0,No,Unchecked,Unchecked,Unchecked,Unchecked,Unchecked,Unchecked,Unchecked,Unchecked,Unchecked,Unchecked,Unchecked,Unchecked,Unchecked,Unchecked,Unchecked,Unchecked,Unchecked,Unchecked,Unchecked,Unchecked,Unchecked,Unchecked,Unchecked,Unchecked,Unchecked,Unchecked,Unchecked,Unchecked,Unchecked,Unchecked,Unchecked,Unchecked,Unchecked,Unchecked,Unchecked,Unchecked,Unchecked,Unchecked,Unchecked,Unchecked,Unchecked,Unchecked,Unchecked,Unchecked,Unchecked,Unchecked,Unchecked,Unchecked,Unchecked,Unchecked,Unchecked,Unchecked,Unchecked,Unchecked,Unchecked,Unchecked,Unchecked,Unchecked,Unchecked,Unchecked,Unchecked,Unchecked,Unchecked,Unchecked,Unchecked,Unchecked,Unchecked,Unchecked,Unchecked,Unchecked,Unchecked,Unchecked,,No,,,"Prompt treatment (including scaling) needed",,Complete,Complete
26,Participant,2,,,,,,,,,,,,,,,,,,,,,,,,,,36,35-44,Male,,Middle,"Tailors, Dress Makers, Sewers, Upholsterers & Related Workers",English,,Yes,"2026-09-02 11:53:20",Rahul,,,,,Signature,1788330212767.png,,,Jagvir,1788330224940.png,,,28.5657498,77.2136483,,"https://www.google.com/maps?q=28.5657498,77.2136483",1788330235405.png,No,Unchecked,Unchecked,Unchecked,No,Toothbrush,Unchecked,Checked,Unchecked,Unchecked,Unchecked,,Fluoridated,Once,Twice,Yes,No,Unchecked,Unchecked,Unchecked,Unchecked,Unchecked,Unchecked,Unchecked,Unchecked,Unchecked,Unchecked,Unchecked,,,,,Unchecked,Checked,Unchecked,Unchecked,Unchecked,Unchecked,Unchecked,Unchecked,Unchecked,Good,,,,,,,,,,,,,,,,,,,,,,,,,,,,,,,,,,,,,,,,,,,,,,,,,Sound,"No bleeding","No pocket","Coronal caries","No bleeding","No pocket",Sound,"No bleeding","No pocket",Sound,"No bleeding","No pocket",Sound,"No bleeding","No pocket",Normal,Sound,"No bleeding","No pocket",Normal,Sound,"No bleeding","No pocket",Normal,Sound,"No bleeding","No pocket",Normal,Sound,"No bleeding","No pocket",Normal,Sound,"No bleeding","No pocket",Normal,Sound,"No bleeding","No pocket",Normal,Sound,"No bleeding","No pocket",Normal,Sound,"No bleeding","No pocket",Sound,"No bleeding","No pocket",Sound,"No bleeding","No pocket",Unerupted,"Not recorded","Not recorded",Unerupted,"Not recorded","Not recorded","Coronal caries","No bleeding","No pocket",Sound,"No bleeding","No pocket",Normal,Sound,"No bleeding","No pocket",Sound,"No bleeding","No pocket",Sound,"No bleeding","No pocket",Sound,Bleeding,"No pocket",Sound,Bleeding,"No pocket",Sound,"No bleeding","No pocket",Sound,"No bleeding","No pocket",Sound,"No bleeding","No pocket","Coronal caries","No bleeding","No pocket",Sound,"No bleeding","No pocket",Sound,"No bleeding","No pocket",Normal,"Coronal caries","No bleeding","No pocket",Sound,"No bleeding","No pocket","0-3 mm","0-3 mm","0-3 mm","0-3 mm","0-3 mm","0-3 mm",Normal,"No sign",,Absent,,Present,18,"No sign",,No,No,No,No,0,0,"No crowding","No spacing",0,0,0,2,0,Normal,0,No,Unchecked,Unchecked,Unchecked,Unchecked,Unchecked,Unchecked,Unchecked,Unchecked,Unchecked,Unchecked,Unchecked,Unchecked,Unchecked,Unchecked,Unchecked,Unchecked,Unchecked,Unchecked,Unchecked,Unchecked,Unchecked,Unchecked,Unchecked,Unchecked,Unchecked,Unchecked,Unchecked,Unchecked,Unchecked,Unchecked,Unchecked,Unchecked,Unchecked,Unchecked,Unchecked,Unchecked,Unchecked,Unchecked,Unchecked,Unchecked,Unchecked,Unchecked,Unchecked,Unchecked,Unchecked,Unchecked,Unchecked,Unchecked,Unchecked,Unchecked,Unchecked,Unchecked,Unchecked,Unchecked,Unchecked,Unchecked,Unchecked,Unchecked,Unchecked,Unchecked,Unchecked,Unchecked,Unchecked,Unchecked,Unchecked,Unchecked,Unchecked,Unchecked,Unchecked,Unchecked,Unchecked,Unchecked,,No,,,"Prompt treatment (including scaling) needed",,Complete,Complete
27,,,,,,,,,,,,,,,,,,,,,,,,,,Incomplete,,,,,,,,,,,,,,,,,,,,,,,,,,,,,,,,,,,,,,,,,,,,,,,,,,,,,,,,,,,,,,,,,,,,,,,,,,,,,,,,,,,,,,,,,,,,,,,,,,,,,,,,,,,,,,,,,,,,,,,,,,,,,,,,,,,,,,,,,,,,,,,,,,,,,,,,,,,,,,,,,,,,,,,,,,,,,,,,,,,,,,,,,,,,,,,,,,,,,,,,,,,,,,,,,,,,,,,,,,,,,,,,,,,,,,,,,,,,,,,,,,,,,,,,,,,,,,,,,,,,,,,,,,,,,,,,,,,,,,,,,,,,,,,,,,,,,,,,,,,,,,,,,,,,,,,,,,,,,,,,,,,,,,,,,,,,,,,,
27,Participant,1,,,,,,,,,,,,,,,,,,,,,,,,,15,36,35-44,Male,,"Graduate or higher","Accountants, Auditors And Related Workers",English,,Yes,"2026-09-02 11:03:59",Yash,,,,,Signature,1788327251222.png,,,Jagvir,1788327261404.png,,,28.5643919,77.2118876,,"https://www.google.com/maps?q=28.5643919,77.2118876",1788327271292.png,No,Unchecked,Unchecked,Unchecked,No,Toothbrush,Unchecked,Checked,Unchecked,Unchecked,Unchecked,,Fluoridated,Twice,Once,No,No,Unchecked,Unchecked,Unchecked,Unchecked,Unchecked,Unchecked,Unchecked,Unchecked,Unchecked,Unchecked,Unchecked,,,,,Unchecked,Unchecked,Unchecked,Unchecked,Unchecked,Unchecked,Unchecked,Unchecked,Checked,Excellent,,,,,,,,,,,,,,,,,,,,,,,,,,,,,,,,,,,,,,,,,,,,,,,,,Sound,"No bleeding","No pocket",Sound,"No bleeding","No pocket",Sound,"No bleeding","No pocket",Sound,"No bleeding","No pocket",Sound,"No bleeding","No pocket","demarcated opacity",Sound,"No bleeding","No pocket",Normal,Sound,Bleeding,"No pocket",Normal,Sound,"No bleeding","No pocket",Normal,Sound,"No bleeding","No pocket",Normal,Sound,"No bleeding","No pocket",Normal,Sound,"No bleeding","No pocket",Normal,Sound,"No bleeding","No pocket","demarcated opacity",Sound,"No bleeding","No pocket",Sound,"No bleeding","No pocket",Sound,"No bleeding","No pocket",Sound,"No bleeding","No pocket",Sound,"No bleeding","No pocket",Sound,"No bleeding","No pocket",Sound,"No bleeding","No pocket",Normal,Sound,"No bleeding","No pocket",Sound,"No bleeding","No pocket",Sound,"No bleeding","No pocket",Sound,"No bleeding","No pocket",Sound,"No bleeding","No pocket",Sound,"No bleeding","No pocket",Sound,"No bleeding","No pocket",Sound,"No bleeding","No pocket",Sound,"No bleeding","No pocket",Sound,"No bleeding","No pocket",Sound,"No bleeding","No pocket",Normal,Sound,"No bleeding","No pocket",Sound,"No bleeding","No pocket","0-3 mm","0-3 mm","0-3 mm","0-3 mm","0-3 mm","0-3 mm",Normal,"No sign",,Absent,,Present,8,"No sign",,No,No,No,No,0,0,"Crowding present in Upper and Lower arches","No spacing",0,2,2,1,0,Normal,0,No,Unchecked,Unchecked,Unchecked,Unchecked,Unchecked,Unchecked,Unchecked,Unchecked,Unchecked,Unchecked,Unchecked,Unchecked,Unchecked,Unchecked,Unchecked,Unchecked,Unchecked,Unchecked,Unchecked,Unchecked,Unchecked,Unchecked,Unchecked,Unchecked,Unchecked,Unchecked,Unchecked,Unchecked,Unchecked,Unchecked,Unchecked,Unchecked,Unchecked,Unchecked,Unchecked,Unchecked,Unchecked,Unchecked,Unchecked,Unchecked,Unchecked,Unchecked,Unchecked,Unchecked,Unchecked,Unchecked,Unchecked,Unchecked,Unchecked,Unchecked,Unchecked,Unchecked,Unchecked,Unchecked,Unchecked,Unchecked,Unchecked,Unchecked,Unchecked,Unchecked,Unchecked,Unchecked,Unchecked,Unchecked,Unchecked,Unchecked,Unchecked,Unchecked,Unchecked,Unchecked,Unchecked,Unchecked,,No,,,"Preventive or routine treatment needed",,Complete,Complete
27,Participant,2,,,,,,,,,,,,,,,,,,,,,,,,,,36,35-44,Male,,"Graduate or higher","Accountants, Auditors And Related Workers",English,,Yes,"2026-09-02 12:08:44",Yash,,,,,Signature,,,,Jagvir,,,,28.5657935,77.2136497,,"https://www.google.com/maps?q=28.5657935,77.2136497",,No,Unchecked,Unchecked,Unchecked,No,Toothbrush,Unchecked,Checked,Unchecked,Unchecked,Unchecked,,Fluoridated,Twice,Once,No,No,Unchecked,Unchecked,Unchecked,Unchecked,Unchecked,Unchecked,Unchecked,Unchecked,Unchecked,Unchecked,Unchecked,,,,,Unchecked,Unchecked,Unchecked,Unchecked,Unchecked,Unchecked,Unchecked,Unchecked,Checked,Excellent,,,,,,,,,,,,,,,,,,,,,,,,,,,,,,,,,,,,,,,,,,,,,,,,,Sound,"No bleeding","No pocket",Sound,"No bleeding","No pocket",Sound,"No bleeding","No pocket",Sound,"No bleeding","No pocket",Sound,"No bleeding","No pocket","demarcated opacity",Sound,"No bleeding","No pocket",Normal,Sound,Bleeding,"No pocket",Normal,Sound,"No bleeding","No pocket",Normal,Sound,"No bleeding","No pocket",Normal,Sound,"No bleeding","No pocket",Normal,Sound,"No bleeding","No pocket",Normal,Sound,"No bleeding","No pocket",Normal,Sound,"No bleeding","No pocket",Sound,"No bleeding","No pocket",Sound,"No bleeding","No pocket",Sound,"No bleeding","No pocket",Sound,"No bleeding","No pocket",Sound,"No bleeding","No pocket",Sound,"No bleeding","No pocket",Normal,Sound,"No bleeding","No pocket",Sound,"No bleeding","No pocket",Sound,"No bleeding","No pocket",Sound,"No bleeding","No pocket",Sound,"No bleeding","No pocket",Sound,"No bleeding","No pocket",Sound,"No bleeding","No pocket",Sound,"No bleeding","No pocket",Sound,"No bleeding","No pocket",Sound,"No bleeding","No pocket",Sound,"No bleeding","No pocket",Normal,Sound,"No bleeding","No pocket",Sound,"No bleeding","No pocket","0-3 mm","0-3 mm","0-3 mm","0-3 mm","0-3 mm","0-3 mm",Normal,"No sign",,Absent,,Present,6,"No sign",,No,No,No,No,0,0,"Crowding present in Upper and Lower arches","No spacing",0,2,2,1,0,Normal,0,No,Unchecked,Unchecked,Unchecked,Unchecked,Unchecked,Unchecked,Unchecked,Unchecked,Unchecked,Unchecked,Unchecked,Unchecked,Unchecked,Unchecked,Unchecked,Unchecked,Unchecked,Unchecked,Unchecked,Unchecked,Unchecked,Unchecked,Unchecked,Unchecked,Unchecked,Unchecked,Unchecked,Unchecked,Unchecked,Unchecked,Unchecked,Unchecked,Unchecked,Unchecked,Unchecked,Unchecked,Unchecked,Unchecked,Unchecked,Unchecked,Unchecked,Unchecked,Unchecked,Unchecked,Unchecked,Unchecked,Unchecked,Unchecked,Unchecked,Unchecked,Unchecked,Unchecked,Unchecked,Unchecked,Unchecked,Unchecked,Unchecked,Unchecked,Unchecked,Unchecked,Unchecked,Unchecked,Unchecked,Unchecked,Unchecked,Unchecked,Unchecked,Unchecked,Unchecked,Unchecked,Unchecked,Unchecked,,No,,,"Preventive or routine treatment needed",,Complete,Complete
28,,,,,,,,,,,,,,,,,,,,,,,,,,Incomplete,,,,,,,,,,,,,,,,,,,,,,,,,,,,,,,,,,,,,,,,,,,,,,,,,,,,,,,,,,,,,,,,,,,,,,,,,,,,,,,,,,,,,,,,,,,,,,,,,,,,,,,,,,,,,,,,,,,,,,,,,,,,,,,,,,,,,,,,,,,,,,,,,,,,,,,,,,,,,,,,,,,,,,,,,,,,,,,,,,,,,,,,,,,,,,,,,,,,,,,,,,,,,,,,,,,,,,,,,,,,,,,,,,,,,,,,,,,,,,,,,,,,,,,,,,,,,,,,,,,,,,,,,,,,,,,,,,,,,,,,,,,,,,,,,,,,,,,,,,,,,,,,,,,,,,,,,,,,,,,,,,,,,,,,,,,,,,,,
28,Participant,1,,,,,,,,,,,,,,,,,,,,,,,,,15,15,12-15,Male,,,,English,Yes,Yes,"2026-09-02 10:34:41",Aarish,,Naushad,Father,,Signature,1788325502101.png,,,Jagvir,1788325514223.png,,,28.5649231,77.2127617,,"https://www.google.com/maps?q=28.5649231,77.2127617",1788325523844.png,No,Unchecked,Unchecked,Unchecked,,Toothbrush,Unchecked,Checked,Unchecked,Unchecked,Unchecked,,Fluoridated,Once,Once,No,No,Unchecked,Unchecked,Unchecked,Unchecked,Unchecked,Unchecked,Unchecked,Unchecked,Unchecked,Unchecked,Unchecked,,,,,Unchecked,Unchecked,Unchecked,Unchecked,Unchecked,Unchecked,Unchecked,Unchecked,Unchecked,Good,,"Permanent only",,,,,,,,,,,,,,,,,,,,,,,,,,,,,,,,,,,,,,,,,,,,,,,,,,Sound,"No bleeding",,Sound,"No bleeding",,Sound,"No bleeding",,Sound,"No bleeding",,Normal,Sound,"No bleeding",,Normal,Sound,"No bleeding",,Normal,Sound,"No bleeding",,Normal,Sound,"No bleeding",,Normal,Sound,"No bleeding",,Normal,Sound,"No bleeding",,Normal,Sound,"No bleeding",,Normal,Sound,"No bleeding",,Sound,"No bleeding",,Sound,"No bleeding",,,,,,,,"Coronal caries","No bleeding",,Sound,"No bleeding",,Normal,Sound,"No bleeding",,Sound,"No bleeding",,Sound,Bleeding,,Sound,Bleeding,,Sound,"No bleeding",,Sound,Bleeding,,Sound,"No bleeding",,Sound,"No bleeding",,Sound,Bleeding,,Sound,"No bleeding",,Sound,"No bleeding",,Normal,Sound,"No bleeding",,,,,,,,,,,Normal,"No sign",,,,,,"No sign",,,,,,0,0,"No crowding","Spacing present- Upper",0,1,0,0,2.5,Normal,0,No,Unchecked,Unchecked,Unchecked,Unchecked,Unchecked,Unchecked,Unchecked,Unchecked,Unchecked,Unchecked,Unchecked,Unchecked,Unchecked,Unchecked,Unchecked,Unchecked,Unchecked,Unchecked,Unchecked,Unchecked,Unchecked,Unchecked,Unchecked,Unchecked,Unchecked,Unchecked,Unchecked,Unchecked,Unchecked,Unchecked,Unchecked,Unchecked,Unchecked,Unchecked,Unchecked,Unchecked,Unchecked,Unchecked,Unchecked,Unchecked,Unchecked,Unchecked,Unchecked,Unchecked,Unchecked,Unchecked,Unchecked,Unchecked,Unchecked,Unchecked,Unchecked,Unchecked,Unchecked,Unchecked,Unchecked,Unchecked,Unchecked,Unchecked,Unchecked,Unchecked,Unchecked,Unchecked,Unchecked,Unchecked,Unchecked,Unchecked,Unchecked,Unchecked,Unchecked,Unchecked,Unchecked,Unchecked,,,,,"Prompt treatment (including scaling) needed",,Complete,Complete
28,Participant,2,,,,,,,,,,,,,,,,,,,,,,,,,,15,12-15,Male,,,,English,Yes,Yes,"2026-09-02 12:17:41",Aarish,,Naushad,Father,,Signature,,,,,,,,28.565779,77.2136162,,"https://www.google.com/maps?q=28.565779,77.2136162",,No,Unchecked,Unchecked,Unchecked,,Toothbrush,Unchecked,Checked,Unchecked,Unchecked,Unchecked,,Fluoridated,Once,Once,No,No,Unchecked,Unchecked,Unchecked,Unchecked,Unchecked,Unchecked,Unchecked,Unchecked,Unchecked,Unchecked,Unchecked,,,,,Unchecked,Unchecked,Unchecked,Unchecked,Unchecked,Unchecked,Unchecked,Unchecked,Checked,Good,,"Permanent only",,,,,,,,,,,,,,,,,,,,,,,,,,,,,,,,,,,,,,,,,,,,,,,,,,Sound,"No bleeding",,Sound,"No bleeding",,Sound,"No bleeding",,Sound,"No bleeding",,Normal,Sound,"No bleeding",,Normal,Sound,"No bleeding",,Normal,Sound,"No bleeding",,Normal,Sound,"No bleeding",,Normal,Sound,"No bleeding",,Normal,Sound,"No bleeding",,Normal,Sound,"No bleeding",,Normal,Sound,"No bleeding",,Sound,"No bleeding",,Sound,"No bleeding",,,,,,,,Sound,"No bleeding",,Sound,"No bleeding",,Normal,Sound,"No bleeding",,Sound,"No bleeding",,Sound,Bleeding,,Sound,Bleeding,,Sound,Bleeding,,Sound,Bleeding,,Sound,Bleeding,,Sound,Bleeding,,Sound,Bleeding,,Sound,"No bleeding",,Sound,"No bleeding",,Normal,Sound,"No bleeding",,,,,,,,,,,Normal,"No sign",,,,,,"No sign",,,,,,0,0,"No crowding","Spacing present- Upper",0,1,1,3,0,Normal,0,No,Unchecked,Unchecked,Unchecked,Unchecked,Unchecked,Unchecked,Unchecked,Unchecked,Unchecked,Unchecked,Unchecked,Unchecked,Unchecked,Unchecked,Unchecked,Unchecked,Unchecked,Unchecked,Unchecked,Unchecked,Unchecked,Unchecked,Unchecked,Unchecked,Unchecked,Unchecked,Unchecked,Unchecked,Unchecked,Unchecked,Unchecked,Unchecked,Unchecked,Unchecked,Unchecked,Unchecked,Unchecked,Unchecked,Unchecked,Unchecked,Unchecked,Unchecked,Unchecked,Unchecked,Unchecked,Unchecked,Unchecked,Unchecked,Unchecked,Unchecked,Unchecked,Unchecked,Unchecked,Unchecked,Unchecked,Unchecked,Unchecked,Unchecked,Unchecked,Unchecked,Unchecked,Unchecked,Unchecked,Unchecked,Unchecked,Unchecked,Unchecked,Unchecked,Unchecked,Unchecked,Unchecked,Unchecked,,,,,"Referred for comprehensive evaluation or medical treatment (systemic condition)",,Complete,Complete
29,,,,,,,,,,,,,,,,,,,,,,,,,,Incomplete,,,,,,,,,,,,,,,,,,,,,,,,,,,,,,,,,,,,,,,,,,,,,,,,,,,,,,,,,,,,,,,,,,,,,,,,,,,,,,,,,,,,,,,,,,,,,,,,,,,,,,,,,,,,,,,,,,,,,,,,,,,,,,,,,,,,,,,,,,,,,,,,,,,,,,,,,,,,,,,,,,,,,,,,,,,,,,,,,,,,,,,,,,,,,,,,,,,,,,,,,,,,,,,,,,,,,,,,,,,,,,,,,,,,,,,,,,,,,,,,,,,,,,,,,,,,,,,,,,,,,,,,,,,,,,,,,,,,,,,,,,,,,,,,,,,,,,,,,,,,,,,,,,,,,,,,,,,,,,,,,,,,,,,,,,,,,,,,
29,Participant,1,,,,,,,,,,,,,,,,,,,,,,,,,16,36,35-44,Male,,"Graduate or higher","Accountants, Auditors And Related Workers",English,,Yes,"2026-09-02 10:05:32",Yash,,,,,Signature,1788323751076.png,,,Manish,1788323762400.png,,,,,,"https://www.google.com/maps?q=,",1788323768694.png,No,Unchecked,Unchecked,Unchecked,No,Toothbrush,Unchecked,Checked,Unchecked,Unchecked,Unchecked,,Fluoridated,Twice,Once,No,No,Unchecked,Unchecked,Unchecked,Unchecked,Unchecked,Unchecked,Unchecked,Unchecked,Unchecked,Unchecked,Unchecked,,,,,Unchecked,Unchecked,Unchecked,Unchecked,Unchecked,Unchecked,Unchecked,Unchecked,Checked,Excellent,,,,,,,,,,,,,,,,,,,,,,,,,,,,,,,,,,,,,,,,,,,,,,,,,Sound,"No bleeding","No pocket",Sound,"No bleeding","No pocket",Sound,"No bleeding","No pocket",Sound,"No bleeding","No pocket",Sound,"No bleeding","No pocket","demarcated opacity",Sound,"No bleeding","No pocket",Normal,Sound,Bleeding,"No pocket",Normal,Sound,"No bleeding","No pocket",Normal,Sound,"No bleeding","No pocket",Normal,Sound,"No bleeding","No pocket",Normal,Sound,"No bleeding","No pocket",Normal,Sound,"No bleeding","No pocket","demarcated opacity",Sound,"No bleeding","No pocket",Sound,"No bleeding","No pocket",Sound,"No bleeding","No pocket",Sound,"No bleeding","No pocket",Sound,"No bleeding","No pocket",Sound,"No bleeding","No pocket",Sound,"No bleeding","No pocket",Normal,Sound,"No bleeding","No pocket",Sound,"No bleeding","No pocket",Sound,"No bleeding","No pocket",Sound,"No bleeding","No pocket",Sound,"No bleeding","No pocket",Sound,"No bleeding","No pocket",Sound,"No bleeding","No pocket",Sound,"No bleeding","No pocket",Sound,"No bleeding","No pocket",Sound,"No bleeding","No pocket",Sound,"No bleeding","No pocket",Normal,Sound,"No bleeding","No pocket",Sound,"No bleeding","No pocket","0-3 mm","0-3 mm","0-3 mm","0-3 mm","0-3 mm","0-3 mm",Normal,"No sign",,Absent,,Present,8,"No sign",,No,No,No,No,0,0,"Crowding present in Upper and Lower arches","No spacing",0,2,2,1,0,Normal,0.5,No,Unchecked,Unchecked,Unchecked,Unchecked,Unchecked,Unchecked,Unchecked,Unchecked,Unchecked,Unchecked,Unchecked,Unchecked,Unchecked,Unchecked,Unchecked,Unchecked,Unchecked,Unchecked,Unchecked,Unchecked,Unchecked,Unchecked,Unchecked,Unchecked,Unchecked,Unchecked,Unchecked,Unchecked,Unchecked,Unchecked,Unchecked,Unchecked,Unchecked,Unchecked,Unchecked,Unchecked,Unchecked,Unchecked,Unchecked,Unchecked,Unchecked,Unchecked,Unchecked,Unchecked,Unchecked,Unchecked,Unchecked,Unchecked,Unchecked,Unchecked,Unchecked,Unchecked,Unchecked,Unchecked,Unchecked,Unchecked,Unchecked,Unchecked,Unchecked,Unchecked,Unchecked,Unchecked,Unchecked,Unchecked,Unchecked,Unchecked,Unchecked,Unchecked,Unchecked,Unchecked,Unchecked,Unchecked,,No,,,"Preventive or routine treatment needed",,Complete,Complete
29,Participant,2,,,,,,,,,,,,,,,,,,,,,,,,,,36,35-44,Male,,"Graduate or higher","Accountants, Auditors And Related Workers",English,,Yes,"2026-09-02 12:27:14",Yash,,,,,Signature,1788332241796.png,,,Ss,1788332248321.png,,,,,,"https://www.google.com/maps?q=,",1788332253938.png,No,Unchecked,Unchecked,Unchecked,No,Toothbrush,Unchecked,Checked,Unchecked,Unchecked,Unchecked,,Fluoridated,Twice,Once,No,No,Unchecked,Unchecked,Unchecked,Unchecked,Unchecked,Unchecked,Unchecked,Unchecked,Unchecked,Unchecked,Unchecked,,,,,Unchecked,Unchecked,Unchecked,Unchecked,Unchecked,Unchecked,Unchecked,Unchecked,Checked,Excellent,,,,,,,,,,,,,,,,,,,,,,,,,,,,,,,,,,,,,,,,,,,,,,,,,Sound,"No bleeding","No pocket",Sound,"No bleeding","No pocket",Sound,"No bleeding","No pocket",Sound,"No bleeding","No pocket",Sound,"No bleeding","No pocket","demarcated opacity",Sound,"No bleeding","No pocket",Normal,Sound,Bleeding,"No pocket",Normal,Sound,"No bleeding","No pocket",Normal,Sound,"No bleeding","No pocket",Normal,Sound,"No bleeding","No pocket",Normal,Sound,"No bleeding","No pocket",Normal,Sound,"No bleeding","No pocket","demarcated opacity",Sound,"No bleeding","No pocket",Sound,"No bleeding","No pocket",Sound,"No bleeding","No pocket",Sound,"No bleeding","No pocket",Sound,"No bleeding","No pocket",Sound,"No bleeding","No pocket",Sound,"No bleeding","No pocket",Normal,Sound,"No bleeding","No pocket",Sound,"No bleeding","No pocket",Sound,"No bleeding","No pocket",Sound,"No bleeding","No pocket",Sound,"No bleeding","No pocket",Sound,"No bleeding","No pocket",Sound,"No bleeding","No pocket",Sound,"No bleeding","No pocket",Sound,"No bleeding","No pocket",Sound,"No bleeding","No pocket",Sound,"No bleeding","No pocket",Normal,Sound,"No bleeding","No pocket",Sound,"No bleeding","No pocket","0-3 mm","0-3 mm","0-3 mm","0-3 mm","0-3 mm","0-3 mm",Normal,"No sign",,Absent,,Present,6,"No sign",,No,No,No,No,0,0,"Crowding present in Upper and Lower arches","No spacing",0,2,2,1,0,Normal,0,No,Unchecked,Unchecked,Unchecked,Unchecked,Unchecked,Unchecked,Unchecked,Unchecked,Unchecked,Unchecked,Unchecked,Unchecked,Unchecked,Unchecked,Unchecked,Unchecked,Unchecked,Unchecked,Unchecked,Unchecked,Unchecked,Unchecked,Unchecked,Unchecked,Unchecked,Unchecked,Unchecked,Unchecked,Unchecked,Unchecked,Unchecked,Unchecked,Unchecked,Unchecked,Unchecked,Unchecked,Unchecked,Unchecked,Unchecked,Unchecked,Unchecked,Unchecked,Unchecked,Unchecked,Unchecked,Unchecked,Unchecked,Unchecked,Unchecked,Unchecked,Unchecked,Unchecked,Unchecked,Unchecked,Unchecked,Unchecked,Unchecked,Unchecked,Unchecked,Unchecked,Unchecked,Unchecked,Unchecked,Unchecked,Unchecked,Unchecked,Unchecked,Unchecked,Unchecked,Unchecked,Unchecked,Unchecked,,No,,,"Preventive or routine treatment needed",,Complete,Complete
30,,,,,,,,,,,,,,,,,,,,,,,,,,Incomplete,,,,,,,,,,,,,,,,,,,,,,,,,,,,,,,,,,,,,,,,,,,,,,,,,,,,,,,,,,,,,,,,,,,,,,,,,,,,,,,,,,,,,,,,,,,,,,,,,,,,,,,,,,,,,,,,,,,,,,,,,,,,,,,,,,,,,,,,,,,,,,,,,,,,,,,,,,,,,,,,,,,,,,,,,,,,,,,,,,,,,,,,,,,,,,,,,,,,,,,,,,,,,,,,,,,,,,,,,,,,,,,,,,,,,,,,,,,,,,,,,,,,,,,,,,,,,,,,,,,,,,,,,,,,,,,,,,,,,,,,,,,,,,,,,,,,,,,,,,,,,,,,,,,,,,,,,,,,,,,,,,,,,,,,,,,,,,,,
30,Participant,1,,,,,,,,,,,,,,,,,,,,,,,,,16,15,12-15,Male,,,,English,Yes,Yes,"2026-09-02 10:36:53",Arsh,,Naushad,Father,,Signature,1788325625179.png,1788325630131.png,,Manish,1788326957087.png,,,,,,"https://www.google.com/maps?q=,",1788326524762.png,No,Unchecked,Unchecked,Unchecked,,Toothbrush,Unchecked,Checked,Unchecked,Unchecked,Unchecked,,Fluoridated,Once,Once,No,No,Unchecked,Unchecked,Unchecked,Unchecked,Unchecked,Unchecked,Unchecked,Unchecked,Unchecked,Unchecked,Unchecked,,,,,Unchecked,Unchecked,Unchecked,Unchecked,Unchecked,Unchecked,Unchecked,Unchecked,Checked,Good,,"Permanent only",,,,,,,,,,,,,,,,,,,,,,,,,,,,,,,,,,,,,,,,,,,,,,,,,,Sound,"No bleeding",,Sound,"No bleeding",,Sound,"No bleeding",,Sound,"No bleeding",,Normal,Sound,"No bleeding",,Normal,Sound,"No bleeding",,Normal,Sound,"No bleeding",,Normal,Sound,"No bleeding",,Normal,Sound,"No bleeding",,Normal,Sound,"No bleeding",,Normal,Sound,"No bleeding",,Normal,Sound,"No bleeding",,Sound,"No bleeding",,Sound,"No bleeding",,,,,,,,"Coronal caries","No bleeding",,Sound,"No bleeding",,Normal,Sound,"No bleeding",,Sound,"No bleeding",,Sound,Bleeding,,Sound,Bleeding,,Sound,Bleeding,,Sound,Bleeding,,Sound,Bleeding,,Sound,Bleeding,,Sound,Bleeding,,Sound,"No bleeding",,Sound,"No bleeding",,Normal,Sound,"No bleeding",,,,,,,,,,,Normal,"No sign",,,,,,"No sign",,,,,,0,0,"No crowding","Spacing present- Upper",0,1,1,2.5,0,Normal,0,No,Unchecked,Unchecked,Unchecked,Unchecked,Unchecked,Unchecked,Unchecked,Unchecked,Unchecked,Unchecked,Unchecked,Unchecked,Unchecked,Unchecked,Unchecked,Unchecked,Unchecked,Unchecked,Unchecked,Unchecked,Unchecked,Unchecked,Unchecked,Unchecked,Unchecked,Unchecked,Unchecked,Unchecked,Unchecked,Unchecked,Unchecked,Unchecked,Unchecked,Unchecked,Unchecked,Unchecked,Unchecked,Unchecked,Unchecked,Unchecked,Unchecked,Unchecked,Unchecked,Unchecked,Unchecked,Unchecked,Unchecked,Unchecked,Unchecked,Unchecked,Unchecked,Unchecked,Unchecked,Unchecked,Unchecked,Unchecked,Unchecked,Unchecked,Unchecked,Unchecked,Unchecked,Unchecked,Unchecked,Unchecked,Unchecked,Unchecked,Unchecked,Unchecked,Unchecked,Unchecked,Unchecked,Unchecked,,,,,"Prompt treatment (including scaling) needed","This is known pateint of leukemia",Complete,Complete
30,Participant,2,,,,,,,,,,,,,,,,,,,,,,,,,,15,12-15,Male,,,,"हिन्दी (Hindi)",Yes,Yes,"2026-09-02 12:20:34",Arsh,,Noushad,Father,,Signature,1788331857902.png,,,Manish,1788331925966.png,,,,,,"https://www.google.com/maps?q=,",1788331930025.png,No,Unchecked,Unchecked,Unchecked,,Toothbrush,Unchecked,Checked,Unchecked,Unchecked,Unchecked,,Fluoridated,Once,Once,No,No,Unchecked,Unchecked,Unchecked,Unchecked,Unchecked,Unchecked,Unchecked,Unchecked,Unchecked,Unchecked,Unchecked,,,,,Unchecked,Unchecked,Unchecked,Unchecked,Unchecked,Unchecked,Unchecked,Unchecked,Checked,Good,,"Permanent only",,,,,,,,,,,,,,,,,,,,,,,,,,,,,,,,,,,,,,,,,,,,,,,,,,Sound,"No bleeding",,Sound,"No bleeding",,Sound,"No bleeding",,Sound,"No bleeding",,Normal,Sound,"No bleeding",,Normal,Sound,"No bleeding",,Normal,Sound,"No bleeding",,Normal,Sound,"No bleeding",,Normal,Sound,"No bleeding",,Normal,Sound,"No bleeding",,Normal,Sound,"No bleeding",,Normal,Sound,"No bleeding",,Sound,"No bleeding",,Sound,"No bleeding",,,,,,,,Sound,"No bleeding",,Sound,"No bleeding",,Normal,Sound,"No bleeding",,Sound,"No bleeding",,Sound,Bleeding,,Sound,Bleeding,,Sound,Bleeding,,Sound,Bleeding,,Sound,Bleeding,,Sound,Bleeding,,Sound,Bleeding,,Sound,"No bleeding",,Sound,"No bleeding",,Normal,Sound,"No bleeding",,,,,,,,,,,Normal,"No sign",,,,,,"No sign",,,,,,0,0,"No crowding","Spacing present- Upper",0,1,1,3,0,Normal,0,No,Unchecked,Unchecked,Unchecked,Unchecked,Unchecked,Unchecked,Unchecked,Unchecked,Unchecked,Unchecked,Unchecked,Unchecked,Unchecked,Unchecked,Unchecked,Unchecked,Unchecked,Unchecked,Unchecked,Unchecked,Unchecked,Unchecked,Unchecked,Unchecked,Unchecked,Unchecked,Unchecked,Unchecked,Unchecked,Unchecked,Unchecked,Unchecked,Unchecked,Unchecked,Unchecked,Unchecked,Unchecked,Unchecked,Unchecked,Unchecked,Unchecked,Unchecked,Unchecked,Unchecked,Unchecked,Unchecked,Unchecked,Unchecked,Unchecked,Unchecked,Unchecked,Unchecked,Unchecked,Unchecked,Unchecked,Unchecked,Unchecked,Unchecked,Unchecked,Unchecked,Unchecked,Unchecked,Unchecked,Unchecked,Unchecked,Unchecked,Unchecked,Unchecked,Unchecked,Unchecked,Unchecked,Unchecked,,,,,"Referred for comprehensive evaluation or medical treatment (systemic condition)","Pt is known case of leukemia",Complete,Complete
31,,,,,,,,,,,,,,,,,,,,,,,,,,Incomplete,,,,,,,,,,,,,,,,,,,,,,,,,,,,,,,,,,,,,,,,,,,,,,,,,,,,,,,,,,,,,,,,,,,,,,,,,,,,,,,,,,,,,,,,,,,,,,,,,,,,,,,,,,,,,,,,,,,,,,,,,,,,,,,,,,,,,,,,,,,,,,,,,,,,,,,,,,,,,,,,,,,,,,,,,,,,,,,,,,,,,,,,,,,,,,,,,,,,,,,,,,,,,,,,,,,,,,,,,,,,,,,,,,,,,,,,,,,,,,,,,,,,,,,,,,,,,,,,,,,,,,,,,,,,,,,,,,,,,,,,,,,,,,,,,,,,,,,,,,,,,,,,,,,,,,,,,,,,,,,,,,,,,,,,,,,,,,,,
31,Participant,1,,,,,,,,,,,,,,,,,,,,,,,,,16,36,35-44,Male,,Middle,"Tailors, Dress Makers, Sewers, Upholsterers & Related Workers","हिन्दी (Hindi)",,Yes,"2026-09-02 11:13:04",Rahul,,,,,Signature,1788327800531.png,,,Manish,1788327813382.png,,,,,,"https://www.google.com/maps?q=,",1788327818633.png,No,Unchecked,Unchecked,Unchecked,No,Toothbrush,Unchecked,Checked,Unchecked,Unchecked,Unchecked,,Fluoridated,Once,Twice,Yes,No,Unchecked,Unchecked,Unchecked,Unchecked,Unchecked,Unchecked,Unchecked,Unchecked,Unchecked,Unchecked,Unchecked,,,,,Unchecked,Checked,Unchecked,Unchecked,Unchecked,Unchecked,Unchecked,Unchecked,Unchecked,Good,,,,,,,,,,,,,,,,,,,,,,,,,,,,,,,,,,,,,,,,,,,,,,,,,Sound,"No bleeding","No pocket","Coronal caries","No bleeding","No pocket",Sound,"No bleeding","No pocket",Sound,"No bleeding","No pocket",Sound,"No bleeding","No pocket",Normal,Sound,"No bleeding","No pocket",Normal,Sound,"No bleeding","No pocket",Normal,Sound,"No bleeding","No pocket",Normal,Sound,"No bleeding","No pocket",Normal,Sound,"No bleeding","No pocket",Normal,Sound,"No bleeding","No pocket",Normal,Sound,"No bleeding","No pocket",Normal,Sound,"No bleeding","No pocket",Sound,"No bleeding","No pocket","Coronal caries","No bleeding","No pocket",Unerupted,"Not recorded","Not recorded",Unerupted,"Not recorded","Not recorded","Coronal caries","No bleeding","Pocket of 4-5 mm",Sound,"No bleeding","No pocket",Normal,Sound,"No bleeding","No pocket",Sound,"No bleeding","No pocket",Sound,"No bleeding","No pocket",Sound,"No bleeding","No pocket",Sound,"No bleeding","No pocket",Sound,"No bleeding","No pocket",Sound,"No bleeding","No pocket",Sound,"No bleeding","No pocket","Coronal caries","No bleeding","No pocket",Sound,"No bleeding","No pocket",Sound,"No bleeding","No pocket",Normal,"Coronal caries","No bleeding","No pocket",Unerupted,"Not recorded","Not recorded","0-3 mm","0-3 mm","0-3 mm","0-3 mm","0-3 mm","0-3 mm",Normal,"No sign",,Absent,,Present,20,"No sign",,No,No,No,No,0,0,"No crowding","No spacing",0,0,0,2,0,Normal,0,No,Unchecked,Unchecked,Unchecked,Unchecked,Unchecked,Unchecked,Unchecked,Unchecked,Unchecked,Unchecked,Unchecked,Unchecked,Unchecked,Unchecked,Unchecked,Unchecked,Unchecked,Unchecked,Unchecked,Unchecked,Unchecked,Unchecked,Unchecked,Unchecked,Unchecked,Unchecked,Unchecked,Unchecked,Unchecked,Unchecked,Unchecked,Unchecked,Unchecked,Unchecked,Unchecked,Unchecked,Unchecked,Unchecked,Unchecked,Unchecked,Unchecked,Unchecked,Unchecked,Unchecked,Unchecked,Unchecked,Unchecked,Unchecked,Unchecked,Unchecked,Unchecked,Unchecked,Unchecked,Unchecked,Unchecked,Unchecked,Unchecked,Unchecked,Unchecked,Unchecked,Unchecked,Unchecked,Unchecked,Unchecked,Unchecked,Unchecked,Unchecked,Unchecked,Unchecked,Unchecked,Unchecked,Unchecked,,No,,,"Prompt treatment (including scaling) needed",,Complete,Complete
31,Participant,2,,,,,,,,,,,,,,,,,,,,,,,,,,36,35-44,Male,,Middle,"Tailors, Dress Makers, Sewers, Upholsterers & Related Workers","हिन्दी (Hindi)",,Yes,"2026-09-02 11:53:14",Rahul,,,,,Signature,1788330202239.png,,,Ss,1788330208609.png,,,,,,"https://www.google.com/maps?q=,",1788330215435.png,No,Unchecked,Unchecked,Unchecked,No,Toothbrush,Unchecked,Checked,Unchecked,Unchecked,Unchecked,,Fluoridated,Once,Twice,Yes,No,Unchecked,Unchecked,Unchecked,Unchecked,Unchecked,Unchecked,Unchecked,Unchecked,Unchecked,Unchecked,Unchecked,,,,,Unchecked,Checked,Unchecked,Unchecked,Unchecked,Unchecked,Unchecked,Unchecked,Unchecked,Good,,,,,,,,,,,,,,,,,,,,,,,,,,,,,,,,,,,,,,,,,,,,,,,,,Sound,"No bleeding","No pocket","Coronal caries","No bleeding","No pocket",Sound,"No bleeding","No pocket",Sound,"No bleeding","No pocket",Sound,"No bleeding","No pocket",Normal,Sound,"No bleeding","No pocket",Normal,Sound,"No bleeding","No pocket",Normal,Sound,"No bleeding","No pocket",Normal,Sound,"No bleeding","No pocket",Normal,Sound,"No bleeding","No pocket",Normal,Sound,"No bleeding","No pocket",Normal,Sound,"No bleeding","No pocket",Normal,Sound,"No bleeding","No pocket",Sound,"No bleeding","No pocket",Sound,"No bleeding","No pocket",Unerupted,"Not recorded","Not recorded",Unerupted,"Not recorded","Not recorded","Coronal caries","No bleeding","No pocket",Sound,"No bleeding","No pocket",Normal,Sound,"No bleeding","No pocket",Sound,"No bleeding","No pocket",Sound,"No bleeding","No pocket",Sound,Bleeding,"No pocket",Sound,Bleeding,"No pocket",Sound,"No bleeding","No pocket",Sound,"No bleeding","No pocket",Sound,"No bleeding","No pocket","Coronal caries","No bleeding","No pocket",Sound,"No bleeding","No pocket",Sound,"No bleeding","No pocket",Normal,"Coronal caries","No bleeding","No pocket",Unerupted,"Not recorded","Not recorded","0-3 mm","0-3 mm","0-3 mm","0-3 mm","0-3 mm","0-3 mm",Normal,"No sign",,Absent,,Present,18,"No sign",,No,No,No,No,0,0,"No crowding","No spacing",0,0,0,2,0,Normal,0,No,Unchecked,Unchecked,Unchecked,Unchecked,Unchecked,Unchecked,Unchecked,Unchecked,Unchecked,Unchecked,Unchecked,Unchecked,Unchecked,Unchecked,Unchecked,Unchecked,Unchecked,Unchecked,Unchecked,Unchecked,Unchecked,Unchecked,Unchecked,Unchecked,Unchecked,Unchecked,Unchecked,Unchecked,Unchecked,Unchecked,Unchecked,Unchecked,Unchecked,Unchecked,Unchecked,Unchecked,Unchecked,Unchecked,Unchecked,Unchecked,Unchecked,Unchecked,Unchecked,Unchecked,Unchecked,Unchecked,Unchecked,Unchecked,Unchecked,Unchecked,Unchecked,Unchecked,Unchecked,Unchecked,Unchecked,Unchecked,Unchecked,Unchecked,Unchecked,Unchecked,Unchecked,Unchecked,Unchecked,Unchecked,Unchecked,Unchecked,Unchecked,Unchecked,Unchecked,Unchecked,Unchecked,Unchecked,,No,,,"Preventive or routine treatment needed",,Complete,Complete
32,,,,,,,,,,,,,,,,,,,,,,,,,,Incomplete,,,,,,,,,,,,,,,,,,,,,,,,,,,,,,,,,,,,,,,,,,,,,,,,,,,,,,,,,,,,,,,,,,,,,,,,,,,,,,,,,,,,,,,,,,,,,,,,,,,,,,,,,,,,,,,,,,,,,,,,,,,,,,,,,,,,,,,,,,,,,,,,,,,,,,,,,,,,,,,,,,,,,,,,,,,,,,,,,,,,,,,,,,,,,,,,,,,,,,,,,,,,,,,,,,,,,,,,,,,,,,,,,,,,,,,,,,,,,,,,,,,,,,,,,,,,,,,,,,,,,,,,,,,,,,,,,,,,,,,,,,,,,,,,,,,,,,,,,,,,,,,,,,,,,,,,,,,,,,,,,,,,,,,,,,,,,,,,
32,Participant,1,,,,,,,,,,,,,,,,,,,,,,,,,14,36,35-44,Male,,Middle,"Tailors, Dress Makers, Sewers, Upholsterers & Related Workers",English,,Yes,"2026-09-02 09:44:19",Rahul,,,,,Signature,1788322471063.png,,,Asha,1788323310772.png,,,28.5657755,77.2130309,,"https://www.google.com/maps?q=28.5657755,77.2130309",,No,Unchecked,Unchecked,Unchecked,No,Toothbrush,Unchecked,Checked,Unchecked,Unchecked,Unchecked,,Fluoridated,Once,Twice,Yes,No,Unchecked,Unchecked,Unchecked,Unchecked,Unchecked,Unchecked,Unchecked,Unchecked,Unchecked,Unchecked,Unchecked,,,,,Unchecked,Checked,Unchecked,Unchecked,Unchecked,Unchecked,Unchecked,Unchecked,Unchecked,Good,,,,,,,,,,,,,,,,,,,,,,,,,,,,,,,,,,,,,,,,,,,,,,,,,Sound,"No bleeding","No pocket","Coronal caries","No bleeding","No pocket",Sound,"No bleeding","No pocket",Sound,"No bleeding","No pocket",Sound,"No bleeding","No pocket",Normal,Sound,"No bleeding","No pocket",Normal,Sound,"No bleeding","No pocket",Normal,Sound,"No bleeding","No pocket",Normal,Sound,"No bleeding","No pocket",Normal,Sound,"No bleeding","No pocket",Normal,Sound,"No bleeding","No pocket",Normal,Sound,"No bleeding","No pocket",Normal,Sound,"No bleeding","No pocket",Sound,"No bleeding","No pocket",Sound,"No bleeding","No pocket",Unerupted,"Not recorded","Not recorded",Unerupted,"Not recorded","Not recorded","Coronal caries","No bleeding","Pocket of 4-5 mm",Sound,"No bleeding","No pocket",Normal,Sound,"No bleeding","No pocket",Sound,"No bleeding","No pocket",Sound,"No bleeding","No pocket",Sound,"No bleeding","No pocket",Sound,"No bleeding","No pocket",Sound,"No bleeding","No pocket",Sound,"No bleeding","No pocket",Sound,"No bleeding","No pocket","Coronal caries","No bleeding","No pocket",Sound,"No bleeding","No pocket",Sound,"No bleeding","No pocket",Normal,"Coronal caries","No bleeding","No pocket",Unerupted,"Not recorded","Not recorded","0-3 mm","0-3 mm","0-3 mm","0-3 mm","0-3 mm","0-3 mm",Normal,"No sign",,Absent,,Present,20,"No sign",,No,No,No,No,0,0,"No crowding","No spacing",0,0,0,2,0,Normal,0,No,Unchecked,Unchecked,Unchecked,Unchecked,Unchecked,Unchecked,Unchecked,Unchecked,Unchecked,Unchecked,Unchecked,Unchecked,Unchecked,Unchecked,Unchecked,Unchecked,Unchecked,Unchecked,Unchecked,Unchecked,Unchecked,Unchecked,Unchecked,Unchecked,Unchecked,Unchecked,Unchecked,Unchecked,Unchecked,Unchecked,Unchecked,Unchecked,Unchecked,Unchecked,Unchecked,Unchecked,Unchecked,Unchecked,Unchecked,Unchecked,Unchecked,Unchecked,Unchecked,Unchecked,Unchecked,Unchecked,Unchecked,Unchecked,Unchecked,Unchecked,Unchecked,Unchecked,Unchecked,Unchecked,Unchecked,Unchecked,Unchecked,Unchecked,Unchecked,Unchecked,Unchecked,Unchecked,Unchecked,Unchecked,Unchecked,Unchecked,Unchecked,Unchecked,Unchecked,Unchecked,Unchecked,Unchecked,,No,,,"Prompt treatment (including scaling) needed",,Complete,Complete
32,Participant,2,,,,,,,,,,,,,,,,,,,,,,,,,,36,35-44,Male,,Middle,"Tailors, Dress Makers, Sewers, Upholsterers & Related Workers",English,,Yes,"2026-09-02 12:01:30",Rahul,,,,,Signature,1788330700036.png,,,Akshat,1788330711650.png,,,28.5657899,77.213642,,"https://www.google.com/maps?q=28.5657899,77.213642",1788330723509.png,No,Unchecked,Unchecked,Unchecked,No,Toothbrush,Unchecked,Checked,Unchecked,Unchecked,Unchecked,,Fluoridated,Once,Twice,Yes,No,Unchecked,Unchecked,Unchecked,Unchecked,Unchecked,Unchecked,Unchecked,Unchecked,Unchecked,Unchecked,Unchecked,,,,,Unchecked,Checked,Unchecked,Unchecked,Unchecked,Unchecked,Unchecked,Unchecked,Unchecked,Good,,,,,,,,,,,,,,,,,,,,,,,,,,,,,,,,,,,,,,,,,,,,,,,,,Sound,"No bleeding","No pocket","Coronal caries","No bleeding","No pocket",Sound,"No bleeding","No pocket",Sound,"No bleeding","No pocket",Sound,"No bleeding","No pocket",Normal,Sound,"No bleeding","No pocket",Normal,Sound,"No bleeding","No pocket",Normal,Sound,"No bleeding","No pocket",Normal,Sound,"No bleeding","No pocket",Normal,Sound,"No bleeding","No pocket",Normal,Sound,"No bleeding","No pocket",Normal,Sound,"No bleeding","No pocket",Normal,Sound,"No bleeding","No pocket",Sound,"No bleeding","No pocket",Sound,"No bleeding","No pocket",Unerupted,"Not recorded","Not recorded",Unerupted,"Not recorded","Not recorded","Coronal caries","No bleeding","No pocket",Sound,"No bleeding","No pocket",Normal,Sound,"No bleeding","No pocket",Sound,"No bleeding","No pocket",Sound,"No bleeding","No pocket",Sound,Bleeding,"No pocket",Sound,Bleeding,"No pocket",Sound,"No bleeding","No pocket",Sound,"No bleeding","No pocket",Sound,"No bleeding","No pocket","Coronal caries","No bleeding","No pocket",Sound,"No bleeding","No pocket",Sound,"No bleeding","No pocket",Normal,"Coronal caries","No bleeding","No pocket",Unerupted,"Not recorded","Not recorded","0-3 mm",,"0-3 mm","0-3 mm","0-3 mm","0-3 mm",Normal,"No sign",,Absent,,Present,18,"No sign",,No,No,No,No,0,0,"No crowding","No spacing",0,0,0,2,0,Normal,0,No,Unchecked,Unchecked,Unchecked,Unchecked,Unchecked,Unchecked,Unchecked,Unchecked,Unchecked,Unchecked,Unchecked,Unchecked,Unchecked,Unchecked,Unchecked,Unchecked,Unchecked,Unchecked,Unchecked,Unchecked,Unchecked,Unchecked,Unchecked,Unchecked,Unchecked,Unchecked,Unchecked,Unchecked,Unchecked,Unchecked,Unchecked,Unchecked,Unchecked,Unchecked,Unchecked,Unchecked,Unchecked,Unchecked,Unchecked,Unchecked,Unchecked,Unchecked,Unchecked,Unchecked,Unchecked,Unchecked,Unchecked,Unchecked,Unchecked,Unchecked,Unchecked,Unchecked,Unchecked,Unchecked,Unchecked,Unchecked,Unchecked,Unchecked,Unchecked,Unchecked,Unchecked,Unchecked,Unchecked,Unchecked,Unchecked,Unchecked,Unchecked,Unchecked,Unchecked,Unchecked,Unchecked,Unchecked,,No,,,"Prompt treatment (including scaling) needed",,Complete,Complete
33,,,,,,,,,,,,,,,,,,,,,,,,,,Incomplete,,,,,,,,,,,,,,,,,,,,,,,,,,,,,,,,,,,,,,,,,,,,,,,,,,,,,,,,,,,,,,,,,,,,,,,,,,,,,,,,,,,,,,,,,,,,,,,,,,,,,,,,,,,,,,,,,,,,,,,,,,,,,,,,,,,,,,,,,,,,,,,,,,,,,,,,,,,,,,,,,,,,,,,,,,,,,,,,,,,,,,,,,,,,,,,,,,,,,,,,,,,,,,,,,,,,,,,,,,,,,,,,,,,,,,,,,,,,,,,,,,,,,,,,,,,,,,,,,,,,,,,,,,,,,,,,,,,,,,,,,,,,,,,,,,,,,,,,,,,,,,,,,,,,,,,,,,,,,,,,,,,,,,,,,,,,,,,,
33,Participant,1,,,,,,,,,,,,,,,,,,,,,,,,,13,36,35-44,Male,,"Graduate or higher","Accountants, Auditors And Related Workers",English,,Yes,"2026-09-02 10:40:12",Yash,,,,,Signature,1788324473124.png,,,Suraj,1788324484801.png,,,28.5657755,77.2130309,,"https://www.google.com/maps?q=28.5657755,77.2130309",1788325795456.png,No,Unchecked,Unchecked,Unchecked,No,Toothbrush,Unchecked,Checked,Unchecked,Unchecked,Unchecked,,Fluoridated,Twice,Once,No,No,Unchecked,Unchecked,Unchecked,Unchecked,Unchecked,Unchecked,Unchecked,Unchecked,Unchecked,Unchecked,Unchecked,,,,,Unchecked,Unchecked,Unchecked,Unchecked,Unchecked,Unchecked,Unchecked,Unchecked,Checked,Excellent,,,,,,,,,,,,,,,,,,,,,,,,,,,,,,,,,,,,,,,,,,,,,,,,,Sound,"No bleeding","No pocket",Sound,"No bleeding","No pocket",Sound,"No bleeding","No pocket",Sound,"No bleeding","No pocket",Sound,"No bleeding","No pocket",Normal,Sound,"No bleeding","No pocket",Normal,Sound,"No bleeding","No pocket",Normal,Sound,"No bleeding","No pocket",Normal,Sound,"No bleeding","No pocket",Normal,Sound,"No bleeding","No pocket",Normal,Sound,"No bleeding","No pocket",Normal,Sound,"No bleeding","No pocket","demarcated opacity",Sound,"No bleeding","No pocket",Sound,"No bleeding","No pocket",Sound,"No bleeding","No pocket",Sound,"No bleeding","No pocket",Sound,"No bleeding","No pocket",Sound,"No bleeding","No pocket",Sound,"No bleeding","No pocket",Normal,Sound,"No bleeding","No pocket",Sound,"No bleeding","No pocket",Sound,"No bleeding","No pocket",Sound,"No bleeding","No pocket",Sound,"No bleeding","No pocket",Sound,"No bleeding","No pocket",Sound,"No bleeding","No pocket",Sound,"No bleeding","No pocket",Sound,"No bleeding","No pocket",Sound,"No bleeding","No pocket",Sound,"No bleeding","No pocket",Normal,Sound,"No bleeding","No pocket",Sound,"No bleeding","No pocket","0-3 mm","0-3 mm","0-3 mm","0-3 mm","0-3 mm","0-3 mm",Normal,"No sign",,Absent,,Present,8,"No sign",,No,No,No,No,0,0,"Crowding present in Upper and Lower arches","No spacing",0,2,2,1,0,"Half cusp",0.5,No,Unchecked,Unchecked,Unchecked,Unchecked,Unchecked,Unchecked,Unchecked,Unchecked,Unchecked,Unchecked,Unchecked,Unchecked,Unchecked,Unchecked,Unchecked,Unchecked,Unchecked,Unchecked,Unchecked,Unchecked,Unchecked,Unchecked,Unchecked,Unchecked,Unchecked,Unchecked,Unchecked,Unchecked,Unchecked,Unchecked,Unchecked,Unchecked,Unchecked,Unchecked,Unchecked,Unchecked,Unchecked,Unchecked,Unchecked,Unchecked,Unchecked,Unchecked,Unchecked,Unchecked,Unchecked,Unchecked,Unchecked,Unchecked,Unchecked,Unchecked,Unchecked,Unchecked,Unchecked,Unchecked,Unchecked,Unchecked,Unchecked,Unchecked,Unchecked,Unchecked,Unchecked,Unchecked,Unchecked,Unchecked,Unchecked,Unchecked,Unchecked,Unchecked,Unchecked,Unchecked,Unchecked,Unchecked,,No,,,"Preventive or routine treatment needed",,Complete,Complete
33,Participant,2,,,,,,,,,,,,,,,,,,,,,,,,,,36,35-44,Male,,"Graduate or higher","Accountants, Auditors And Related Workers",English,,Yes,"2026-09-02 12:08:38",Yash,,,,,Signature,1788331130490.png,,,Akshat,1788331139504.png,,,28.5657683,77.213658,,"https://www.google.com/maps?q=28.5657683,77.213658",1788331144157.png,No,Unchecked,Unchecked,Unchecked,No,Toothbrush,Unchecked,Checked,Unchecked,Unchecked,Unchecked,,Fluoridated,Twice,Once,No,No,Unchecked,Unchecked,Unchecked,Unchecked,Unchecked,Unchecked,Unchecked,Unchecked,Unchecked,Unchecked,Unchecked,,,,,Unchecked,Unchecked,Unchecked,Unchecked,Unchecked,Unchecked,Unchecked,Unchecked,Checked,Excellent,,,,,,,,,,,,,,,,,,,,,,,,,,,,,,,,,,,,,,,,,,,,,,,,,Sound,"No bleeding","No pocket",Sound,"No bleeding","No pocket",Sound,"No bleeding","No pocket",Sound,"No bleeding","No pocket",Sound,"No bleeding","No pocket","demarcated opacity",Sound,"No bleeding","No pocket",Normal,Sound,Bleeding,"No pocket",Normal,Sound,"No bleeding","No pocket",Normal,Sound,"No bleeding","No pocket",Normal,Sound,"No bleeding","No pocket",Normal,Sound,"No bleeding","No pocket",Normal,Sound,"No bleeding","No pocket",Normal,Sound,"No bleeding","No pocket",Sound,"No bleeding","No pocket",Sound,"No bleeding","No pocket",Sound,"No bleeding","No pocket",Sound,"No bleeding","No pocket",Sound,"No bleeding","No pocket",Sound,"No bleeding","No pocket",Normal,Sound,"No bleeding","No pocket",Sound,"No bleeding","No pocket",Sound,"No bleeding","No pocket",Sound,"No bleeding","No pocket",Sound,"No bleeding","No pocket",Sound,"No bleeding","No pocket",Sound,"No bleeding","No pocket",Sound,"No bleeding","No pocket",Sound,"No bleeding","No pocket",Sound,"No bleeding","No pocket",Sound,"No bleeding","No pocket",Normal,Sound,"No bleeding","No pocket",Sound,"No bleeding","No pocket","0-3 mm","0-3 mm","0-3 mm","0-3 mm","0-3 mm","0-3 mm",Normal,"No sign",,Absent,,Present,6,"No sign",,No,No,No,No,0,0,"Crowding present in Upper and Lower arches","No spacing",0,2,2,1,0,Normal,0,No,Unchecked,Unchecked,Unchecked,Unchecked,Unchecked,Unchecked,Unchecked,Unchecked,Unchecked,Unchecked,Unchecked,Unchecked,Unchecked,Unchecked,Unchecked,Unchecked,Unchecked,Unchecked,Unchecked,Unchecked,Unchecked,Unchecked,Unchecked,Unchecked,Unchecked,Unchecked,Unchecked,Unchecked,Unchecked,Unchecked,Unchecked,Unchecked,Unchecked,Unchecked,Unchecked,Unchecked,Unchecked,Unchecked,Unchecked,Unchecked,Unchecked,Unchecked,Unchecked,Unchecked,Unchecked,Unchecked,Unchecked,Unchecked,Unchecked,Unchecked,Unchecked,Unchecked,Unchecked,Unchecked,Unchecked,Unchecked,Unchecked,Unchecked,Unchecked,Unchecked,Unchecked,Unchecked,Unchecked,Unchecked,Unchecked,Unchecked,Unchecked,Unchecked,Unchecked,Unchecked,Unchecked,Unchecked,,No,,,"Preventive or routine treatment needed",,Complete,Complete
34,,,,,,,,,,,,,,,,,,,,,,,,,,Incomplete,,,,,,,,,,,,,,,,,,,,,,,,,,,,,,,,,,,,,,,,,,,,,,,,,,,,,,,,,,,,,,,,,,,,,,,,,,,,,,,,,,,,,,,,,,,,,,,,,,,,,,,,,,,,,,,,,,,,,,,,,,,,,,,,,,,,,,,,,,,,,,,,,,,,,,,,,,,,,,,,,,,,,,,,,,,,,,,,,,,,,,,,,,,,,,,,,,,,,,,,,,,,,,,,,,,,,,,,,,,,,,,,,,,,,,,,,,,,,,,,,,,,,,,,,,,,,,,,,,,,,,,,,,,,,,,,,,,,,,,,,,,,,,,,,,,,,,,,,,,,,,,,,,,,,,,,,,,,,,,,,,,,,,,,,,,,,,,,
34,Participant,1,,,,,,,,,,,,,,,,,,,,,,,,,14,15,12-15,Male,,,,English,Yes,Yes,"2026-09-02 10:52:25",Arsh,,Naushad,Father,,Signature,1788326770912.png,1788326780312.png,,Suraj,1788326794390.png,,,28.5657755,77.2130309,,"https://www.google.com/maps?q=28.5657755,77.2130309",1788326977087.png,No,Unchecked,Unchecked,Unchecked,,Toothbrush,Unchecked,Checked,Unchecked,Unchecked,Unchecked,,Fluoridated,Once,Once,No,No,Unchecked,Unchecked,Unchecked,Unchecked,Unchecked,Unchecked,Unchecked,Unchecked,Unchecked,Unchecked,Unchecked,,,,,Unchecked,Unchecked,Unchecked,Unchecked,Unchecked,Unchecked,Unchecked,Unchecked,Checked,Good,,"Permanent only",,,,,,,,,,,,,,,,,,,,,,,,,,,,,,,,,,,,,,,,,,,,,,,,,,Sound,"No bleeding",,Sound,"No bleeding",,Sound,"No bleeding",,Sound,"No bleeding",,Normal,Sound,"No bleeding",,Normal,Sound,"No bleeding",,Normal,Sound,"No bleeding",,Normal,Sound,"No bleeding",,Normal,Sound,"No bleeding",,Normal,Sound,"No bleeding",,Normal,Sound,"No bleeding",,Normal,Sound,"No bleeding",,Sound,"No bleeding",,Sound,"No bleeding",,,,,,,,Sound,"No bleeding",,Sound,"No bleeding",,Normal,Sound,"No bleeding",,Sound,"No bleeding",,Sound,Bleeding,,Sound,Bleeding,,Sound,Bleeding,,Sound,"No bleeding",,Sound,"No bleeding",,Sound,Bleeding,,Sound,Bleeding,,Sound,"No bleeding",,Sound,"No bleeding",,Normal,Sound,"No bleeding",,,,,,,,,,,Normal,"No sign",,,,,,"No sign",,,,,,0,0,"No crowding","Spacing present- Upper",0,1,1,2.5,0,Normal,0,No,Unchecked,Unchecked,Unchecked,Unchecked,Unchecked,Unchecked,Unchecked,Unchecked,Unchecked,Unchecked,Unchecked,Unchecked,Unchecked,Unchecked,Unchecked,Unchecked,Unchecked,Unchecked,Unchecked,Unchecked,Unchecked,Unchecked,Unchecked,Unchecked,Unchecked,Unchecked,Unchecked,Unchecked,Unchecked,Unchecked,Unchecked,Unchecked,Unchecked,Unchecked,Unchecked,Unchecked,Unchecked,Unchecked,Unchecked,Unchecked,Unchecked,Unchecked,Unchecked,Unchecked,Unchecked,Unchecked,Unchecked,Unchecked,Unchecked,Unchecked,Unchecked,Unchecked,Unchecked,Unchecked,Unchecked,Unchecked,Unchecked,Unchecked,Unchecked,Unchecked,Unchecked,Unchecked,Unchecked,Unchecked,Unchecked,Unchecked,Unchecked,Unchecked,Unchecked,Unchecked,Unchecked,Unchecked,,,,,"Prompt treatment (including scaling) needed",,Complete,Complete
34,Participant,2,,,,,,,,,,,,,,,,,,,,,,,,,,15,12-15,Male,,,,English,Yes,Yes,"2026-09-02 12:20:48",Arsh,,Naushad,Father,,Signature,1788331869647.png,1788331873280.png,,Akshat,1788331880661.png,,,28.5657897,77.2136536,,"https://www.google.com/maps?q=28.5657897,77.2136536",1788331885501.png,No,Unchecked,Unchecked,Unchecked,,Toothbrush,Unchecked,Checked,Unchecked,Unchecked,Unchecked,,Fluoridated,Once,Once,No,No,Unchecked,Unchecked,Unchecked,Unchecked,Unchecked,Unchecked,Unchecked,Unchecked,Unchecked,Unchecked,Unchecked,,,,,Unchecked,Unchecked,Unchecked,Unchecked,Unchecked,Unchecked,Unchecked,Unchecked,Checked,Good,,"Permanent only",,,,,,,,,,,,,,,,,,,,,,,,,,,,,,,,,,,,,,,,,,,,,,,,,,Sound,"No bleeding",,Sound,"No bleeding",,Sound,"No bleeding",,Sound,"No bleeding",,Normal,Sound,"No bleeding",,Normal,Sound,"No bleeding",,Normal,Sound,"No bleeding",,Normal,Sound,"No bleeding",,Normal,Sound,"No bleeding",,Normal,Sound,"No bleeding",,Normal,Sound,"No bleeding",,Normal,Sound,"No bleeding",,Sound,"No bleeding",,Sound,"No bleeding",,,,,,,,Sound,"No bleeding",,Sound,"No bleeding",,Normal,Sound,"No bleeding",,Sound,"No bleeding",,Sound,Bleeding,,Sound,Bleeding,,Sound,Bleeding,,Sound,Bleeding,,Sound,Bleeding,,Sound,Bleeding,,Sound,Bleeding,,Sound,"No bleeding",,Sound,"No bleeding",,Normal,Sound,"No bleeding",,,,,,,,,,,Normal,"No sign",,,,,,"No sign",,,,,,0,0,"Crowding present- Upper","Spacing present- Upper",0,1,1,3,0,Normal,0,No,Unchecked,Unchecked,Unchecked,Unchecked,Unchecked,Unchecked,Unchecked,Unchecked,Unchecked,Unchecked,Unchecked,Unchecked,Unchecked,Unchecked,Unchecked,Unchecked,Unchecked,Unchecked,Unchecked,Unchecked,Unchecked,Unchecked,Unchecked,Unchecked,Unchecked,Unchecked,Unchecked,Unchecked,Unchecked,Unchecked,Unchecked,Unchecked,Unchecked,Unchecked,Unchecked,Unchecked,Unchecked,Unchecked,Unchecked,Unchecked,Unchecked,Unchecked,Unchecked,Unchecked,Unchecked,Unchecked,Unchecked,Unchecked,Unchecked,Unchecked,Unchecked,Unchecked,Unchecked,Unchecked,Unchecked,Unchecked,Unchecked,Unchecked,Unchecked,Unchecked,Unchecked,Unchecked,Unchecked,Unchecked,Unchecked,Unchecked,Unchecked,Unchecked,Unchecked,Unchecked,Unchecked,Unchecked,,,,,"Referred for comprehensive evaluation or medical treatment (systemic condition)","Leukemia patient ",Complete,Complete
35,,,,,,,,,,,,,,,,,,,,,,,,,,Incomplete,,,,,,,,,,,,,,,,,,,,,,,,,,,,,,,,,,,,,,,,,,,,,,,,,,,,,,,,,,,,,,,,,,,,,,,,,,,,,,,,,,,,,,,,,,,,,,,,,,,,,,,,,,,,,,,,,,,,,,,,,,,,,,,,,,,,,,,,,,,,,,,,,,,,,,,,,,,,,,,,,,,,,,,,,,,,,,,,,,,,,,,,,,,,,,,,,,,,,,,,,,,,,,,,,,,,,,,,,,,,,,,,,,,,,,,,,,,,,,,,,,,,,,,,,,,,,,,,,,,,,,,,,,,,,,,,,,,,,,,,,,,,,,,,,,,,,,,,,,,,,,,,,,,,,,,,,,,,,,,,,,,,,,,,,,,,,,,,
35,Participant,1,,,,,,,,,,,,,,,,,,,,,,,,,18,12,12-15,Male,,,,English,Yes,Yes,"2026-09-02 12:02:17","Arham Shaikh",,"Jaman Ara",Mother,,Signature,1788332036888.png,1788332057034.png,,Ritik,1788332074048.png,Anup,1788332089791.png,28.5657104,77.2132586,,"https://www.google.com/maps?q=28.5657104,77.2132586",1788332102159.png,No,Unchecked,Unchecked,Unchecked,,Toothbrush,Unchecked,Checked,Unchecked,Unchecked,Unchecked,,Fluoridated,Once,Once,Yes,Yes,Checked,Unchecked,Unchecked,Unchecked,Unchecked,Unchecked,Unchecked,Unchecked,Unchecked,Unchecked,Unchecked,,"public facility",,,Unchecked,Unchecked,Unchecked,Unchecked,Unchecked,Unchecked,Unchecked,Unchecked,Unchecked,Average,,"Mixed dentition",,"Not recorded","Not recorded","Filled no caries","No bleeding",Sound,"No bleeding",,,,,,,,,Sound,Bleeding,Sound,"No bleeding","Not recorded","Not recorded","Not recorded","Not recorded","Not recorded","Not recorded",Sound,"No bleeding",,,,,,,,,Sound,"No bleeding",Sound,"No bleeding","Not recorded","Not recorded",,,,,,,,,Unerupted,"No bleeding",,Sound,"No bleeding",,"Not recorded","Not recorded",,"Not recorded","Not recorded",,"not recorded","Not recorded","Not recorded",,"not recorded",Unerupted,"Not recorded",,"not recorded",Sound,"No bleeding",,"demarcated opacity","Coronal caries",Bleeding,,Normal,Unerupted,"Not recorded",,"not recorded","Not recorded","Not recorded",,"not recorded",Sound,Bleeding,,Normal,Unerupted,"No bleeding",,Sound,"No bleeding",,"Not recorded","Not recorded",,,,,,,,,,,,,,,,,,,,,,,,,,,,,,,,,,,,,,,,,,,,,,,,,Unerupted,"Not recorded",,,,,,,,,,,Normal,"Enamel erosion",,,,,,"No sign",,,,,,,,"No crowding","Spacing present- Upper",,,,0,1,,,No,Unchecked,Unchecked,Unchecked,Unchecked,Unchecked,Unchecked,Unchecked,Unchecked,Unchecked,Unchecked,Unchecked,Unchecked,Unchecked,Unchecked,Unchecked,Unchecked,Unchecked,Unchecked,Unchecked,Unchecked,Unchecked,Unchecked,Unchecked,Unchecked,Unchecked,Unchecked,Unchecked,Unchecked,Unchecked,Unchecked,Unchecked,Unchecked,Unchecked,Unchecked,Unchecked,Unchecked,Unchecked,Unchecked,Unchecked,Unchecked,Unchecked,Unchecked,Unchecked,Unchecked,Unchecked,Unchecked,Unchecked,Unchecked,Unchecked,Unchecked,Unchecked,Unchecked,Unchecked,Unchecked,Unchecked,Unchecked,Unchecked,Unchecked,Unchecked,Unchecked,Unchecked,Unchecked,Unchecked,Unchecked,Unchecked,Unchecked,Unchecked,Unchecked,Unchecked,Unchecked,Unchecked,Unchecked,,,,,"Prompt treatment (including scaling) needed",,Complete,Incomplete
36,,,,4,"Willing to participate",,"Piped water",Yes,Yes,Yes,Yes,No,Yes,No,Yes,No,,No,No,No,No,No,RCC/Concrete/Cement,"LPG/Natural gas/Electricity","Pit latrine/Flush toilet",Complete,,,,,,,,,,,,,,,,,,,,,,,,,,,,,,,,,,,,,,,,,,,,,,,,,,,,,,,,,,,,,,,,,,,,,,,,,,,,,,,,,,,,,,,,,,,,,,,,,,,,,,,,,,,,,,,,,,,,,,,,,,,,,,,,,,,,,,,,,,,,,,,,,,,,,,,,,,,,,,,,,,,,,,,,,,,,,,,,,,,,,,,,,,,,,,,,,,,,,,,,,,,,,,,,,,,,,,,,,,,,,,,,,,,,,,,,,,,,,,,,,,,,,,,,,,,,,,,,,,,,,,,,,,,,,,,,,,,,,,,,,,,,,,,,,,,,,,,,,,,,,,,,,,,,,,,,,,,,,,,,,,,,,,,,,,,,,,,,
36,Participant,1,,,,,,,,,,,,,,,,,,,,,,,,,13,35,35-44,Male,,Secondary,"Cooks, Waiters, Bartenders And Related Workers (Domestic & Institutional)",English,,Yes,"2026-09-02 14:53:46","RUDRADEB CHAUHAN",,,,,Signature,1788407732718.png,1788407751180.png,,Manish,1788407762060.png,,,28.5643242,77.2143958,,,1788408635038.png,No,Unchecked,Unchecked,Unchecked,No,Datun/Miswak,Checked,Unchecked,Unchecked,Unchecked,Unchecked,,,Once,"Did not consume",Yes,Yes,Unchecked,Unchecked,Unchecked,Unchecked,Checked,Unchecked,Unchecked,Unchecked,Unchecked,Unchecked,Unchecked,,"public facility",,,Unchecked,Unchecked,Unchecked,Unchecked,Unchecked,Unchecked,Unchecked,Unchecked,Unchecked,Good,,,,,,,,,,,,,,,,,,,,,,,,,,,,,,,,,,,,,,,,,,,,,,,,,"Coronal caries","No bleeding","No pocket",Sound,Bleeding,"No pocket",Sound,"No bleeding","No pocket",Sound,Bleeding,"No pocket","Coronal caries",Bleeding,"No pocket","diffuse opacity",Sound,"No bleeding","No pocket",Normal,Sound,"No bleeding","No pocket",Normal,Sound,"No bleeding","No pocket",Normal,Sound,"No bleeding","No pocket",Normal,Sound,"No bleeding","No pocket",Normal,Sound,"No bleeding","No pocket",Normal,Sound,"No bleeding","No pocket",Normal,Sound,"No bleeding","No pocket",Sound,"No bleeding","No pocket",Sound,"No bleeding","No pocket","Coronal caries","No bleeding","No pocket","Coronal caries","No bleeding","No pocket","Coronal caries","No bleeding","No pocket","Missing due to caries","Not recorded","Not recorded","not recorded",Sound,"No bleeding","No pocket",Sound,"No bleeding","No pocket",Sound,"No bleeding","No pocket",Sound,"No bleeding","No pocket",Sound,"No bleeding","No pocket",Sound,"No bleeding","No pocket",Sound,"No bleeding","No pocket",Sound,"No bleeding","No pocket",Sound,"No bleeding","No pocket",Sound,"No bleeding","No pocket","Missing due to caries","Not recorded","Not recorded","not recorded","Not recorded","Not recorded","Not recorded",Sound,"No bleeding","No pocket","0-3 mm","0-3 mm","0-3 mm","0-3 mm","0-3 mm","0-3 mm",Normal,"No sign",,Absent,,Absent,,"No sign",,No,No,No,No,0,0,"No crowding","No spacing",0,0,0,3,2,"Full cusp",0,No,Unchecked,Unchecked,Unchecked,Unchecked,Unchecked,Unchecked,Unchecked,Unchecked,Unchecked,Unchecked,Unchecked,Unchecked,Unchecked,Unchecked,Unchecked,Unchecked,Unchecked,Unchecked,Unchecked,Unchecked,Unchecked,Unchecked,Unchecked,Unchecked,Unchecked,Unchecked,Unchecked,Unchecked,Unchecked,Unchecked,Unchecked,Unchecked,Unchecked,Unchecked,Unchecked,Unchecked,Unchecked,Unchecked,Unchecked,Unchecked,Unchecked,Unchecked,Unchecked,Unchecked,Unchecked,Unchecked,Unchecked,Unchecked,Unchecked,Unchecked,Unchecked,Unchecked,Unchecked,Unchecked,Unchecked,Unchecked,Unchecked,Unchecked,Unchecked,Unchecked,Unchecked,Unchecked,Unchecked,Unchecked,Unchecked,Unchecked,Unchecked,Unchecked,Unchecked,Unchecked,Unchecked,Unchecked,,No,,,"Immediate (urgent) treatment due to pain or infection of dental and / or oral origin",,Complete,Complete
36,Participant,2,,,,,,,,,,,,,,,,,,,,,,,,,,35,35-44,Male,,Secondary,"Cooks, Waiters, Bartenders And Related Workers (Domestic & Institutional)",English,,Yes,"2026-09-02 15:09:12","Rudradeb chauhan",,,,,Signature,1788341966347.png,,,Manish,1788341977568.png,,,28.5657566,77.2136432,,,1788341982550.png,No,Unchecked,Unchecked,Unchecked,No,Datun/Miswak,Checked,Unchecked,Unchecked,Unchecked,Unchecked,,,Once,Once,Yes,Yes,Unchecked,Unchecked,Unchecked,Unchecked,Checked,Unchecked,Unchecked,Unchecked,Unchecked,Unchecked,Unchecked,,"public facility",,,Unchecked,Unchecked,Unchecked,Unchecked,Unchecked,Unchecked,Unchecked,Unchecked,Unchecked,Good,,,,,,,,,,,,,,,,,,,,,,,,,,,,,,,,,,,,,,,,,,,,,,,,,"Coronal caries","No bleeding","No pocket",Sound,Bleeding,"No pocket",Sound,"No bleeding","No pocket",Sound,Bleeding,"No pocket","Coronal caries",Bleeding,"No pocket","diffuse opacity",Sound,"No bleeding","No pocket",Normal,Sound,"No bleeding","No pocket",Normal,Sound,"No bleeding","No pocket",Normal,Sound,"No bleeding","No pocket",Normal,Sound,"No bleeding","No pocket",Normal,Sound,"No bleeding","No pocket",Normal,Sound,"No bleeding","No pocket",Normal,Sound,"No bleeding","No pocket",Sound,"No bleeding","No pocket",Sound,"No bleeding","No pocket","Coronal caries","No bleeding","No pocket","Coronal caries","No bleeding","No pocket","Coronal caries","No bleeding","No pocket","Missing due to caries","Not recorded","Not recorded","not recorded",Sound,"No bleeding","No pocket",Sound,"No bleeding","No pocket",Sound,"No bleeding","No pocket",Sound,"No bleeding","No pocket",Sound,"No bleeding","No pocket",Sound,"No bleeding","No pocket",Sound,"No bleeding","No pocket",Sound,"No bleeding","No pocket",Sound,"No bleeding","No pocket",Sound,"No bleeding","No pocket","Missing due to caries","Not recorded","Not recorded","not recorded","Not recorded","Not recorded","Not recorded",Sound,"No bleeding","No pocket","0-3 mm","0-3 mm","0-3 mm","0-3 mm","0-3 mm","0-3 mm",Normal,"No sign",,Absent,,Absent,,"No sign",,No,No,No,No,0,0,"No crowding","No spacing",0,0,0,3,2,Normal,0,No,Unchecked,Unchecked,Unchecked,Unchecked,Unchecked,Unchecked,Unchecked,Unchecked,Unchecked,Unchecked,Unchecked,Unchecked,Unchecked,Unchecked,Unchecked,Unchecked,Unchecked,Unchecked,Unchecked,Unchecked,Unchecked,Unchecked,Unchecked,Unchecked,Unchecked,Unchecked,Unchecked,Unchecked,Unchecked,Unchecked,Unchecked,Unchecked,Unchecked,Unchecked,Unchecked,Unchecked,Unchecked,Unchecked,Unchecked,Unchecked,Unchecked,Unchecked,Unchecked,Unchecked,Unchecked,Unchecked,Unchecked,Unchecked,Unchecked,Unchecked,Unchecked,Unchecked,Unchecked,Unchecked,Unchecked,Unchecked,Unchecked,Unchecked,Unchecked,Unchecked,Unchecked,Unchecked,Unchecked,Unchecked,Unchecked,Unchecked,Unchecked,Unchecked,Unchecked,Unchecked,Unchecked,Unchecked,,No,,,"Immediate (urgent) treatment due to pain or infection of dental and / or oral origin",,Complete,Complete
37,,,,,,,,,,,,,,,,,,,,,,,,,,Incomplete,,,,,,,,,,,,,,,,,,,,,,,,,,,,,,,,,,,,,,,,,,,,,,,,,,,,,,,,,,,,,,,,,,,,,,,,,,,,,,,,,,,,,,,,,,,,,,,,,,,,,,,,,,,,,,,,,,,,,,,,,,,,,,,,,,,,,,,,,,,,,,,,,,,,,,,,,,,,,,,,,,,,,,,,,,,,,,,,,,,,,,,,,,,,,,,,,,,,,,,,,,,,,,,,,,,,,,,,,,,,,,,,,,,,,,,,,,,,,,,,,,,,,,,,,,,,,,,,,,,,,,,,,,,,,,,,,,,,,,,,,,,,,,,,,,,,,,,,,,,,,,,,,,,,,,,,,,,,,,,,,,,,,,,,,,,,,,,,
37,Participant,1,,,,,,,,,,,,,,,,,,,,,,,,,14,38,35-44,Male,,"Graduate or higher","Professional Workers, N.E.C.",English,,Yes,"2026-09-02 15:18:21",Sunil,,,,,Signature,1788341245540.png,,,Suraj,1788341259144.png,,,28.5657755,77.2130309,,"https://www.google.com/maps?q=28.5657755,77.2130309",1788341272695.png,No,Unchecked,Unchecked,Unchecked,No,Toothbrush,Unchecked,Checked,Unchecked,Unchecked,Unchecked,,Non-fluoridated,Once,"Thrice or more",Yes,Yes,Checked,Unchecked,Unchecked,Unchecked,Unchecked,Unchecked,Unchecked,Unchecked,Unchecked,Unchecked,Unchecked,,"public facility",,,Unchecked,Unchecked,Unchecked,Unchecked,Unchecked,Unchecked,Unchecked,Unchecked,Unchecked,Average,,,,,,,,,,,,,,,,,,,,,,,,,,,,,,,,,,,,,,,,,,,,,,,,,Unerupted,"Not recorded","Not recorded",Sound,"No bleeding","No pocket",Sound,"No bleeding","No pocket",Sound,"No bleeding","No pocket",Sound,"No bleeding","No pocket","diffuse opacity",Sound,"No bleeding","No pocket",Normal,Sound,"No bleeding","No pocket",Normal,Sound,"No bleeding","No pocket",Normal,Sound,"No bleeding","No pocket",Normal,Sound,"No bleeding","No pocket",Normal,Sound,"No bleeding","No pocket",Normal,Sound,"No bleeding","No pocket",Normal,Sound,Bleeding,"No pocket",Sound,"No bleeding","No pocket",Sound,"No bleeding","No pocket",Sound,"No bleeding","No pocket","Coronal caries","No bleeding","No pocket","Coronal caries","No bleeding","No pocket","Coronal caries","No bleeding","No pocket",Normal,Sound,"No bleeding","No pocket",Sound,"No bleeding","No pocket",Sound,"No bleeding","No pocket",Sound,"No bleeding","No pocket",Sound,"No bleeding","No pocket",Sound,"No bleeding","No pocket",Sound,"No bleeding","No pocket",Sound,"No bleeding","No pocket",Sound,"No bleeding","No pocket",Sound,"No bleeding","No pocket","Coronal caries","No bleeding","No pocket",Normal,Sound,"No bleeding","No pocket",Unerupted,"Not recorded","Not recorded","0-3 mm","0-3 mm","0-3 mm","0-3 mm","0-3 mm","0-3 mm",Normal,"No sign",,Present,2,Present,14,"Treated injury",1,No,No,No,No,0,0,"No crowding","No spacing",0,0,0,1,0,Normal,0,No,Unchecked,Unchecked,Unchecked,Unchecked,Unchecked,Unchecked,Unchecked,Unchecked,Unchecked,Unchecked,Unchecked,Unchecked,Unchecked,Unchecked,Unchecked,Unchecked,Unchecked,Unchecked,Unchecked,Unchecked,Unchecked,Unchecked,Unchecked,Unchecked,Unchecked,Unchecked,Unchecked,Unchecked,Unchecked,Unchecked,Unchecked,Unchecked,Unchecked,Unchecked,Unchecked,Unchecked,Unchecked,Unchecked,Unchecked,Unchecked,Unchecked,Unchecked,Unchecked,Unchecked,Unchecked,Unchecked,Unchecked,Unchecked,Unchecked,Unchecked,Unchecked,Unchecked,Unchecked,Unchecked,Unchecked,Unchecked,Unchecked,Unchecked,Unchecked,Unchecked,Unchecked,Unchecked,Unchecked,Unchecked,Unchecked,Unchecked,Unchecked,Unchecked,Unchecked,Unchecked,Unchecked,Unchecked,,No,,,"Prompt treatment (including scaling) needed",,Complete,Complete
37,Participant,2,,,,,,,,,,,,,,,,,,,,,,,,,,38,35-44,Male,,"Graduate or higher","Professional Workers, N.E.C.",English,,Yes,"2026-09-02 15:25:58",Sunil,,,,,Signature,1788342964818.png,,,Sooraj,1788342976810.png,,,28.565784,77.213646,,"https://www.google.com/maps?q=28.565784,77.213646",1788342981065.png,No,Unchecked,Unchecked,Unchecked,No,Toothbrush,Unchecked,Checked,Unchecked,Unchecked,Unchecked,,Non-fluoridated,Once,"Thrice or more",Yes,Yes,Checked,Unchecked,Unchecked,Unchecked,Unchecked,Unchecked,Unchecked,Unchecked,Unchecked,Unchecked,Unchecked,,"public facility",,,Unchecked,Unchecked,Unchecked,Unchecked,Unchecked,Unchecked,Unchecked,Unchecked,Unchecked,Average,,,,,,,,,,,,,,,,,,,,,,,,,,,,,,,,,,,,,,,,,,,,,,,,,Unerupted,"Not recorded","Not recorded",Sound,"No bleeding","No pocket",Sound,"No bleeding","No pocket",Sound,"No bleeding","No pocket",Sound,"No bleeding","No pocket","diffuse opacity",Sound,"No bleeding","No pocket",Normal,Sound,"No bleeding",,,Sound,"No bleeding","No pocket",Normal,Sound,"No bleeding","No pocket","other defects",Sound,"No bleeding","No pocket",Normal,Sound,"No bleeding","No pocket",Normal,Sound,"No bleeding","No pocket",Normal,Sound,Bleeding,"No pocket",Sound,"No bleeding","No pocket",Sound,"No bleeding","No pocket",Unerupted,"Not recorded","Not recorded","Coronal caries","No bleeding","No pocket","Coronal caries","No bleeding","No pocket","Coronal caries","No bleeding","No pocket",Normal,Sound,"No bleeding","No pocket",Sound,"No bleeding","No pocket",Sound,"No bleeding","No pocket",Sound,"No bleeding","No pocket",Sound,"No bleeding","No pocket",Sound,"No bleeding","No pocket",Sound,"No bleeding","No pocket",Sound,"No bleeding","No pocket",Sound,"No bleeding","No pocket",Sound,"No bleeding","No pocket","Coronal caries","No bleeding","No pocket",Normal,Sound,"No bleeding","No pocket",Unerupted,"Not recorded","Not recorded","0-3 mm","0-3 mm","0-3 mm","0-3 mm","0-3 mm","0-3 mm",Normal,"No sign",,Present,2,Present,12,"Treated injury",1,No,No,No,No,0,0,"No crowding","No spacing",0,0,0,1,0,Normal,0,No,Unchecked,Unchecked,Unchecked,Unchecked,Unchecked,Unchecked,Unchecked,Unchecked,Unchecked,Unchecked,Unchecked,Unchecked,Unchecked,Unchecked,Unchecked,Unchecked,Unchecked,Unchecked,Unchecked,Unchecked,Unchecked,Unchecked,Unchecked,Unchecked,Unchecked,Unchecked,Unchecked,Unchecked,Unchecked,Unchecked,Unchecked,Unchecked,Unchecked,Unchecked,Unchecked,Unchecked,Unchecked,Unchecked,Unchecked,Unchecked,Unchecked,Unchecked,Unchecked,Unchecked,Unchecked,Unchecked,Unchecked,Unchecked,Unchecked,Unchecked,Unchecked,Unchecked,Unchecked,Unchecked,Unchecked,Unchecked,Unchecked,Unchecked,Unchecked,Unchecked,Unchecked,Unchecked,Unchecked,Unchecked,Unchecked,Unchecked,Unchecked,Unchecked,Unchecked,Unchecked,Unchecked,Unchecked,,No,,,"Prompt treatment (including scaling) needed",,Complete,Complete
38,,,,,,,,,,,,,,,,,,,,,,,,,,Incomplete,,,,,,,,,,,,,,,,,,,,,,,,,,,,,,,,,,,,,,,,,,,,,,,,,,,,,,,,,,,,,,,,,,,,,,,,,,,,,,,,,,,,,,,,,,,,,,,,,,,,,,,,,,,,,,,,,,,,,,,,,,,,,,,,,,,,,,,,,,,,,,,,,,,,,,,,,,,,,,,,,,,,,,,,,,,,,,,,,,,,,,,,,,,,,,,,,,,,,,,,,,,,,,,,,,,,,,,,,,,,,,,,,,,,,,,,,,,,,,,,,,,,,,,,,,,,,,,,,,,,,,,,,,,,,,,,,,,,,,,,,,,,,,,,,,,,,,,,,,,,,,,,,,,,,,,,,,,,,,,,,,,,,,,,,,,,,,,,
38,Participant,1,,,,,,,,,,,,,,,,,,,,,,,,,16,38,35-44,Male,,"Graduate or higher","Professional Workers, N.E.C.",English,,Yes,"2026-09-02 14:57:34",Sunil,,,,,Signature,1788342059109.png,,,Manish,1788342077730.png,,,,,,"https://www.google.com/maps?q=,",1788342102432.png,No,Unchecked,Unchecked,Unchecked,No,Toothbrush,Unchecked,Checked,Unchecked,Unchecked,Unchecked,,Non-fluoridated,Once,"Thrice or more",Yes,Yes,Checked,Unchecked,Unchecked,Unchecked,Unchecked,Unchecked,Unchecked,Unchecked,Unchecked,Unchecked,Unchecked,,"public facility",,,Unchecked,Unchecked,Unchecked,Unchecked,Unchecked,Unchecked,Unchecked,Unchecked,Unchecked,Average,,,,,,,,,,,,,,,,,,,,,,,,,,,,,,,,,,,,,,,,,,,,,,,,,Unerupted,"Not recorded","Not recorded",Sound,"No bleeding","No pocket",Sound,"No bleeding","No pocket",Sound,"No bleeding","No pocket",Sound,"No bleeding","No pocket","diffuse opacity",Sound,"No bleeding","No pocket",Normal,Sound,"No bleeding","No pocket",Normal,Sound,"No bleeding","No pocket",Normal,Sound,"No bleeding","No pocket","other defects",Sound,"No bleeding","No pocket",Normal,Sound,"No bleeding","No pocket",Normal,Sound,"No bleeding","No pocket",Normal,Sound,Bleeding,"No pocket",Sound,"No bleeding","No pocket",Sound,"No bleeding","No pocket",Unerupted,"Not recorded","Not recorded","Coronal caries","No bleeding","No pocket","Coronal caries","No bleeding","No pocket","Coronal caries","No bleeding","No pocket",Normal,Sound,"No bleeding","No pocket",Sound,"No bleeding","No pocket",Sound,"No bleeding","No pocket",Sound,"No bleeding","No pocket",Sound,"No bleeding","No pocket",Sound,"No bleeding","No pocket",Sound,"No bleeding","No pocket",Sound,"No bleeding","No pocket",Sound,"No bleeding","No pocket",Sound,"No bleeding","No pocket","Coronal caries","No bleeding","No pocket",Normal,Sound,"No bleeding","No pocket",Unerupted,"Not recorded","Not recorded","0-3 mm","0-3 mm","0-3 mm","0-3 mm","0-3 mm","0-3 mm",Normal,"No sign",,Present,2,Present,12,"Treated injury",1,No,No,No,No,0,0,"No crowding","No spacing",0,0,0,1,0,Normal,0,No,Unchecked,Unchecked,Unchecked,Unchecked,Unchecked,Unchecked,Unchecked,Unchecked,Unchecked,Unchecked,Unchecked,Unchecked,Unchecked,Unchecked,Unchecked,Unchecked,Unchecked,Unchecked,Unchecked,Unchecked,Unchecked,Unchecked,Unchecked,Unchecked,Unchecked,Unchecked,Unchecked,Unchecked,Unchecked,Unchecked,Unchecked,Unchecked,Unchecked,Unchecked,Unchecked,Unchecked,Unchecked,Unchecked,Unchecked,Unchecked,Unchecked,Unchecked,Unchecked,Unchecked,Unchecked,Unchecked,Unchecked,Unchecked,Unchecked,Unchecked,Unchecked,Unchecked,Unchecked,Unchecked,Unchecked,Unchecked,Unchecked,Unchecked,Unchecked,Unchecked,Unchecked,Unchecked,Unchecked,Unchecked,Unchecked,Unchecked,Unchecked,Unchecked,Unchecked,Unchecked,Unchecked,Unchecked,,No,,,"Prompt treatment (including scaling) needed",,Complete,Complete
38,Participant,2,,,,,,,,,,,,,,,,,,,,,,,,,,38,35-44,Male,,"Graduate or higher","Professional Workers, N.E.C.",English,,Yes,"2026-09-02 15:35:47",Sunil,,,,,Signature,1788343555053.png,,,Nhxtsf,1788343561780.png,,,,,,"https://www.google.com/maps?q=,",1788343567859.png,No,Unchecked,Unchecked,Unchecked,No,Toothbrush,Unchecked,Checked,Unchecked,Unchecked,Unchecked,,Non-fluoridated,Once,"Thrice or more",Yes,Yes,Checked,Unchecked,Unchecked,Unchecked,Unchecked,Unchecked,Unchecked,Unchecked,Unchecked,Unchecked,Unchecked,,"public facility",,,Unchecked,Unchecked,Unchecked,Unchecked,Unchecked,Unchecked,Unchecked,Unchecked,Unchecked,Average,,,,,,,,,,,,,,,,,,,,,,,,,,,,,,,,,,,,,,,,,,,,,,,,,Unerupted,"Not recorded","Not recorded",Sound,"No bleeding","No pocket",Sound,"No bleeding","No pocket",Sound,"No bleeding","No pocket",Sound,"No bleeding","No pocket","demarcated opacity",Sound,"No bleeding","No pocket",Normal,Sound,"No bleeding","No pocket",Normal,Sound,"No bleeding","No pocket",Normal,Sound,"No bleeding","No pocket",Normal,Sound,"No bleeding","No pocket",Normal,Sound,"No bleeding","No pocket",Normal,Sound,"No bleeding","No pocket",Normal,Sound,"No bleeding","No pocket",Sound,"No bleeding","No pocket",Sound,"No bleeding","No pocket",Unerupted,"Not recorded","Not recorded","Coronal caries","No bleeding","No pocket","Coronal caries","No bleeding","No pocket",Sound,"No bleeding","No pocket",Normal,Sound,"No bleeding","No pocket",Sound,"No bleeding","No pocket",Sound,"No bleeding","No pocket",Sound,"No bleeding","No pocket",Sound,"No bleeding","No pocket",Sound,"No bleeding","No pocket",Sound,"No bleeding","No pocket",Sound,"No bleeding","No pocket",Sound,"No bleeding","No pocket",Sound,"No bleeding","No pocket",Sound,"No bleeding","No pocket",Normal,Sound,"No bleeding",,Unerupted,"Not recorded","Not recorded","0-3 mm","0-3 mm","0-3 mm","0-3 mm","0-3 mm","0-3 mm",Normal,"No sign",,Present,3,Present,10,"Other damage",1,No,No,No,No,0,0,"No crowding","No spacing",0,0,0,1,0,Normal,0,No,Unchecked,Unchecked,Unchecked,Unchecked,Unchecked,Unchecked,Unchecked,Unchecked,Unchecked,Unchecked,Unchecked,Unchecked,Unchecked,Unchecked,Unchecked,Unchecked,Unchecked,Unchecked,Unchecked,Unchecked,Unchecked,Unchecked,Unchecked,Unchecked,Unchecked,Unchecked,Unchecked,Unchecked,Unchecked,Unchecked,Unchecked,Unchecked,Unchecked,Unchecked,Unchecked,Unchecked,Unchecked,Unchecked,Unchecked,Unchecked,Unchecked,Unchecked,Unchecked,Unchecked,Unchecked,Unchecked,Unchecked,Unchecked,Unchecked,Unchecked,Unchecked,Unchecked,Unchecked,Unchecked,Unchecked,Unchecked,Unchecked,Unchecked,Unchecked,Unchecked,Unchecked,Unchecked,Unchecked,Unchecked,Unchecked,Unchecked,Unchecked,Unchecked,Unchecked,Unchecked,Unchecked,Unchecked,,No,,,"Prompt treatment (including scaling) needed",,Complete,Complete
39,,,,,,,,,,,,,,,,,,,,,,,,,,Incomplete,,,,,,,,,,,,,,,,,,,,,,,,,,,,,,,,,,,,,,,,,,,,,,,,,,,,,,,,,,,,,,,,,,,,,,,,,,,,,,,,,,,,,,,,,,,,,,,,,,,,,,,,,,,,,,,,,,,,,,,,,,,,,,,,,,,,,,,,,,,,,,,,,,,,,,,,,,,,,,,,,,,,,,,,,,,,,,,,,,,,,,,,,,,,,,,,,,,,,,,,,,,,,,,,,,,,,,,,,,,,,,,,,,,,,,,,,,,,,,,,,,,,,,,,,,,,,,,,,,,,,,,,,,,,,,,,,,,,,,,,,,,,,,,,,,,,,,,,,,,,,,,,,,,,,,,,,,,,,,,,,,,,,,,,,,,,,,,,
39,Participant,1,,,,,,,,,,,,,,,,,,,,,,,,,12,35,35-44,Male,,Secondary,"Cooks, Waiters, Bartenders And Related Workers (Domestic & Institutional)",English,,Yes,"2026-09-02 14:31:54","Rudra dev chauhan",,,,,Signature,1788341291599.png,,,Manish,1788341308496.png,,,,,,"https://www.google.com/maps?q=,",1788341313068.png,No,Unchecked,Unchecked,Unchecked,No,Datun/Miswak,Checked,Unchecked,Unchecked,Unchecked,Unchecked,,,Once,"Did not consume",Yes,Yes,Unchecked,Unchecked,Unchecked,Unchecked,Checked,Unchecked,Unchecked,Unchecked,Unchecked,Unchecked,Unchecked,,"public facility",,,Unchecked,Unchecked,Unchecked,Unchecked,Unchecked,Unchecked,Unchecked,Unchecked,Unchecked,Good,,,,,,,,,,,,,,,,,,,,,,,,,,,,,,,,,,,,,,,,,,,,,,,,,"Coronal caries","No bleeding","No pocket",Sound,Bleeding,"No pocket",Sound,"No bleeding","No pocket",Sound,Bleeding,"No pocket","Coronal caries",Bleeding,"No pocket","diffuse opacity",Sound,"No bleeding","No pocket",Normal,Sound,"No bleeding","No pocket",Normal,Sound,"No bleeding","No pocket",Normal,Sound,"No bleeding","No pocket",Normal,Sound,"No bleeding","No pocket",Normal,Sound,"No bleeding","No pocket",Normal,Sound,"No bleeding","No pocket",Normal,Sound,"No bleeding","No pocket",Sound,"No bleeding","No pocket",Sound,"No bleeding","No pocket","Coronal caries","No bleeding","No pocket","Coronal caries","No bleeding","No pocket","Coronal caries","No bleeding","No pocket","Missing due to caries","Not recorded","Not recorded","not recorded",Sound,"No bleeding","No pocket",Sound,"No bleeding","No pocket",Sound,"No bleeding","No pocket",Sound,"No bleeding","No pocket",Sound,"No bleeding","No pocket",Sound,"No bleeding","No pocket",Sound,"No bleeding","No pocket",Sound,"No bleeding","No pocket",Sound,"No bleeding","No pocket",Sound,"No bleeding","No pocket","Missing due to caries","Not recorded","Not recorded","not recorded","Not recorded","No bleeding","No pocket",Sound,"No bleeding","No pocket","0-3 mm","0-3 mm","0-3 mm","0-3 mm","0-3 mm","0-3 mm",Normal,"No sign",,Absent,,Absent,,"No sign",,No,No,No,No,0,0,"No crowding","No spacing",0,0,0,3,2,Normal,0,No,Unchecked,Unchecked,Unchecked,Unchecked,Unchecked,Unchecked,Unchecked,Unchecked,Unchecked,Unchecked,Unchecked,Unchecked,Unchecked,Unchecked,Unchecked,Unchecked,Unchecked,Unchecked,Unchecked,Unchecked,Unchecked,Unchecked,Unchecked,Unchecked,Unchecked,Unchecked,Unchecked,Unchecked,Unchecked,Unchecked,Unchecked,Unchecked,Unchecked,Unchecked,Unchecked,Unchecked,Unchecked,Unchecked,Unchecked,Unchecked,Unchecked,Unchecked,Unchecked,Unchecked,Unchecked,Unchecked,Unchecked,Unchecked,Unchecked,Unchecked,Unchecked,Unchecked,Unchecked,Unchecked,Unchecked,Unchecked,Unchecked,Unchecked,Unchecked,Unchecked,Unchecked,Unchecked,Unchecked,Unchecked,Unchecked,Unchecked,Unchecked,Unchecked,Unchecked,Unchecked,Unchecked,Unchecked,,No,,,"Immediate (urgent) treatment due to pain or infection of dental and / or oral origin",,Complete,Complete
39,Participant,2,,,,,,,,,,,,,,,,,,,,,,,,,,35,35-44,Male,,Secondary,"Cooks, Waiters, Bartenders And Related Workers (Domestic & Institutional)",English,,Yes,"2026-09-02 15:08:13","Rudra dev chauhan",,,,,Signature,1788341913925.png,,,Manish,1788341923682.png,,,,,,"https://www.google.com/maps?q=,",1788341930242.png,No,Unchecked,Unchecked,Unchecked,No,Datun/Miswak,Checked,Unchecked,Unchecked,Unchecked,Unchecked,,,Once,Once,Yes,Yes,Unchecked,Unchecked,Unchecked,Unchecked,Checked,Unchecked,Unchecked,Unchecked,Unchecked,Unchecked,Unchecked,,"public facility",,,Unchecked,Unchecked,Unchecked,Unchecked,Unchecked,Unchecked,Unchecked,Unchecked,Unchecked,Good,,,,,,,,,,,,,,,,,,,,,,,,,,,,,,,,,,,,,,,,,,,,,,,,,"Coronal caries","No bleeding","No pocket",Sound,Bleeding,"No pocket",Sound,"No bleeding","No pocket",Sound,Bleeding,"No pocket","Coronal caries",Bleeding,"No pocket","diffuse opacity",Sound,"No bleeding","No pocket",Normal,Sound,"No bleeding","No pocket",Normal,Sound,"No bleeding","No pocket",Normal,Sound,"No bleeding","No pocket",Normal,Sound,"No bleeding","No pocket",Normal,Sound,"No bleeding","No pocket",Normal,Sound,"No bleeding","No pocket",Normal,Sound,"No bleeding","No pocket",Sound,"No bleeding","No pocket",Sound,"No bleeding","No pocket","Coronal caries","No bleeding","No pocket","Coronal caries","No bleeding","No pocket","Coronal caries","No bleeding","No pocket","Missing due to caries","Not recorded","Not recorded","not recorded",Sound,"No bleeding","No pocket",Sound,"No bleeding","No pocket",Sound,"No bleeding","No pocket",Sound,"No bleeding","No pocket",Sound,"No bleeding","No pocket",Sound,"No bleeding","No pocket",Sound,"No bleeding","No pocket",Sound,"No bleeding","No pocket",Sound,"No bleeding","No pocket",Sound,"No bleeding","No pocket","Missing due to caries","Not recorded","Not recorded","not recorded","Not recorded","Not recorded","Not recorded",Sound,"No bleeding","No pocket","0-3 mm","0-3 mm","0-3 mm","0-3 mm","0-3 mm","0-3 mm",Normal,"No sign",,Absent,,Absent,,"No sign",,No,No,No,No,0,0,"No crowding","No spacing",0,0,0,3,2,Normal,0,No,Unchecked,Unchecked,Unchecked,Unchecked,Unchecked,Unchecked,Unchecked,Unchecked,Unchecked,Unchecked,Unchecked,Unchecked,Unchecked,Unchecked,Unchecked,Unchecked,Unchecked,Unchecked,Unchecked,Unchecked,Unchecked,Unchecked,Unchecked,Unchecked,Unchecked,Unchecked,Unchecked,Unchecked,Unchecked,Unchecked,Unchecked,Unchecked,Unchecked,Unchecked,Unchecked,Unchecked,Unchecked,Unchecked,Unchecked,Unchecked,Unchecked,Unchecked,Unchecked,Unchecked,Unchecked,Unchecked,Unchecked,Unchecked,Unchecked,Unchecked,Unchecked,Unchecked,Unchecked,Unchecked,Unchecked,Unchecked,Unchecked,Unchecked,Unchecked,Unchecked,Unchecked,Unchecked,Unchecked,Unchecked,Unchecked,Unchecked,Unchecked,Unchecked,Unchecked,Unchecked,Unchecked,Unchecked,,No,,,"Immediate (urgent) treatment due to pain or infection of dental and / or oral origin",,Complete,Complete
40,,,,,,,,,,,,,,,,,,,,,,,,,,Incomplete,,,,,,,,,,,,,,,,,,,,,,,,,,,,,,,,,,,,,,,,,,,,,,,,,,,,,,,,,,,,,,,,,,,,,,,,,,,,,,,,,,,,,,,,,,,,,,,,,,,,,,,,,,,,,,,,,,,,,,,,,,,,,,,,,,,,,,,,,,,,,,,,,,,,,,,,,,,,,,,,,,,,,,,,,,,,,,,,,,,,,,,,,,,,,,,,,,,,,,,,,,,,,,,,,,,,,,,,,,,,,,,,,,,,,,,,,,,,,,,,,,,,,,,,,,,,,,,,,,,,,,,,,,,,,,,,,,,,,,,,,,,,,,,,,,,,,,,,,,,,,,,,,,,,,,,,,,,,,,,,,,,,,,,,,,,,,,,,
40,Participant,1,,,,,,,,,,,,,,,,,,,,,,,,,20,13,12-15,Male,,,,English,Yes,Yes,"2026-09-02 16:32:53",Dev,,Rahul,Father,,Signature,1788346989974.png,1788346995740.png,,Ritik,1788347013015.png,,,,,,"https://www.google.com/maps?q=,",1788347274941.png,No,Unchecked,Unchecked,Unchecked,,Toothbrush,Unchecked,Checked,Unchecked,Unchecked,Unchecked,,Fluoridated,Once,Twice,Yes,Yes,Unchecked,Unchecked,Unchecked,Checked,Unchecked,Unchecked,Unchecked,Unchecked,Unchecked,Unchecked,Unchecked,,"public facility",,,Unchecked,Unchecked,Unchecked,Unchecked,Unchecked,Unchecked,Unchecked,Unchecked,Unchecked,Average,,"Permanent only",,,,,,,,,,,,,,,,,,,,,,,,,,,,,,,,,,,,,,,,,,,,,,,,,,Sound,"No bleeding",,"Coronal caries","No bleeding",,"Root caries","No bleeding",,Sound,"No bleeding",,Normal,Sound,"No bleeding",,Normal,Sound,"No bleeding",,Normal,Sound,"No bleeding",,Normal,Sound,"No bleeding",,Normal,Sound,"No bleeding",,Normal,Sound,"No bleeding",,Normal,Sound,"No bleeding",,Normal,"Coronal caries","No bleeding",,"Coronal caries","No bleeding",,"Coronal caries","No bleeding",,,,,,,,Unerupted,"Not recorded",,"Filled no caries","No bleeding",,Normal,Sound,"No bleeding",,Sound,"No bleeding",,Sound,"No bleeding",,Sound,"No bleeding",,Sound,"No bleeding",,Sound,"No bleeding",,Sound,"No bleeding",,Sound,"No bleeding",,Sound,"No bleeding",,Sound,"No bleeding",,Sound,"No bleeding",,"demarcated opacity",Unerupted,"Not recorded",,,,,,,,,,,"Not recorded","No sign",,,,,,"No sign",,,,,,0,0,"No crowding","Spacing present- Upper",0,1,1,1,0,"Full cusp",0,No,Unchecked,Unchecked,Unchecked,Unchecked,Unchecked,Unchecked,Unchecked,Unchecked,Unchecked,Unchecked,Unchecked,Unchecked,Unchecked,Unchecked,Unchecked,Unchecked,Unchecked,Unchecked,Unchecked,Unchecked,Unchecked,Unchecked,Unchecked,Unchecked,Unchecked,Unchecked,Unchecked,Unchecked,Unchecked,Unchecked,Unchecked,Unchecked,Unchecked,Unchecked,Unchecked,Unchecked,Unchecked,Unchecked,Unchecked,Unchecked,Unchecked,Unchecked,Unchecked,Unchecked,Unchecked,Unchecked,Unchecked,Unchecked,Unchecked,Unchecked,Unchecked,Unchecked,Unchecked,Unchecked,Unchecked,Unchecked,Unchecked,Unchecked,Unchecked,Unchecked,Unchecked,Unchecked,Unchecked,Unchecked,Unchecked,Unchecked,Unchecked,Unchecked,Unchecked,Unchecked,Unchecked,Unchecked,,,,,"Immediate (urgent) treatment due to pain or infection of dental and / or oral origin",,Complete,Complete
40,Participant,2,,,,,,,,,,,,,,,,,,,,,,,,,,13,12-15,Male,,,,English,Yes,Yes,"2026-09-02 16:40:07",Dev,,Rahul,Father,,Signature,1788347427936.png,1788347436397.png,,Ritik,1788347446973.png,,,,,,"https://www.google.com/maps?q=,",1788347468452.png,No,Unchecked,Unchecked,Unchecked,,Toothbrush,Unchecked,Checked,Unchecked,Unchecked,Unchecked,,Fluoridated,Once,Twice,Yes,Yes,Unchecked,Unchecked,Unchecked,Checked,Unchecked,Unchecked,Unchecked,Unchecked,Unchecked,Unchecked,Unchecked,,"public facility",,,Unchecked,Unchecked,Unchecked,Unchecked,Unchecked,Unchecked,Unchecked,Unchecked,Unchecked,Good,,"Permanent only",,,,,,,,,,,,,,,,,,,,,,,,,,,,,,,,,,,,,,,,,,,,,,,,,,Sound,Bleeding,,"Coronal caries",Bleeding,,"Coronal caries","No bleeding",,Sound,"No bleeding",,Normal,Sound,"No bleeding",,Normal,Sound,"No bleeding",,Normal,Sound,"No bleeding",,Normal,Sound,"No bleeding",,Normal,Sound,"No bleeding",,Normal,Sound,"No bleeding",,Normal,Sound,Bleeding,,"demarcated opacity","Coronal caries",Bleeding,,"Coronal caries","No bleeding",,"Coronal caries","No bleeding",,,,,,,,Unerupted,"Not recorded",,"Filled no caries","No bleeding",,Normal,Sound,Bleeding,,Sound,"No bleeding",,Sound,"No bleeding",,Sound,"No bleeding",,Sound,"No bleeding",,Sound,"No bleeding",,Sound,"No bleeding",,Sound,"No bleeding",,Sound,"No bleeding",,Sound,"No bleeding",,Sound,Bleeding,,Normal,Unerupted,"Not recorded",,,,,,,,,,,"Not recorded","No sign",,,,,,"No sign",,,,,,0,0,"No crowding","Spacing present- Upper",0,1,0,1,0,"Full cusp",0,No,Unchecked,Unchecked,Unchecked,Unchecked,Unchecked,Unchecked,Unchecked,Unchecked,Unchecked,Unchecked,Unchecked,Unchecked,Unchecked,Unchecked,Unchecked,Unchecked,Unchecked,Unchecked,Unchecked,Unchecked,Unchecked,Unchecked,Unchecked,Unchecked,Unchecked,Unchecked,Unchecked,Unchecked,Unchecked,Unchecked,Unchecked,Unchecked,Unchecked,Unchecked,Unchecked,Unchecked,Unchecked,Unchecked,Unchecked,Unchecked,Unchecked,Unchecked,Unchecked,Unchecked,Unchecked,Unchecked,Unchecked,Unchecked,Unchecked,Unchecked,Unchecked,Unchecked,Unchecked,Unchecked,Unchecked,Unchecked,Unchecked,Unchecked,Unchecked,Unchecked,Unchecked,Unchecked,Unchecked,Unchecked,Unchecked,Unchecked,Unchecked,Unchecked,Unchecked,Unchecked,Unchecked,Unchecked,,,,,"Prompt treatment (including scaling) needed",,Complete,Complete
41,,,,,,,,,,,,,,,,,,,,,,,,,,Incomplete,,,,,,,,,,,,,,,,,,,,,,,,,,,,,,,,,,,,,,,,,,,,,,,,,,,,,,,,,,,,,,,,,,,,,,,,,,,,,,,,,,,,,,,,,,,,,,,,,,,,,,,,,,,,,,,,,,,,,,,,,,,,,,,,,,,,,,,,,,,,,,,,,,,,,,,,,,,,,,,,,,,,,,,,,,,,,,,,,,,,,,,,,,,,,,,,,,,,,,,,,,,,,,,,,,,,,,,,,,,,,,,,,,,,,,,,,,,,,,,,,,,,,,,,,,,,,,,,,,,,,,,,,,,,,,,,,,,,,,,,,,,,,,,,,,,,,,,,,,,,,,,,,,,,,,,,,,,,,,,,,,,,,,,,,,,,,,,,
41,Participant,1,,,,,,,,,,,,,,,,,,,,,,,,,15,38,35-44,Male,,"Graduate or higher","Professional Workers, N.E.C.",English,,Yes,"2026-09-02 14:33:40",Rahul,,,,,Signature,1788339862553.png,,,Jagvir,1788339876007.png,,,28.5647107,77.2124587,,"https://www.google.com/maps?q=28.5647107,77.2124587",1788339881824.png,No,Unchecked,Unchecked,Unchecked,No,Toothbrush,Checked,Checked,Unchecked,Unchecked,Unchecked,,Non-fluoridated,Once,Once,Yes,Yes,Checked,Unchecked,Unchecked,Unchecked,Unchecked,Unchecked,Unchecked,Unchecked,Unchecked,Unchecked,Unchecked,,"public facility",,,Unchecked,Unchecked,Unchecked,Unchecked,Unchecked,Unchecked,Unchecked,Unchecked,Unchecked,Average,,,,,,,,,,,,,,,,,,,,,,,,,,,,,,,,,,,,,,,,,,,,,,,,,Unerupted,"Not recorded","Not recorded",Sound,"No bleeding","No pocket",Sound,"No bleeding","No pocket",Sound,"No bleeding","No pocket",Sound,"No bleeding","No pocket","diffuse opacity",Sound,"No bleeding","No pocket",Normal,Sound,"No bleeding","No pocket",Normal,Sound,"No bleeding","No pocket",Normal,Sound,"No bleeding","No pocket",Normal,Sound,"No bleeding","No pocket",Normal,Sound,"No bleeding","No pocket",Normal,Sound,"No bleeding","No pocket",Normal,Sound,Bleeding,"No pocket",Sound,"No bleeding","No pocket",Sound,"No bleeding","No pocket",Sound,"No bleeding","No pocket","Coronal caries","No bleeding","No pocket","Coronal caries","No bleeding","No pocket","Coronal caries","No bleeding","No pocket",Normal,Sound,"No bleeding","No pocket",Sound,"No bleeding","No pocket",Sound,"No bleeding","No pocket",Sound,"No bleeding","No pocket",Sound,"No bleeding","No pocket",Sound,"No bleeding","No pocket",Sound,"No bleeding","No pocket",Sound,"No bleeding","No pocket",Sound,"No bleeding","No pocket",Sound,"No bleeding","No pocket","Coronal caries","No bleeding","No pocket",Normal,Sound,"No bleeding","No pocket",Unerupted,"Not recorded","Not recorded","0-3 mm","0-3 mm","0-3 mm","0-3 mm","0-3 mm","0-3 mm",Normal,"No sign",,Present,2,Present,10,"Pulp involvement",1,No,No,No,No,0,0,"No crowding","No spacing",0,0,0,1,0,Normal,0,No,Unchecked,Unchecked,Unchecked,Unchecked,Unchecked,Unchecked,Unchecked,Unchecked,Unchecked,Unchecked,Unchecked,Unchecked,Unchecked,Unchecked,Unchecked,Unchecked,Unchecked,Unchecked,Unchecked,Unchecked,Unchecked,Unchecked,Unchecked,Unchecked,Unchecked,Unchecked,Unchecked,Unchecked,Unchecked,Unchecked,Unchecked,Unchecked,Unchecked,Unchecked,Unchecked,Unchecked,Unchecked,Unchecked,Unchecked,Unchecked,Unchecked,Unchecked,Unchecked,Unchecked,Unchecked,Unchecked,Unchecked,Unchecked,Unchecked,Unchecked,Unchecked,Unchecked,Unchecked,Unchecked,Unchecked,Unchecked,Unchecked,Unchecked,Unchecked,Unchecked,Unchecked,Unchecked,Unchecked,Unchecked,Unchecked,Unchecked,Unchecked,Unchecked,Unchecked,Unchecked,Unchecked,Unchecked,,No,,,"Prompt treatment (including scaling) needed",,Complete,Complete
42,,,,,,,,,,,,,,,,,,,,,,,,,,Incomplete,,,,,,,,,,,,,,,,,,,,,,,,,,,,,,,,,,,,,,,,,,,,,,,,,,,,,,,,,,,,,,,,,,,,,,,,,,,,,,,,,,,,,,,,,,,,,,,,,,,,,,,,,,,,,,,,,,,,,,,,,,,,,,,,,,,,,,,,,,,,,,,,,,,,,,,,,,,,,,,,,,,,,,,,,,,,,,,,,,,,,,,,,,,,,,,,,,,,,,,,,,,,,,,,,,,,,,,,,,,,,,,,,,,,,,,,,,,,,,,,,,,,,,,,,,,,,,,,,,,,,,,,,,,,,,,,,,,,,,,,,,,,,,,,,,,,,,,,,,,,,,,,,,,,,,,,,,,,,,,,,,,,,,,,,,,,,,,,
42,Participant,1,,,,,,,,,,,,,,,,,,,,,,,,,15,13,12-15,Male,,,,English,Yes,Yes,"2026-09-02 15:23:47","Dev tiwari",,"Rahul tiwari",Father,,Signature,1788342964342.png,,,Jagvir,1788342979324.png,,,28.5648026,77.2128176,,"https://www.google.com/maps?q=28.5648026,77.2128176",,No,Unchecked,Unchecked,Unchecked,,Toothbrush,Unchecked,Checked,Unchecked,Unchecked,Unchecked,,Fluoridated,Once,Twice,Yes,Yes,Unchecked,Unchecked,Unchecked,Checked,Unchecked,Unchecked,Unchecked,Unchecked,Unchecked,Unchecked,Unchecked,,"public facility",,,Unchecked,Unchecked,Unchecked,Unchecked,Unchecked,Unchecked,Unchecked,Unchecked,Unchecked,Average,,"Permanent only",,,,,,,,,,,,,,,,,,,,,,,,,,,,,,,,,,,,,,,,,,,,,,,,,,Sound,"No bleeding",,"Coronal caries","No bleeding",,"Root caries","No bleeding",,Sound,"No bleeding",,Normal,Sound,"No bleeding",,Normal,Sound,"No bleeding",,Normal,Sound,"No bleeding",,Normal,Sound,"No bleeding",,Normal,Sound,"No bleeding",,Normal,Sound,"No bleeding",,Normal,Sound,"No bleeding",,Normal,"Coronal caries","No bleeding",,"Coronal caries","No bleeding",,"Coronal caries","No bleeding",,,,,,,,Unerupted,"Not recorded",,"Filled no caries","No bleeding",,Normal,Sound,"No bleeding",,Sound,"No bleeding",,Sound,"No bleeding",,Sound,"No bleeding",,Sound,"No bleeding",,Sound,"No bleeding",,Sound,"No bleeding",,Sound,"No bleeding",,Sound,"No bleeding",,Sound,"No bleeding",,"Coronal caries","No bleeding",,"demarcated opacity",Unerupted,"Not recorded",,,,,,,,,,,"Not recorded","No sign",,,,,,"No sign",,,,,,0,0,"No crowding","Spacing present- Upper",0,1,0,1,0,"Full cusp",0,No,Unchecked,Unchecked,Unchecked,Unchecked,Unchecked,Unchecked,Unchecked,Unchecked,Unchecked,Unchecked,Unchecked,Unchecked,Unchecked,Unchecked,Unchecked,Unchecked,Unchecked,Unchecked,Unchecked,Unchecked,Unchecked,Unchecked,Unchecked,Unchecked,Unchecked,Unchecked,Unchecked,Unchecked,Unchecked,Unchecked,Unchecked,Unchecked,Unchecked,Unchecked,Unchecked,Unchecked,Unchecked,Unchecked,Unchecked,Unchecked,Unchecked,Unchecked,Unchecked,Unchecked,Unchecked,Unchecked,Unchecked,Unchecked,Unchecked,Unchecked,Unchecked,Unchecked,Unchecked,Unchecked,Unchecked,Unchecked,Unchecked,Unchecked,Unchecked,Unchecked,Unchecked,Unchecked,Unchecked,Unchecked,Unchecked,Unchecked,Unchecked,Unchecked,Unchecked,Unchecked,Unchecked,Unchecked,,,,,"Immediate (urgent) treatment due to pain or infection of dental and / or oral origin",,Complete,Complete
42,Participant,2,,,,,,,,,,,,,,,,,,,,,,,,,15,35,35-44,Female,,"Higher Secondary","Housewife or homemaker","हिन्दी (Hindi)",,Yes,"2026-09-02 15:45:45",Neelam,,,,,Signature,1788344167520.png,,,Jagvir,1788344177470.png,,,28.5643414,77.2130309,,"https://www.google.com/maps?q=28.5643414,77.2130309",1788344192367.png,No,Unchecked,Unchecked,Unchecked,No,Toothbrush,Unchecked,Checked,Unchecked,Unchecked,Unchecked,,Fluoridated,Once,Twice,No,No,Unchecked,Unchecked,Unchecked,Unchecked,Unchecked,Unchecked,Unchecked,Unchecked,Unchecked,Unchecked,Unchecked,,,,,Unchecked,Unchecked,Unchecked,Unchecked,Unchecked,Checked,Unchecked,Checked,Unchecked,Average,,,,,,,,,,,,,,,,,,,,,,,,,,,,,,,,,,,,,,,,,,,,,,,,,"Coronal caries","No bleeding","No pocket",Sound,"No bleeding","No pocket",Sound,"No bleeding","No pocket",Sound,"No bleeding","No pocket",Sound,"No bleeding","No pocket",Normal,Sound,"No bleeding","No pocket",Normal,Sound,"No bleeding","No pocket",Normal,Sound,"No bleeding","No pocket",Normal,Sound,"No bleeding","No pocket",Normal,Sound,"No bleeding","No pocket",Normal,Sound,"No bleeding","No pocket",Normal,Sound,"No bleeding","No pocket",Normal,Sound,"No bleeding","No pocket",Sound,"No bleeding","No pocket",Sound,"No bleeding","No pocket","Coronal caries","No bleeding","No pocket","Coronal caries","No bleeding","No pocket",Sound,"No bleeding","No pocket",Sound,"No bleeding","No pocket",Normal,Sound,"No bleeding","No pocket",Sound,"No bleeding","No pocket",Sound,"No bleeding","No pocket",Sound,"No bleeding","No pocket",Sound,"No bleeding","No pocket",Sound,"No bleeding","No pocket",Sound,"No bleeding","No pocket",Sound,"No bleeding","No pocket",Sound,"No bleeding","No pocket",Sound,"No bleeding","No pocket","Coronal caries","No bleeding","No pocket",Normal,"Coronal caries","No bleeding","No pocket","Filled with caries","No bleeding","No pocket","0-3 mm","0-3 mm","0-3 mm","0-3 mm","0-3 mm","0-3 mm",Normal,"No sign",,Absent,,Absent,,"No sign",,No,No,No,No,0,0,"Crowding present in Upper and Lower arches","No spacing",0,0,1,1,0,"Full cusp",0,No,Unchecked,Unchecked,Unchecked,Unchecked,Unchecked,Unchecked,Unchecked,Unchecked,Unchecked,Unchecked,Unchecked,Unchecked,Unchecked,Unchecked,Unchecked,Unchecked,Unchecked,Unchecked,Unchecked,Unchecked,Unchecked,Unchecked,Unchecked,Unchecked,Unchecked,Unchecked,Unchecked,Unchecked,Unchecked,Unchecked,Unchecked,Unchecked,Unchecked,Unchecked,Unchecked,Unchecked,Unchecked,Unchecked,Unchecked,Unchecked,Unchecked,Unchecked,Unchecked,Unchecked,Unchecked,Unchecked,Unchecked,Unchecked,Unchecked,Unchecked,Unchecked,Unchecked,Unchecked,Unchecked,Unchecked,Unchecked,Unchecked,Unchecked,Unchecked,Unchecked,Unchecked,Unchecked,Unchecked,Unchecked,Unchecked,Unchecked,Unchecked,Unchecked,Unchecked,Unchecked,Unchecked,Unchecked,,No,,,"Preventive or routine treatment needed",,Complete,Complete
42,Participant,3,,,,,,,,,,,,,,,,,,,,,,,,,,13,12-15,Male,,,,"हिन्दी (Hindi)",Yes,Yes,"2026-09-02 16:40:03","Dev ",,Rahul,Father,,Signature,1788347419917.png,,,Raj,1788347429688.png,,,28.5657972,77.2136587,,"https://www.google.com/maps?q=28.5657972,77.2136587",1788347436478.png,No,Unchecked,Unchecked,Unchecked,,Toothbrush,Unchecked,Checked,Unchecked,Unchecked,Unchecked,,Fluoridated,Once,Twice,Yes,Yes,Unchecked,Unchecked,Unchecked,Checked,Unchecked,Unchecked,Unchecked,Unchecked,Unchecked,Unchecked,Unchecked,,"public facility",,,Unchecked,Unchecked,Unchecked,Unchecked,Unchecked,Unchecked,Unchecked,Unchecked,Unchecked,Good,,"Permanent only",,,,,,,,,,,,,,,,,,,,,,,,,,,,,,,,,,,,,,,,,,,,,,,,,,Sound,Bleeding,,"Coronal caries",Bleeding,,"Coronal caries","No bleeding",,Sound,"No bleeding",,Normal,Sound,"No bleeding",,Normal,Sound,"No bleeding",,Normal,Sound,"No bleeding",,Normal,Sound,"No bleeding",,Normal,Sound,"No bleeding",,Normal,Sound,"No bleeding",,Normal,Sound,Bleeding,,"demarcated opacity","Coronal caries",Bleeding,,"Coronal caries","No bleeding",,"Coronal caries","No bleeding",,,,,,,,Unerupted,"Not recorded",,"Filled no caries","No bleeding",,Normal,Sound,Bleeding,,Sound,"No bleeding",,Sound,"No bleeding",,Sound,"No bleeding",,Sound,"No bleeding",,Sound,"No bleeding",,Sound,"No bleeding",,Sound,"No bleeding",,Sound,"No bleeding",,Sound,"No bleeding",,Sound,Bleeding,,Normal,Unerupted,"Not recorded",,,,,,,,,,,,"No sign",,,,,,"No sign",,,,,,0,0,"No crowding","Spacing present- Upper",0,1,0,1,0,"Full cusp",0,No,Unchecked,Unchecked,Unchecked,Unchecked,Unchecked,Unchecked,Unchecked,Unchecked,Unchecked,Unchecked,Unchecked,Unchecked,Unchecked,Unchecked,Unchecked,Unchecked,Unchecked,Unchecked,Unchecked,Unchecked,Unchecked,Unchecked,Unchecked,Unchecked,Unchecked,Unchecked,Unchecked,Unchecked,Unchecked,Unchecked,Unchecked,Unchecked,Unchecked,Unchecked,Unchecked,Unchecked,Unchecked,Unchecked,Unchecked,Unchecked,Unchecked,Unchecked,Unchecked,Unchecked,Unchecked,Unchecked,Unchecked,Unchecked,Unchecked,Unchecked,Unchecked,Unchecked,Unchecked,Unchecked,Unchecked,Unchecked,Unchecked,Unchecked,Unchecked,Unchecked,Unchecked,Unchecked,Unchecked,Unchecked,Unchecked,Unchecked,Unchecked,Unchecked,Unchecked,Unchecked,Unchecked,Unchecked,,,,,"Prompt treatment (including scaling) needed",,Complete,Complete
42,Participant,4,,,,,,,,,,,,,,,,,,,,,,,,,,35,35-44,Female,,Secondary,"Housewife or homemaker",English,,Yes,"2026-09-02 16:52:39",Nellam,,,,,Signature,1788348171056.png,,,Raj,1788348180670.png,,,28.5657914,77.2136485,,"https://www.google.com/maps?q=28.5657914,77.2136485",1788348185428.png,No,Unchecked,Unchecked,Unchecked,No,Toothbrush,Unchecked,Checked,Unchecked,Unchecked,Unchecked,,Fluoridated,Once,Twice,No,No,Unchecked,Unchecked,Unchecked,Unchecked,Unchecked,Unchecked,Unchecked,Unchecked,Unchecked,Unchecked,Unchecked,,,,,Unchecked,Unchecked,Unchecked,Unchecked,Unchecked,Unchecked,Unchecked,Checked,Unchecked,Good,,,,,,,,,,,,,,,,,,,,,,,,,,,,,,,,,,,,,,,,,,,,,,,,,"Coronal caries","No bleeding","No pocket",Sound,"No bleeding","No pocket",Sound,"No bleeding","No pocket",Sound,"No bleeding","No pocket",Sound,"No bleeding",,Normal,Sound,"No bleeding","No pocket",Normal,Sound,"No bleeding","No pocket",Normal,Sound,"No bleeding","No pocket",Normal,Sound,"No bleeding","No pocket",Normal,Sound,"No bleeding","No pocket",Normal,Sound,"No bleeding","No pocket",Normal,Sound,"No bleeding","No pocket",Normal,Sound,"No bleeding","No pocket",Sound,"No bleeding","No pocket",Sound,"No bleeding","No pocket","Coronal caries","No bleeding","No pocket",Sound,"No bleeding","No pocket",Sound,"No bleeding","No pocket",Sound,"No bleeding","No pocket",Normal,Sound,"No bleeding","No pocket",Sound,"No bleeding","No pocket",Sound,"No bleeding","No pocket",Sound,"No bleeding","No pocket",Sound,"No bleeding","No pocket",Sound,"No bleeding","No pocket",Sound,"No bleeding","No pocket",Sound,"No bleeding","No pocket",Sound,"No bleeding","No pocket",Sound,"No bleeding","No pocket","Coronal caries","No bleeding","No pocket",Normal,Sound,"No bleeding","No pocket",Sound,"No bleeding","No pocket","0-3 mm","0-3 mm","0-3 mm","0-3 mm","0-3 mm","0-3 mm",Normal,"No sign",,Absent,,Absent,,"No sign",,No,No,No,No,0,0,"Crowding present in Upper and Lower arches","No spacing",0,0,1,2,0,"Full cusp",,No,Unchecked,Unchecked,Unchecked,Unchecked,Unchecked,Unchecked,Unchecked,Unchecked,Unchecked,Unchecked,Unchecked,Unchecked,Unchecked,Unchecked,Unchecked,Unchecked,Unchecked,Unchecked,Unchecked,Unchecked,Unchecked,Unchecked,Unchecked,Unchecked,Unchecked,Unchecked,Unchecked,Unchecked,Unchecked,Unchecked,Unchecked,Unchecked,Unchecked,Unchecked,Unchecked,Unchecked,Unchecked,Unchecked,Unchecked,Unchecked,Unchecked,Unchecked,Unchecked,Unchecked,Unchecked,Unchecked,Unchecked,Unchecked,Unchecked,Unchecked,Unchecked,Unchecked,Unchecked,Unchecked,Unchecked,Unchecked,Unchecked,Unchecked,Unchecked,Unchecked,Unchecked,Unchecked,Unchecked,Unchecked,Unchecked,Unchecked,Unchecked,Unchecked,Unchecked,Unchecked,Unchecked,Unchecked,,No,,,"Prompt treatment (including scaling) needed",,Complete,Complete
43,,,,,,,,,,,,,,,,,,,,,,,,,,Incomplete,,,,,,,,,,,,,,,,,,,,,,,,,,,,,,,,,,,,,,,,,,,,,,,,,,,,,,,,,,,,,,,,,,,,,,,,,,,,,,,,,,,,,,,,,,,,,,,,,,,,,,,,,,,,,,,,,,,,,,,,,,,,,,,,,,,,,,,,,,,,,,,,,,,,,,,,,,,,,,,,,,,,,,,,,,,,,,,,,,,,,,,,,,,,,,,,,,,,,,,,,,,,,,,,,,,,,,,,,,,,,,,,,,,,,,,,,,,,,,,,,,,,,,,,,,,,,,,,,,,,,,,,,,,,,,,,,,,,,,,,,,,,,,,,,,,,,,,,,,,,,,,,,,,,,,,,,,,,,,,,,,,,,,,,,,,,,,,,
43,Participant,1,,,,,,,,,,,,,,,,,,,,,,,,,17,36,35-44,Male,,"Graduate or higher","Accountants, Auditors And Related Workers",English,,Yes,"2026-09-02 10:25:25",Yash,,,,,Signature,1788324937144.png,,,Suraj,1788324952835.png,,,28.5657755,77.2130309,,"https://www.google.com/maps?q=28.5657755,77.2130309",1788324962472.png,No,Unchecked,Unchecked,Unchecked,No,Toothbrush,Unchecked,Checked,Unchecked,Unchecked,Unchecked,,Fluoridated,Twice,Once,No,No,Unchecked,Unchecked,Unchecked,Unchecked,Unchecked,Unchecked,Unchecked,Unchecked,Unchecked,Unchecked,Unchecked,,,,,Unchecked,Unchecked,Unchecked,Unchecked,Unchecked,Unchecked,Unchecked,Unchecked,Checked,Excellent,,,,,,,,,,,,,,,,,,,,,,,,,,,,,,,,,,,,,,,,,,,,,,,,,Sound,"No bleeding","No pocket",Sound,"No bleeding","No pocket",Sound,"No bleeding","No pocket",Sound,"No bleeding","No pocket",Sound,"No bleeding","No pocket",Normal,Sound,"No bleeding","No pocket",Normal,Sound,"No bleeding","No pocket",Normal,Sound,"No bleeding","No pocket",Normal,Sound,"No bleeding","No pocket",Normal,Sound,"No bleeding","No pocket",Normal,Sound,"No bleeding","No pocket",Normal,Sound,"No bleeding","No pocket","demarcated opacity",Sound,"No bleeding","No pocket",Sound,"No bleeding","No pocket",Sound,"No bleeding","No pocket",Sound,"No bleeding","No pocket",Sound,"No bleeding","No pocket",Sound,"No bleeding","No pocket",Sound,"No bleeding","No pocket",Normal,Sound,"No bleeding","No pocket",Sound,"No bleeding","No pocket",Sound,"No bleeding","No pocket",Sound,"No bleeding","No pocket",Sound,"No bleeding","No pocket",Sound,"No bleeding","No pocket",Sound,"No bleeding","No pocket",Sound,"No bleeding","No pocket",Sound,"No bleeding","No pocket",Sound,"No bleeding","No pocket",Sound,"No bleeding","No pocket",Normal,Sound,"No bleeding","No pocket",Sound,"No bleeding","No pocket","0-3 mm","0-3 mm","0-3 mm","0-3 mm","0-3 mm","0-3 mm",Normal,"No sign",,Absent,,Present,8,"No sign",,No,No,No,No,0,0,"Crowding present in Upper and Lower arches","No spacing",0,2,2,1,0,"Half cusp",0.5,No,Unchecked,Unchecked,Unchecked,Unchecked,Unchecked,Unchecked,Unchecked,Unchecked,Unchecked,Unchecked,Unchecked,Unchecked,Unchecked,Unchecked,Unchecked,Unchecked,Unchecked,Unchecked,Unchecked,Unchecked,Unchecked,Unchecked,Unchecked,Unchecked,Unchecked,Unchecked,Unchecked,Unchecked,Unchecked,Unchecked,Unchecked,Unchecked,Unchecked,Unchecked,Unchecked,Unchecked,Unchecked,Unchecked,Unchecked,Unchecked,Unchecked,Unchecked,Unchecked,Unchecked,Unchecked,Unchecked,Unchecked,Unchecked,Unchecked,Unchecked,Unchecked,Unchecked,Unchecked,Unchecked,Unchecked,Unchecked,Unchecked,Unchecked,Unchecked,Unchecked,Unchecked,Unchecked,Unchecked,Unchecked,Unchecked,Unchecked,Unchecked,Unchecked,Unchecked,Unchecked,Unchecked,Unchecked,,No,,,"Preventive or routine treatment needed",,Complete,Complete
43,Participant,3,,,,,,,,,,,,,,,,,,,,,,,,,11,36,35-44,Male,,"Graduate or higher","Accountants, Auditors And Related Workers",English,,Yes,"2026-09-02 12:08:51",Yash,,,,,Signature,1788331145128.png,,,Manish,1788331155329.png,,,28.5657656,77.2136529,,"https://www.google.com/maps?q=28.5657656,77.2136529",1788331522879.png,No,Unchecked,Unchecked,Unchecked,No,Toothbrush,Unchecked,Checked,Unchecked,Unchecked,Unchecked,,Fluoridated,Twice,Twice,No,No,Unchecked,Unchecked,Unchecked,Unchecked,Unchecked,Unchecked,Unchecked,Unchecked,Unchecked,Unchecked,Unchecked,,,,,Unchecked,Unchecked,Unchecked,Unchecked,Unchecked,Unchecked,Unchecked,Unchecked,Checked,Excellent,,,,,,,,,,,,,,,,,,,,,,,,,,,,,,,,,,,,,,,,,,,,,,,,,Sound,"No bleeding","No pocket",Sound,"No bleeding","No pocket",Sound,"No bleeding","No pocket",Sound,"No bleeding","No pocket",Sound,"No bleeding","No pocket","demarcated opacity",Sound,"No bleeding","No pocket",Normal,Sound,Bleeding,"No pocket",Normal,Sound,"No bleeding","No pocket",Normal,Sound,"No bleeding","No pocket",Normal,Sound,"No bleeding","No pocket",Normal,Sound,"No bleeding","No pocket",Normal,Sound,"No bleeding","No pocket",Normal,Sound,"No bleeding","No pocket",Sound,"No bleeding","No pocket",Sound,"No bleeding","No pocket",Sound,"No bleeding","No pocket",Sound,"No bleeding","No pocket",Sound,"No bleeding","No pocket",Sound,"No bleeding","No pocket",Normal,Sound,"No bleeding","No pocket",Sound,"No bleeding","No pocket",Sound,"No bleeding","No pocket",Sound,"No bleeding","No pocket",Sound,"No bleeding","No pocket",Sound,"No bleeding","No pocket",Sound,"No bleeding","No pocket",Sound,"No bleeding","No pocket",Sound,"No bleeding","No pocket",Sound,"No bleeding","No pocket",Sound,"No bleeding","No pocket",Normal,Sound,"No bleeding","No pocket",Sound,"No bleeding","No pocket","0-3 mm","0-3 mm","0-3 mm","0-3 mm","0-3 mm","0-3 mm",Normal,"No sign",,Absent,,Present,6,"No sign",,No,No,No,No,0,0,"Crowding present in Upper and Lower arches","No spacing",0,2,2,1,0,"Half cusp",0,No,Unchecked,Unchecked,Unchecked,Unchecked,Unchecked,Unchecked,Unchecked,Unchecked,Unchecked,Unchecked,Unchecked,Unchecked,Unchecked,Unchecked,Unchecked,Unchecked,Unchecked,Unchecked,Unchecked,Unchecked,Unchecked,Unchecked,Unchecked,Unchecked,Unchecked,Unchecked,Unchecked,Unchecked,Unchecked,Unchecked,Unchecked,Unchecked,Unchecked,Unchecked,Unchecked,Unchecked,Unchecked,Unchecked,Unchecked,Unchecked,Unchecked,Unchecked,Unchecked,Unchecked,Unchecked,Unchecked,Unchecked,Unchecked,Unchecked,Unchecked,Unchecked,Unchecked,Unchecked,Unchecked,Unchecked,Unchecked,Unchecked,Unchecked,Unchecked,Unchecked,Unchecked,Unchecked,Unchecked,Unchecked,Unchecked,Unchecked,Unchecked,Unchecked,Unchecked,Unchecked,Unchecked,Unchecked,,No,,,"Preventive or routine treatment needed",,Complete,Complete
44,,,,,,,,,,,,,,,,,,,,,,,,,,Incomplete,,,,,,,,,,,,,,,,,,,,,,,,,,,,,,,,,,,,,,,,,,,,,,,,,,,,,,,,,,,,,,,,,,,,,,,,,,,,,,,,,,,,,,,,,,,,,,,,,,,,,,,,,,,,,,,,,,,,,,,,,,,,,,,,,,,,,,,,,,,,,,,,,,,,,,,,,,,,,,,,,,,,,,,,,,,,,,,,,,,,,,,,,,,,,,,,,,,,,,,,,,,,,,,,,,,,,,,,,,,,,,,,,,,,,,,,,,,,,,,,,,,,,,,,,,,,,,,,,,,,,,,,,,,,,,,,,,,,,,,,,,,,,,,,,,,,,,,,,,,,,,,,,,,,,,,,,,,,,,,,,,,,,,,,,,,,,,,,
44,Participant,1,,,,,,,,,,,,,,,,,,,,,,,,,17,15,12-15,Male,,,,English,Yes,Yes,"2026-09-02 10:54:46",Arish,,Naushad,Father,,Signature,1788326710406.png,,,Manish,1788326722573.png,,,28.5657755,77.2130309,,"https://www.google.com/maps?q=28.5657755,77.2130309",1788326732742.png,No,Unchecked,Unchecked,Unchecked,,Toothbrush,Unchecked,Checked,Unchecked,Unchecked,Unchecked,,Fluoridated,Once,Once,No,No,Unchecked,Unchecked,Unchecked,Unchecked,Unchecked,Unchecked,Unchecked,Unchecked,Unchecked,Unchecked,Unchecked,,,,,Unchecked,Unchecked,Unchecked,Unchecked,Unchecked,Unchecked,Unchecked,Checked,Unchecked,Good,,"Permanent only",,,,,,,,,,,,,,,,,,,,,,,,,,,,,,,,,,,,,,,,,,,,,,,,,,Sound,"No bleeding",,Sound,"No bleeding",,Sound,"No bleeding",,Sound,"No bleeding",,Normal,Sound,"No bleeding",,Normal,Sound,"No bleeding",,Normal,Sound,"No bleeding",,Normal,Sound,"No bleeding",,Normal,Sound,"No bleeding",,Normal,Sound,"No bleeding",,Normal,Sound,"No bleeding",,Normal,Sound,"No bleeding",,Sound,"No bleeding",,Sound,"No bleeding",,,,,,,,"Coronal caries","No bleeding",,Sound,"No bleeding",,Normal,Sound,"No bleeding",,Sound,"No bleeding",,Sound,Bleeding,,Sound,Bleeding,,Sound,"No bleeding",,Sound,Bleeding,,Sound,"No bleeding",,Sound,"No bleeding",,Sound,Bleeding,,Sound,"No bleeding",,Sound,"No bleeding",,Normal,Sound,"No bleeding",,,,,,,,,,,Normal,"No sign",,,,,,"No sign",,,,,,0,0,"No crowding","No spacing",1,1,0,0,2.5,Normal,0,No,Unchecked,Unchecked,Unchecked,Unchecked,Unchecked,Unchecked,Unchecked,Unchecked,Unchecked,Unchecked,Unchecked,Unchecked,Unchecked,Unchecked,Unchecked,Unchecked,Unchecked,Unchecked,Unchecked,Unchecked,Unchecked,Unchecked,Unchecked,Unchecked,Unchecked,Unchecked,Unchecked,Unchecked,Unchecked,Unchecked,Unchecked,Unchecked,Unchecked,Unchecked,Unchecked,Unchecked,Unchecked,Unchecked,Unchecked,Unchecked,Unchecked,Unchecked,Unchecked,Unchecked,Unchecked,Unchecked,Unchecked,Unchecked,Unchecked,Unchecked,Unchecked,Unchecked,Unchecked,Unchecked,Unchecked,Unchecked,Unchecked,Unchecked,Unchecked,Unchecked,Unchecked,Unchecked,Unchecked,Unchecked,Unchecked,Unchecked,Unchecked,Unchecked,Unchecked,Unchecked,Unchecked,Unchecked,,,,,"Prompt treatment (including scaling) needed",,Complete,Complete
44,Participant,2,,,,,,,,,,,,,,,,,,,,,,,,,,15,12-15,Male,,,,English,Yes,Yes,"2026-09-02 12:17:17",Arshad,,Nushad,Father,,Signature,1788331880637.png,1788331893045.png,,Manish,1788331910753.png,,,28.5657942,77.2136607,,"https://www.google.com/maps?q=28.5657942,77.2136607",,No,Unchecked,Unchecked,Unchecked,,Toothbrush,Unchecked,Checked,Unchecked,Unchecked,Unchecked,,Fluoridated,Once,Once,No,No,Unchecked,Unchecked,Unchecked,Unchecked,Unchecked,Unchecked,Unchecked,Unchecked,Unchecked,Unchecked,Unchecked,,,,,Unchecked,Unchecked,Unchecked,Unchecked,Unchecked,Unchecked,Unchecked,Unchecked,Checked,Good,,"Permanent only",,,,,,,,,,,,,,,,,,,,,,,,,,,,,,,,,,,,,,,,,,,,,,,,,,Sound,"No bleeding",,Sound,"No bleeding",,Sound,"No bleeding",,Sound,"No bleeding",,Normal,Sound,"No bleeding",,Normal,Sound,"No bleeding",,Normal,Sound,"No bleeding",,Normal,Sound,"No bleeding",,Normal,Sound,"No bleeding",,Normal,Sound,"No bleeding",,Normal,Sound,"No bleeding",,Normal,Sound,"No bleeding",,Sound,"No bleeding",,Sound,"No bleeding",,,,,,,,Sound,"No bleeding",,Sound,"No bleeding",,Normal,Sound,"No bleeding",,Sound,"No bleeding",,Sound,Bleeding,,Sound,Bleeding,,Sound,Bleeding,,Sound,Bleeding,,Sound,Bleeding,,Sound,Bleeding,,Sound,Bleeding,,Sound,"No bleeding",,Sound,"No bleeding",,Normal,Sound,"No bleeding",,,,,,,,,,,Normal,"No sign",,,,,,"No sign",,,,,,0,0,"No crowding","No spacing",0,1,1,3,0,Normal,0,No,Unchecked,Unchecked,Unchecked,Unchecked,Unchecked,Unchecked,Unchecked,Unchecked,Unchecked,Unchecked,Unchecked,Unchecked,Unchecked,Unchecked,Unchecked,Unchecked,Unchecked,Unchecked,Unchecked,Unchecked,Unchecked,Unchecked,Unchecked,Unchecked,Unchecked,Unchecked,Unchecked,Unchecked,Unchecked,Unchecked,Unchecked,Unchecked,Unchecked,Unchecked,Unchecked,Unchecked,Unchecked,Unchecked,Unchecked,Unchecked,Unchecked,Unchecked,Unchecked,Unchecked,Unchecked,Unchecked,Unchecked,Unchecked,Unchecked,Unchecked,Unchecked,Unchecked,Unchecked,Unchecked,Unchecked,Unchecked,Unchecked,Unchecked,Unchecked,Unchecked,Unchecked,Unchecked,Unchecked,Unchecked,Unchecked,Unchecked,Unchecked,Unchecked,Unchecked,Unchecked,Unchecked,Unchecked,,,,,"Referred for comprehensive evaluation or medical treatment (systemic condition)",,Complete,Complete
45,,,,,,,,,,,,,,,,,,,,,,,,,,Incomplete,,,,,,,,,,,,,,,,,,,,,,,,,,,,,,,,,,,,,,,,,,,,,,,,,,,,,,,,,,,,,,,,,,,,,,,,,,,,,,,,,,,,,,,,,,,,,,,,,,,,,,,,,,,,,,,,,,,,,,,,,,,,,,,,,,,,,,,,,,,,,,,,,,,,,,,,,,,,,,,,,,,,,,,,,,,,,,,,,,,,,,,,,,,,,,,,,,,,,,,,,,,,,,,,,,,,,,,,,,,,,,,,,,,,,,,,,,,,,,,,,,,,,,,,,,,,,,,,,,,,,,,,,,,,,,,,,,,,,,,,,,,,,,,,,,,,,,,,,,,,,,,,,,,,,,,,,,,,,,,,,,,,,,,,,,,,,,,,
45,Participant,1,,,,,,,,,,,,,,,,,,,,,,,,,,35,35-44,Female,,Middle,"Housewife or homemaker",English,,Yes,"2026-09-02 15:27:07",Neelam,,,,,Signature,1788346204001.png,,,Ritik,1788346194620.png,,,28.5657755,77.2130309,,"https://www.google.com/maps?q=28.5657755,77.2130309",,No,Unchecked,Unchecked,Unchecked,No,Toothbrush,Unchecked,Checked,Unchecked,Unchecked,Unchecked,,Fluoridated,Twice,Twice,No,No,Unchecked,Unchecked,Unchecked,Unchecked,Unchecked,Unchecked,Unchecked,Unchecked,Unchecked,Unchecked,Unchecked,,,,,Unchecked,Unchecked,Unchecked,Unchecked,Unchecked,Unchecked,Unchecked,Checked,Unchecked,Good,,,,,,,,,,,,,,,,,,,,,,,,,,,,,,,,,,,,,,,,,,,,,,,,,"Coronal caries","No bleeding","No pocket",Sound,"No bleeding","No pocket",Sound,"No bleeding","No pocket",Sound,"No bleeding","No pocket",Sound,"No bleeding","No pocket",Normal,Sound,"No bleeding","No pocket",Normal,Sound,"No bleeding","No pocket",Normal,Sound,"No bleeding","No pocket",Normal,Sound,"No bleeding","No pocket",Normal,Sound,"No bleeding","No pocket",Normal,Sound,"No bleeding","No pocket",Normal,Sound,"No bleeding","No pocket",Normal,Sound,"No bleeding","No pocket",Sound,"No bleeding","No pocket",Sound,"No bleeding","No pocket","Coronal caries","No bleeding","No pocket","Coronal caries","No bleeding","No pocket",Sound,"No bleeding","No pocket",Sound,"No bleeding","No pocket",Normal,Sound,"No bleeding","No pocket",Sound,"No bleeding","No pocket",Sound,"No bleeding","No pocket",Sound,"No bleeding","No pocket",Sound,"No bleeding","No pocket",Sound,"No bleeding","No pocket",Sound,"No bleeding","No pocket",Sound,"No bleeding","No pocket",Sound,"No bleeding","No pocket",Sound,"No bleeding","No pocket","Coronal caries","No bleeding","Pocket of 4-5 mm",Normal,"Coronal caries","No bleeding","No pocket","Coronal caries","No bleeding","No pocket","0-3 mm","0-3 mm","0-3 mm","0-3 mm","0-3 mm","0-3 mm",Normal,"No sign",,Absent,,Absent,,"No sign",,No,No,No,No,0,0,"Crowding present in Upper and Lower arches","No spacing",0,0,1,2,0,"Full cusp",0,No,Unchecked,Unchecked,Unchecked,Unchecked,Unchecked,Unchecked,Unchecked,Unchecked,Unchecked,Unchecked,Unchecked,Unchecked,Unchecked,Unchecked,Unchecked,Unchecked,Unchecked,Unchecked,Unchecked,Unchecked,Unchecked,Unchecked,Unchecked,Unchecked,Unchecked,Unchecked,Unchecked,Unchecked,Unchecked,Unchecked,Unchecked,Unchecked,Unchecked,Unchecked,Unchecked,Unchecked,Unchecked,Unchecked,Unchecked,Unchecked,Unchecked,Unchecked,Unchecked,Unchecked,Unchecked,Unchecked,Unchecked,Unchecked,Unchecked,Unchecked,Unchecked,Unchecked,Unchecked,Unchecked,Unchecked,Unchecked,Unchecked,Unchecked,Unchecked,Unchecked,Unchecked,Unchecked,Unchecked,Unchecked,Unchecked,Unchecked,Unchecked,Unchecked,Unchecked,Unchecked,Unchecked,Unchecked,,No,,,"Prompt treatment (including scaling) needed",,Complete,Complete
46,,,,,,,,,,,,,,,,,,,,,,,,,,Incomplete,,,,,,,,,,,,,,,,,,,,,,,,,,,,,,,,,,,,,,,,,,,,,,,,,,,,,,,,,,,,,,,,,,,,,,,,,,,,,,,,,,,,,,,,,,,,,,,,,,,,,,,,,,,,,,,,,,,,,,,,,,,,,,,,,,,,,,,,,,,,,,,,,,,,,,,,,,,,,,,,,,,,,,,,,,,,,,,,,,,,,,,,,,,,,,,,,,,,,,,,,,,,,,,,,,,,,,,,,,,,,,,,,,,,,,,,,,,,,,,,,,,,,,,,,,,,,,,,,,,,,,,,,,,,,,,,,,,,,,,,,,,,,,,,,,,,,,,,,,,,,,,,,,,,,,,,,,,,,,,,,,,,,,,,,,,,,,,,
46,Participant,1,,,,,,,,,,,,,,,,,,,,,,,,,11,13,12-15,Male,,,,English,Yes,Yes,"2026-09-02 16:27:58",Dev,,Rahul,Father,,Signature,1788346532752.png,,,Neelam,1788346630534.png,,,28.5657617,77.2136383,,"https://www.google.com/maps?q=28.5657617,77.2136383",,No,Unchecked,Unchecked,Unchecked,,Toothbrush,Unchecked,Checked,Unchecked,Unchecked,Unchecked,,Fluoridated,Once,Twice,Yes,Yes,Unchecked,Unchecked,Unchecked,Checked,Unchecked,Unchecked,Unchecked,Unchecked,Unchecked,Unchecked,Unchecked,,"public facility",,,Unchecked,Unchecked,Unchecked,Unchecked,Unchecked,Unchecked,Unchecked,Unchecked,Unchecked,Average,,"Permanent only",,,,,,,,,,,,,,,,,,,,,,,,,,,,,,,,,,,,,,,,,,,,,,,,,,Sound,"No bleeding",,"Coronal caries","No bleeding",,"Root caries","No bleeding",,Sound,"No bleeding",,Normal,Sound,"No bleeding",,Normal,Sound,"No bleeding",,Normal,Sound,"No bleeding",,Normal,Sound,"No bleeding",,Normal,Sound,"No bleeding",,Normal,Sound,"No bleeding",,Normal,Sound,"No bleeding",,Normal,"Coronal caries","No bleeding",,"Coronal caries","No bleeding",,"Coronal caries","No bleeding",,,,,,,,Unerupted,"Not recorded",,"Filled no caries","No bleeding",,Normal,Sound,"No bleeding",,Sound,"No bleeding",,Sound,"No bleeding",,Sound,"No bleeding",,Sound,"No bleeding",,Sound,"No bleeding",,Sound,"No bleeding",,Sound,"No bleeding",,Sound,"No bleeding",,Sound,"No bleeding",,Sound,"No bleeding",,"demarcated opacity",Unerupted,"Not recorded",,,,,,,,,,,"Not recorded","No sign",,,,,,"No sign",,,,,,0,0,"No crowding","Spacing present- Upper",0,1,0,1,0,"Full cusp",0,No,Unchecked,Unchecked,Unchecked,Unchecked,Unchecked,Unchecked,Unchecked,Unchecked,Unchecked,Unchecked,Unchecked,Unchecked,Unchecked,Unchecked,Unchecked,Unchecked,Unchecked,Unchecked,Unchecked,Unchecked,Unchecked,Unchecked,Unchecked,Unchecked,Unchecked,Unchecked,Unchecked,Unchecked,Unchecked,Unchecked,Unchecked,Unchecked,Unchecked,Unchecked,Unchecked,Unchecked,Unchecked,Unchecked,Unchecked,Unchecked,Unchecked,Unchecked,Unchecked,Unchecked,Unchecked,Unchecked,Unchecked,Unchecked,Unchecked,Unchecked,Unchecked,Unchecked,Unchecked,Unchecked,Unchecked,Unchecked,Unchecked,Unchecked,Unchecked,Unchecked,Unchecked,Unchecked,Unchecked,Unchecked,Unchecked,Unchecked,Unchecked,Unchecked,Unchecked,Unchecked,Unchecked,Unchecked,,,,,"Immediate (urgent) treatment due to pain or infection of dental and / or oral origin",,Complete,Complete
47,,,,,,,,,,,,,,,,,,,,,,,,,,Incomplete,,,,,,,,,,,,,,,,,,,,,,,,,,,,,,,,,,,,,,,,,,,,,,,,,,,,,,,,,,,,,,,,,,,,,,,,,,,,,,,,,,,,,,,,,,,,,,,,,,,,,,,,,,,,,,,,,,,,,,,,,,,,,,,,,,,,,,,,,,,,,,,,,,,,,,,,,,,,,,,,,,,,,,,,,,,,,,,,,,,,,,,,,,,,,,,,,,,,,,,,,,,,,,,,,,,,,,,,,,,,,,,,,,,,,,,,,,,,,,,,,,,,,,,,,,,,,,,,,,,,,,,,,,,,,,,,,,,,,,,,,,,,,,,,,,,,,,,,,,,,,,,,,,,,,,,,,,,,,,,,,,,,,,,,,,,,,,,,
47,Participant,1,,,,,,,,,,,,,,,,,,,,,,,,,20,35,35-44,Female,,Middle,"Housewife or homemaker","हिन्दी (Hindi)",,Yes,"2026-09-03 09:45:19",Bilkees,,,,,Signature,1788408954504.png,,,Jagvir,1788408973426.png,,,,,,"https://www.google.com/maps?q=,",1788408985629.png,No,Unchecked,Unchecked,Unchecked,No,Toothbrush,Unchecked,Checked,Unchecked,Unchecked,Unchecked,,Fluoridated,Once,Once,No,No,Unchecked,Unchecked,Unchecked,Unchecked,Unchecked,Unchecked,Unchecked,Unchecked,Unchecked,Unchecked,Unchecked,,,,,Unchecked,Unchecked,Unchecked,Unchecked,Unchecked,Unchecked,Unchecked,Checked,Unchecked,Average,,,,,,,,,,,,,,,,,,,,,,,,,,,,,,,,,,,,,,,,,,,,,,,,,"Root caries","No bleeding","No pocket",Sound,"No bleeding","No pocket",Sound,"No bleeding","No pocket",Sound,"No bleeding","No pocket",Sound,"No bleeding","No pocket",Normal,Sound,"No bleeding","No pocket",Normal,Sound,"No bleeding","No pocket",Normal,Sound,"No bleeding","No pocket",Normal,Sound,Bleeding,"No pocket",Normal,Sound,"No bleeding","No pocket",Normal,Sound,"No bleeding","No pocket",Normal,Sound,"No bleeding","No pocket",Normal,Sound,Bleeding,"No pocket",Sound,Bleeding,"No pocket",Sound,"No bleeding","No pocket","Root caries","No bleeding","No pocket",Sound,"No bleeding","No pocket",Sound,Bleeding,"No pocket",Sound,Bleeding,"No pocket",Normal,Sound,"No bleeding","No pocket",Sound,"No bleeding","No pocket",Sound,"No bleeding","No pocket",Sound,"No bleeding","No pocket",Sound,"No bleeding","No pocket",Sound,"No bleeding","No pocket",Sound,"No bleeding","No pocket",Sound,"No bleeding","No pocket",Sound,"No bleeding","No pocket",Sound,"No bleeding","No pocket",Sound,"No bleeding","No pocket",Normal,Sound,"No bleeding","No pocket",Sound,"No bleeding","No pocket","0-3 mm","0-3 mm","0-3 mm","0-3 mm","0-3 mm","0-3 mm",Normal,"No sign",,Absent,,Absent,,"No sign",,No,No,No,No,0,0,"No crowding","No spacing",0,0,0,3,3,"Half cusp",,No,Unchecked,Unchecked,Unchecked,Unchecked,Unchecked,Unchecked,Unchecked,Unchecked,Unchecked,Unchecked,Unchecked,Unchecked,Unchecked,Unchecked,Unchecked,Unchecked,Unchecked,Unchecked,Unchecked,Unchecked,Unchecked,Unchecked,Unchecked,Unchecked,Unchecked,Unchecked,Unchecked,Unchecked,Unchecked,Unchecked,Unchecked,Unchecked,Unchecked,Unchecked,Unchecked,Unchecked,Unchecked,Unchecked,Unchecked,Unchecked,Unchecked,Unchecked,Unchecked,Unchecked,Unchecked,Unchecked,Unchecked,Unchecked,Unchecked,Unchecked,Unchecked,Unchecked,Unchecked,Unchecked,Unchecked,Unchecked,Unchecked,Unchecked,Unchecked,Unchecked,Unchecked,Unchecked,Unchecked,Unchecked,Unchecked,Unchecked,Unchecked,Unchecked,Unchecked,Unchecked,Unchecked,Unchecked,,No,,,"Prompt treatment (including scaling) needed",,Complete,Complete
47,Participant,2,,,,,,,,,,,,,,,,,,,,,,,,,22,35,35-44,Female,,Middle,"Housewife or homemaker","हिन्दी (Hindi)",,Yes,"2026-09-03 10:13:48",Bilkees,,,,,Signature,1788410650585.png,,,Jagvir,1788410660213.png,,,,,,"https://www.google.com/maps?q=,",1788411644958.png,No,Unchecked,Unchecked,Unchecked,No,Toothbrush,Unchecked,Checked,Unchecked,Unchecked,Unchecked,,Fluoridated,Once,Once,No,No,Unchecked,Unchecked,Unchecked,Unchecked,Unchecked,Unchecked,Unchecked,Unchecked,Unchecked,Unchecked,Unchecked,,,,,Unchecked,Unchecked,Unchecked,Unchecked,Unchecked,Unchecked,Unchecked,Checked,Unchecked,Average,,,,,,,,,,,,,,,,,,,,,,,,,,,,,,,,,,,,,,,,,,,,,,,,,"Both coronal and root caries","Not recorded","Not recorded",Sound,Bleeding,"Pocket of 4-5 mm",Sound,"No bleeding","No pocket",Sound,"No bleeding","No pocket",Sound,"No bleeding","No pocket",Normal,Sound,"No bleeding","No pocket",Normal,Sound,"No bleeding","No pocket",Normal,Sound,"No bleeding","No pocket",Normal,Sound,"No bleeding","No pocket",Normal,Sound,Bleeding,"No pocket",Normal,Sound,"No bleeding","No pocket",Normal,Sound,"No bleeding","No pocket",Normal,Sound,"No bleeding","No pocket",Sound,"No bleeding","No pocket",Sound,"No bleeding","No pocket","Both coronal and root caries","Not recorded","Not recorded","Coronal caries","No bleeding","No pocket",Sound,"No bleeding","No pocket",Sound,"No bleeding","No pocket",Normal,Sound,"No bleeding","No pocket",Sound,"No bleeding","No pocket",Sound,"No bleeding","No pocket",Sound,"No bleeding","No pocket",Sound,"No bleeding","No pocket",Sound,"No bleeding","No pocket",Sound,"No bleeding","No pocket",Sound,"No bleeding","No pocket",Sound,"No bleeding","No pocket",Sound,"No bleeding","No pocket",Sound,"No bleeding","No pocket",Normal,Sound,Bleeding,"No pocket",Sound,"No bleeding","No pocket","0-3 mm","0-3 mm","4-5 mm Cemento-enamel Junction (CEJ) within black band","4-5 mm Cemento-enamel Junction (CEJ) within black band","6-8 mm CEJ between upper limit of black band and 8.5 mm ring","4-5 mm Cemento-enamel Junction (CEJ) within black band",Normal,"No sign",,Present,4,Present,6,"No sign",,No,No,No,No,0,0,"Crowding present in Upper and Lower arches","No spacing",0,1,3,3,0,"Half cusp",0,No,Unchecked,Unchecked,Unchecked,Unchecked,Unchecked,Unchecked,Unchecked,Unchecked,Unchecked,Unchecked,Unchecked,Unchecked,Unchecked,Unchecked,Unchecked,Unchecked,Unchecked,Unchecked,Unchecked,Unchecked,Unchecked,Unchecked,Unchecked,Unchecked,Unchecked,Unchecked,Unchecked,Unchecked,Unchecked,Unchecked,Unchecked,Unchecked,Unchecked,Unchecked,Unchecked,Unchecked,Unchecked,Unchecked,Unchecked,Unchecked,Unchecked,Unchecked,Unchecked,Unchecked,Unchecked,Unchecked,Unchecked,Unchecked,Unchecked,Unchecked,Unchecked,Unchecked,Unchecked,Unchecked,Unchecked,Unchecked,Unchecked,Unchecked,Unchecked,Unchecked,Unchecked,Unchecked,Unchecked,Unchecked,Unchecked,Unchecked,Unchecked,Unchecked,Unchecked,Unchecked,Unchecked,Unchecked,,No,,,"Immediate (urgent) treatment due to pain or infection of dental and / or oral origin",,Complete,Complete
48,,,,,,,,,,,,,,,,,,,,,,,,,,Incomplete,,,,,,,,,,,,,,,,,,,,,,,,,,,,,,,,,,,,,,,,,,,,,,,,,,,,,,,,,,,,,,,,,,,,,,,,,,,,,,,,,,,,,,,,,,,,,,,,,,,,,,,,,,,,,,,,,,,,,,,,,,,,,,,,,,,,,,,,,,,,,,,,,,,,,,,,,,,,,,,,,,,,,,,,,,,,,,,,,,,,,,,,,,,,,,,,,,,,,,,,,,,,,,,,,,,,,,,,,,,,,,,,,,,,,,,,,,,,,,,,,,,,,,,,,,,,,,,,,,,,,,,,,,,,,,,,,,,,,,,,,,,,,,,,,,,,,,,,,,,,,,,,,,,,,,,,,,,,,,,,,,,,,,,,,,,,,,,,
48,Participant,1,,,,,,,,,,,,,,,,,,,,,,,,,18,6,4-6,Male,,,,"हिन्दी (Hindi)",,Yes,"2026-09-03 10:39:50",,Utkarsh,Madan,Father,,Signature,,1788412230108.png,,Trupti,1788413003513.png,,,,,,"https://www.google.com/maps?q=,",1788412237759.png,,Unchecked,Unchecked,Unchecked,,Toothbrush,Unchecked,Checked,Unchecked,Unchecked,Unchecked,,Non-fluoridated,Once,Once,Yes,Yes,Unchecked,Unchecked,Unchecked,Checked,Unchecked,Unchecked,Unchecked,Unchecked,Unchecked,Unchecked,Unchecked,,"public facility",,,Unchecked,Unchecked,Unchecked,Unchecked,Unchecked,Unchecked,Unchecked,Unchecked,Unchecked,Average,"Mixed dentition",,,"Not recorded","Not recorded",Sound,"No bleeding",Sound,"No bleeding",Sound,"No bleeding",Sound,"No bleeding",Sound,"No bleeding",Sound,"No bleeding",Sound,"No bleeding",Sound,"No bleeding","Not recorded","Not recorded","Not recorded","Not recorded",Sound,"No bleeding",Sound,"No bleeding",Sound,"No bleeding",Sound,"No bleeding",Sound,"No bleeding",Sound,"No bleeding",Sound,"No bleeding",Sound,"No bleeding","Not recorded","Not recorded",Normal,Normal,Normal,Normal,"DMH absent",,,,,,,Sound,"No bleeding",,,,,,,,,,,,,,,,,,,,,,,,,,,,,,,,,,,,,,,,Sound,"No bleeding",,,,,,,,,,,,,,Sound,"No bleeding",,,,,,,,,,,,,,,Unerupted,"Not recorded",,Unerupted,"Not recorded",,,,,,,,,,,,,,Sound,"No bleeding",,,,,,,,,,,,,,,,"No sign",,,,,,"Enamel+dentine fracture",1,,,,,,,,,,,,,,,,No,Unchecked,Unchecked,Unchecked,Unchecked,Unchecked,Unchecked,Unchecked,Unchecked,Unchecked,Unchecked,Unchecked,Unchecked,Unchecked,Unchecked,Unchecked,Unchecked,Unchecked,Unchecked,Unchecked,Unchecked,Unchecked,Unchecked,Unchecked,Unchecked,Unchecked,Unchecked,Unchecked,Unchecked,Unchecked,Unchecked,Unchecked,Unchecked,Unchecked,Unchecked,Unchecked,Unchecked,Unchecked,Unchecked,Unchecked,Unchecked,Unchecked,Unchecked,Unchecked,Unchecked,Unchecked,Unchecked,Unchecked,Unchecked,Unchecked,Unchecked,Unchecked,Unchecked,Unchecked,Unchecked,Unchecked,Unchecked,Unchecked,Unchecked,Unchecked,Unchecked,Unchecked,Unchecked,Unchecked,Unchecked,Unchecked,Unchecked,Unchecked,Unchecked,Unchecked,Unchecked,Unchecked,Unchecked,,,,,"Immediate (urgent) treatment due to pain or infection of dental and / or oral origin",,Complete,Complete
48,Participant,2,,,,,,,,,,,,,,,,,,,,,,,,,,6,4-6,Male,,,,"हिन्दी (Hindi)",,Yes,"2026-09-03 11:20:02",,Utarkash,Madan,Father,,Signature,,,,,,,,,,,"https://www.google.com/maps?q=,",,,Unchecked,Unchecked,Unchecked,,Toothbrush,Unchecked,Checked,Unchecked,Unchecked,Unchecked,,Non-fluoridated,Once,Once,Yes,Yes,Unchecked,Unchecked,Unchecked,Checked,Unchecked,Unchecked,Unchecked,Unchecked,Unchecked,Unchecked,Unchecked,,"public facility",,,Unchecked,Unchecked,Unchecked,Unchecked,Unchecked,Unchecked,Unchecked,Unchecked,Unchecked,Average,"Mixed dentition",,,"Not recorded","Not recorded",Sound,"No bleeding",Sound,"No bleeding",Sound,"No bleeding",Sound,"No bleeding",Sound,"No bleeding",Sound,"No bleeding",Sound,"No bleeding",Sound,"No bleeding","Not recorded","Not recorded","Not recorded","Not recorded",Sound,"No bleeding",Sound,"No bleeding",Sound,"No bleeding",Sound,"No bleeding",Sound,"No bleeding",Sound,"No bleeding",Sound,"No bleeding",Sound,"No bleeding","Not recorded","Not recorded",Normal,Normal,Normal,Normal,"not able to be judged",,,,,,,Sound,"No bleeding",,,,,,,,,,,,,,,,,,,,,,,,,,,,,,,,,,,,,,,,Sound,"No bleeding",,,,,,,,,,,,,,Sound,"No bleeding",,,,,,,,,,,,,,,Unerupted,"Not recorded",,Unerupted,"Not recorded",,,,,,,,,,,,,,Sound,"No bleeding",,,,,,,,,,,,,,,,"Enamel erosion",,,,,,"Enamel+dentine fracture",2,,,,,,,,,,,,,,,,No,Unchecked,Unchecked,Unchecked,Unchecked,Unchecked,Unchecked,Unchecked,Unchecked,Unchecked,Unchecked,Unchecked,Unchecked,Unchecked,Unchecked,Unchecked,Unchecked,Unchecked,Unchecked,Unchecked,Unchecked,Unchecked,Unchecked,Unchecked,Unchecked,Unchecked,Unchecked,Unchecked,Unchecked,Unchecked,Unchecked,Unchecked,Unchecked,Unchecked,Unchecked,Unchecked,Unchecked,Unchecked,Unchecked,Unchecked,Unchecked,Unchecked,Unchecked,Unchecked,Unchecked,Unchecked,Unchecked,Unchecked,Unchecked,Unchecked,Unchecked,Unchecked,Unchecked,Unchecked,Unchecked,Unchecked,Unchecked,Unchecked,Unchecked,Unchecked,Unchecked,Unchecked,Unchecked,Unchecked,Unchecked,Unchecked,Unchecked,Unchecked,Unchecked,Unchecked,Unchecked,Unchecked,Unchecked,,,,,"Immediate (urgent) treatment due to pain or infection of dental and / or oral origin",,Complete,Complete
49,,,,,,,,,,,,,,,,,,,,,,,,,,Incomplete,,,,,,,,,,,,,,,,,,,,,,,,,,,,,,,,,,,,,,,,,,,,,,,,,,,,,,,,,,,,,,,,,,,,,,,,,,,,,,,,,,,,,,,,,,,,,,,,,,,,,,,,,,,,,,,,,,,,,,,,,,,,,,,,,,,,,,,,,,,,,,,,,,,,,,,,,,,,,,,,,,,,,,,,,,,,,,,,,,,,,,,,,,,,,,,,,,,,,,,,,,,,,,,,,,,,,,,,,,,,,,,,,,,,,,,,,,,,,,,,,,,,,,,,,,,,,,,,,,,,,,,,,,,,,,,,,,,,,,,,,,,,,,,,,,,,,,,,,,,,,,,,,,,,,,,,,,,,,,,,,,,,,,,,,,,,,,,,
49,Participant,1,,,,,,,,,,,,,,,,,,,,,,,,,18,5,4-6,Female,,,,"हिन्दी (Hindi)",,Yes,"2026-09-03 11:33:39",,Aayat,Aaqib,"Legal Guardian",,Signature,,1788415447894.png,,,,,,,,,"https://www.google.com/maps?q=,",1788415453223.png,,Unchecked,Unchecked,Unchecked,,Toothbrush,Unchecked,Checked,Unchecked,Unchecked,Unchecked,,Non-fluoridated,Once,Twice,Yes,Yes,Checked,Unchecked,Unchecked,Checked,Unchecked,Unchecked,Unchecked,Unchecked,Unchecked,Unchecked,Unchecked,,"public facility",,,Unchecked,Unchecked,Unchecked,Unchecked,Unchecked,Unchecked,Unchecked,Unchecked,Unchecked,Excellent,"Mixed dentition",,,"Not recorded","Not recorded",Caries,"Not recorded",Caries,"Not recorded",Caries,"Not recorded","Not recorded","Not recorded","Not recorded","Not recorded",Caries,"Not recorded",Caries,"Not recorded",Caries,"Not recorded","Not recorded","Not recorded",Caries,"Not recorded","Filled no caries","Not recorded","Not recorded","Not recorded",Sound,"Not recorded","Not recorded","Not recorded",Sound,"Not recorded",Sound,"Not recorded","Not recorded","Not recorded","Filled with caries","Not recorded","Filled with caries","Not recorded",Normal,Normal,Normal,Normal,"not able to be judged",,,,,,,Sound,"Not recorded",,,,,,,,,,,,,,,,,,,,,,,,,,,,,,,,,,,,,,,,Sound,"No bleeding",,,,,,,,,,,,,,"Coronal caries","Not recorded",,,,,,,,,,,,,,,Sound,"Not recorded",,Unerupted,"Not recorded",,,,,,,,,,,,,,Sound,"Not recorded",,,,,,,,,,,,,,,,"No sign",,,,,,"No sign",,,,,,,,,,,,,,,,,No,Unchecked,Unchecked,Unchecked,Unchecked,Unchecked,Unchecked,Unchecked,Unchecked,Unchecked,Unchecked,Unchecked,Unchecked,Unchecked,Unchecked,Unchecked,Unchecked,Unchecked,Unchecked,Unchecked,Unchecked,Unchecked,Unchecked,Unchecked,Unchecked,Unchecked,Unchecked,Unchecked,Unchecked,Unchecked,Unchecked,Unchecked,Unchecked,Unchecked,Unchecked,Unchecked,Unchecked,Unchecked,Unchecked,Unchecked,Unchecked,Unchecked,Unchecked,Unchecked,Unchecked,Unchecked,Unchecked,Unchecked,Unchecked,Unchecked,Unchecked,Unchecked,Unchecked,Unchecked,Unchecked,Unchecked,Unchecked,Unchecked,Unchecked,Unchecked,Unchecked,Unchecked,Unchecked,Unchecked,Unchecked,Unchecked,Unchecked,Unchecked,Unchecked,Unchecked,Unchecked,Unchecked,Unchecked,,,,,"Immediate (urgent) treatment due to pain or infection of dental and / or oral origin",,Complete,Complete
49,Participant,2,,,,,,,,,,,,,,,,,,,,,,,,,,5,4-6,Female,,,,"हिन्दी (Hindi)",,Yes,"2026-09-03 12:01:59",,Aayat,Aaqib,"Legal Guardian",,Signature,,,,,,,,,,,"https://www.google.com/maps?q=,",,,Unchecked,Unchecked,Unchecked,,Toothbrush,Unchecked,Checked,Unchecked,Unchecked,Unchecked,,Non-fluoridated,"Did not clean",Once,Yes,Yes,Checked,Unchecked,Unchecked,Unchecked,Unchecked,Unchecked,Unchecked,Unchecked,Unchecked,Unchecked,Unchecked,,"public facility",,,Unchecked,Unchecked,Unchecked,Unchecked,Unchecked,Unchecked,Unchecked,Unchecked,Unchecked,Poor,"Mixed dentition",,,"Not recorded","No bleeding",Caries,"No bleeding",Caries,"No bleeding",Caries,"No bleeding","Not recorded","Not recorded","Not recorded","Not recorded",Caries,"No bleeding",Caries,"No bleeding",Caries,"No bleeding","Not recorded","Not recorded",Caries,"Not recorded","Filled no caries","Not recorded","Not recorded","Not recorded",Sound,"Not recorded","Not recorded","Not recorded",Sound,"No bleeding",Sound,"No bleeding","Not recorded","Not recorded","Filled with caries","Not recorded","Filled with caries","No bleeding",Normal,Normal,Normal,Normal,"not able to be judged",,,,,,,Sound,"No bleeding",,,,,,,,,,,,,,,,,,,,,,,,,,,,,,,,,,,,,,,,Sound,"No bleeding",,,,,,,,,,,,,,"Coronal caries","No bleeding",,,,,,,,,,,,,,,Sound,"No bleeding",,Unerupted,"Not recorded",,,,,,,,,,,,,,Sound,"No bleeding",,,,,,,,,,,,,,,,"No sign",,,,,,"No sign",,,,,,,,,,,,,,,,,No,Unchecked,Unchecked,Unchecked,Unchecked,Unchecked,Unchecked,Unchecked,Unchecked,Unchecked,Unchecked,Unchecked,Unchecked,Unchecked,Unchecked,Unchecked,Unchecked,Unchecked,Unchecked,Unchecked,Unchecked,Unchecked,Unchecked,Unchecked,Unchecked,Unchecked,Unchecked,Unchecked,Unchecked,Unchecked,Unchecked,Unchecked,Unchecked,Unchecked,Unchecked,Unchecked,Unchecked,Unchecked,Unchecked,Unchecked,Unchecked,Unchecked,Unchecked,Unchecked,Unchecked,Unchecked,Unchecked,Unchecked,Unchecked,Unchecked,Unchecked,Unchecked,Unchecked,Unchecked,Unchecked,Unchecked,Unchecked,Unchecked,Unchecked,Unchecked,Unchecked,Unchecked,Unchecked,Unchecked,Unchecked,Unchecked,Unchecked,Unchecked,Unchecked,Unchecked,Unchecked,Unchecked,Unchecked,,,,,"Immediate (urgent) treatment due to pain or infection of dental and / or oral origin",,Complete,Complete
50,,,,,,,,,,,,,,,,,,,,,,,,,,Incomplete,,,,,,,,,,,,,,,,,,,,,,,,,,,,,,,,,,,,,,,,,,,,,,,,,,,,,,,,,,,,,,,,,,,,,,,,,,,,,,,,,,,,,,,,,,,,,,,,,,,,,,,,,,,,,,,,,,,,,,,,,,,,,,,,,,,,,,,,,,,,,,,,,,,,,,,,,,,,,,,,,,,,,,,,,,,,,,,,,,,,,,,,,,,,,,,,,,,,,,,,,,,,,,,,,,,,,,,,,,,,,,,,,,,,,,,,,,,,,,,,,,,,,,,,,,,,,,,,,,,,,,,,,,,,,,,,,,,,,,,,,,,,,,,,,,,,,,,,,,,,,,,,,,,,,,,,,,,,,,,,,,,,,,,,,,,,,,,,
50,Participant,1,,,,,,,,,,,,,,,,,,,,,,,,,20,36,35-44,Male,,"Higher Secondary","Sales Workers, N.E.C.",English,,Yes,"2026-09-03 12:09:23",Deepak,,,,,Signature,1788417588824.png,,,,,,,28.5657378,77.2131422,,"https://www.google.com/maps?q=28.5657378,77.2131422",,No,Unchecked,Unchecked,Unchecked,No,Toothbrush,Unchecked,Checked,Unchecked,Unchecked,Unchecked,,Fluoridated,Twice,Twice,No,No,Unchecked,Unchecked,Unchecked,Unchecked,Unchecked,Unchecked,Unchecked,Unchecked,Unchecked,Unchecked,Unchecked,,,,,Unchecked,Unchecked,Unchecked,Unchecked,Unchecked,Unchecked,Unchecked,Unchecked,Checked,Good,,,,,,,,,,,,,,,,,,,,,,,,,,,,,,,,,,,,,,,,,,,,,,,,,Unerupted,"Not recorded","Not recorded",Sound,"No bleeding","No pocket",Sound,"No bleeding","No pocket",Sound,"No bleeding","No pocket",Sound,"No bleeding","No pocket",Normal,Sound,"No bleeding","No pocket",Normal,Sound,"No bleeding","No pocket",Normal,Sound,"No bleeding","No pocket",Normal,Sound,"No bleeding","No pocket",Normal,Sound,"No bleeding","No pocket",Normal,Sound,"No bleeding","No pocket",Normal,Sound,"No bleeding","No pocket",Normal,Sound,"No bleeding","No pocket",Sound,"No bleeding","No pocket","Coronal caries","No bleeding","No pocket","Coronal caries","No bleeding","No pocket",Unerupted,"Not recorded","Not recorded","Coronal caries","No bleeding","No pocket",Sound,"No bleeding","No pocket",Normal,Sound,"No bleeding","No pocket",Sound,"No bleeding","No pocket",Sound,"No bleeding","No pocket",Sound,"No bleeding","No pocket",Sound,"No bleeding","No pocket",Sound,"No bleeding","No pocket",Sound,"No bleeding","No pocket",Sound,"No bleeding","No pocket",Sound,"No bleeding","No pocket",Sound,"No bleeding","No pocket",Sound,"No bleeding","No pocket","demarcated opacity","Coronal caries","No bleeding","No pocket",Sound,"No bleeding","No pocket","0-3 mm","0-3 mm","0-3 mm","0-3 mm","0-3 mm","0-3 mm",Normal,"No sign",,Present,3,Absent,,"No sign",,No,No,No,No,0,0,"No crowding","No spacing",0,0,1,2,0,"Half cusp",0,No,Unchecked,Unchecked,Unchecked,Unchecked,Unchecked,Unchecked,Unchecked,Unchecked,Unchecked,Unchecked,Unchecked,Unchecked,Unchecked,Unchecked,Unchecked,Unchecked,Unchecked,Unchecked,Unchecked,Unchecked,Unchecked,Unchecked,Unchecked,Unchecked,Unchecked,Unchecked,Unchecked,Unchecked,Unchecked,Unchecked,Unchecked,Unchecked,Unchecked,Unchecked,Unchecked,Unchecked,Unchecked,Unchecked,Unchecked,Unchecked,Unchecked,Unchecked,Unchecked,Unchecked,Unchecked,Unchecked,Unchecked,Unchecked,Unchecked,Unchecked,Unchecked,Unchecked,Unchecked,Unchecked,Unchecked,Unchecked,Unchecked,Unchecked,Unchecked,Unchecked,Unchecked,Unchecked,Unchecked,Unchecked,Unchecked,Unchecked,Unchecked,Unchecked,Unchecked,Unchecked,Unchecked,Unchecked,,No,,,"Prompt treatment (including scaling) needed",,Complete,Complete
50,Participant,2,,,,,,,,,,,,,,,,,,,,,,,,,,36,35-44,Male,,"Higher Secondary","Working Proprietors, Directors And Managers Mining",English,,Yes,"2026-09-03 12:23:31",Deepak,,,,,Signature,1788418427030.png,,,Suraj,1788418440400.png,,,28.5657755,77.2130309,,"https://www.google.com/maps?q=28.5657755,77.2130309",,No,Unchecked,Unchecked,Unchecked,No,Toothbrush,Unchecked,Checked,Unchecked,Unchecked,Unchecked,,unknown,Twice,Twice,No,No,Unchecked,Unchecked,Unchecked,Unchecked,Unchecked,Unchecked,Unchecked,Unchecked,Unchecked,Unchecked,Unchecked,,,,,Unchecked,Unchecked,Unchecked,Unchecked,Unchecked,Unchecked,Unchecked,Unchecked,Checked,Average,,,,,,,,,,,,,,,,,,,,,,,,,,,,,,,,,,,,,,,,,,,,,,,,,"Not recorded","Not recorded","Not recorded",Sound,"No bleeding","No pocket",Sound,"No bleeding","No pocket",Sound,"No bleeding","No pocket",Sound,"No bleeding","No pocket",Normal,Sound,"No bleeding","No pocket",Normal,Sound,"No bleeding","No pocket",Normal,Sound,"No bleeding","No pocket",Normal,Sound,"No bleeding","No pocket",Normal,Sound,"No bleeding","No pocket",Normal,Sound,"No bleeding","No pocket",Normal,Sound,"No bleeding","No pocket",Normal,Sound,"No bleeding","No pocket",Sound,"No bleeding","No pocket",Sound,"No bleeding","No pocket",Sound,"No bleeding","Pocket of 4-5 mm","Coronal caries","No bleeding","No pocket",Sound,"No bleeding",,Sound,"No bleeding","No pocket",Normal,Sound,"No bleeding","No pocket",Sound,"No bleeding","No pocket",Sound,"No bleeding","No pocket",Sound,"No bleeding","No pocket",Sound,"No bleeding","No pocket",Sound,"No bleeding","No pocket",Sound,"No bleeding",,Sound,"No bleeding","No pocket",Sound,"No bleeding","No pocket",Sound,"No bleeding","No pocket",Sound,"No bleeding","No pocket",Normal,"Coronal caries","No bleeding","No pocket",Sound,"No bleeding","No pocket","0-3 mm","0-3 mm","0-3 mm","0-3 mm","0-3 mm","0-3 mm",Normal,"No sign",,Present,3,Absent,,"No sign",,No,No,No,No,0,0,"No crowding","No spacing",0,0,1,2,0,"Half cusp",0,No,Unchecked,Unchecked,Unchecked,Unchecked,Unchecked,Unchecked,Unchecked,Unchecked,Unchecked,Unchecked,Unchecked,Unchecked,Unchecked,Unchecked,Unchecked,Unchecked,Unchecked,Unchecked,Unchecked,Unchecked,Unchecked,Unchecked,Unchecked,Unchecked,Unchecked,Unchecked,Unchecked,Unchecked,Unchecked,Unchecked,Unchecked,Unchecked,Unchecked,Unchecked,Unchecked,Unchecked,Unchecked,Unchecked,Unchecked,Unchecked,Unchecked,Unchecked,Unchecked,Unchecked,Unchecked,Unchecked,Unchecked,Unchecked,Unchecked,Unchecked,Unchecked,Unchecked,Unchecked,Unchecked,Unchecked,Unchecked,Unchecked,Unchecked,Unchecked,Unchecked,Unchecked,Unchecked,Unchecked,Unchecked,Unchecked,Unchecked,Unchecked,Unchecked,Unchecked,Unchecked,Unchecked,Unchecked,,No,,,"Prompt treatment (including scaling) needed",,Complete,Complete
51,,,,,,,,,,,,,,,,,,,,,,,,,,Incomplete,,,,,,,,,,,,,,,,,,,,,,,,,,,,,,,,,,,,,,,,,,,,,,,,,,,,,,,,,,,,,,,,,,,,,,,,,,,,,,,,,,,,,,,,,,,,,,,,,,,,,,,,,,,,,,,,,,,,,,,,,,,,,,,,,,,,,,,,,,,,,,,,,,,,,,,,,,,,,,,,,,,,,,,,,,,,,,,,,,,,,,,,,,,,,,,,,,,,,,,,,,,,,,,,,,,,,,,,,,,,,,,,,,,,,,,,,,,,,,,,,,,,,,,,,,,,,,,,,,,,,,,,,,,,,,,,,,,,,,,,,,,,,,,,,,,,,,,,,,,,,,,,,,,,,,,,,,,,,,,,,,,,,,,,,,,,,,,,
51,Participant,1,,,,,,,,,,,,,,,,,,,,,,,,,18,35,35-44,Female,,Secondary,"Housewife or homemaker","हिन्दी (Hindi)",,Yes,"2026-09-02 15:46:59",Neelam,,,,,Signature,1788345716418.png,,,Debjyoti,1788345753121.png,,,28.5657755,77.2130309,,"https://www.google.com/maps?q=28.5657755,77.2130309",,No,Unchecked,Unchecked,Unchecked,No,Toothbrush,Unchecked,Checked,Unchecked,Unchecked,Unchecked,,Fluoridated,Once,Twice,No,No,Unchecked,Unchecked,Unchecked,Unchecked,Unchecked,Unchecked,Unchecked,Unchecked,Unchecked,Unchecked,Unchecked,,,,,Unchecked,Unchecked,Unchecked,Unchecked,Unchecked,Unchecked,Unchecked,Checked,Unchecked,Good,,,,,,,,,,,,,,,,,,,,,,,,,,,,,,,,,,,,,,,,,,,,,,,,,"Coronal caries","No bleeding","No pocket",Sound,"No bleeding","No pocket",Sound,"No bleeding","No pocket",Sound,"No bleeding","No pocket",Sound,"No bleeding","No pocket",Normal,Sound,"No bleeding","No pocket",Normal,Sound,"No bleeding","No pocket",Normal,Sound,"No bleeding","No pocket",Normal,Sound,"No bleeding","No pocket",Normal,Sound,"No bleeding","No pocket",Normal,Sound,"No bleeding","No pocket",Normal,Sound,"No bleeding","No pocket",Normal,Sound,"No bleeding","No pocket",Sound,"No bleeding","No pocket",Sound,"No bleeding","No pocket","Coronal caries","No bleeding","No pocket","Coronal caries","No bleeding","No pocket",Sound,"No bleeding","No pocket",Sound,"No bleeding","No pocket",Normal,Sound,"No bleeding","No pocket",Sound,"No bleeding","No pocket",Sound,"No bleeding","No pocket",Sound,"No bleeding","No pocket",Sound,"No bleeding","No pocket",Sound,"No bleeding","No pocket",Sound,"No bleeding","No pocket",Sound,"No bleeding","No pocket",Sound,"No bleeding","No pocket",Sound,"No bleeding","No pocket","Coronal caries","No bleeding","Pocket of 4-5 mm",Normal,"Coronal caries","No bleeding","No pocket","Coronal caries","No bleeding","No pocket","0-3 mm","0-3 mm","0-3 mm","0-3 mm","0-3 mm","0-3 mm",Normal,"No sign",,Absent,,Absent,,"No sign",,No,No,No,No,0,0,"No crowding","No spacing",0,0,1,1,0,"Full cusp",1,No,Unchecked,Unchecked,Unchecked,Unchecked,Unchecked,Unchecked,Unchecked,Unchecked,Unchecked,Unchecked,Unchecked,Unchecked,Unchecked,Unchecked,Unchecked,Unchecked,Unchecked,Unchecked,Unchecked,Unchecked,Unchecked,Unchecked,Unchecked,Unchecked,Unchecked,Unchecked,Unchecked,Unchecked,Unchecked,Unchecked,Unchecked,Unchecked,Unchecked,Unchecked,Unchecked,Unchecked,Unchecked,Unchecked,Unchecked,Unchecked,Unchecked,Unchecked,Unchecked,Unchecked,Unchecked,Unchecked,Unchecked,Unchecked,Unchecked,Unchecked,Unchecked,Unchecked,Unchecked,Unchecked,Unchecked,Unchecked,Unchecked,Unchecked,Unchecked,Unchecked,Unchecked,Unchecked,Unchecked,Unchecked,Unchecked,Unchecked,Unchecked,Unchecked,Unchecked,Unchecked,Unchecked,Unchecked,,No,,,"Preventive or routine treatment needed",,Complete,Complete
51,Participant,2,,,,,,,,,,,,,,,,,,,,,,,,,18,13,12-15,Male,,,,"हिन्दी (Hindi)",Yes,Yes,"2026-09-02 16:32:06",Dev,,Rahul,Father,,Signature,1788347004045.png,1788347011691.png,,Deb,1788347020402.png,,,28.565785,77.2136517,,"https://www.google.com/maps?q=28.565785,77.2136517",1788347025868.png,No,Unchecked,Unchecked,Unchecked,,Toothbrush,Unchecked,Checked,Unchecked,Unchecked,Unchecked,,Fluoridated,Once,Twice,Yes,Yes,Unchecked,Unchecked,Unchecked,Checked,Unchecked,Unchecked,Unchecked,Unchecked,Unchecked,Unchecked,Unchecked,,"public facility",,,Unchecked,Unchecked,Unchecked,Unchecked,Unchecked,Unchecked,Unchecked,Unchecked,Unchecked,Average,,"Permanent only",,,,,,,,,,,,,,,,,,,,,,,,,,,,,,,,,,,,,,,,,,,,,,,,,,Sound,"No bleeding",,"Coronal caries","No bleeding",,"Root caries","No bleeding",,Sound,"No bleeding",,Normal,Sound,"No bleeding",,Normal,Sound,"No bleeding",,Normal,Sound,"No bleeding",,Normal,Sound,"No bleeding",,Normal,Sound,"No bleeding",,Normal,Sound,"No bleeding",,Normal,Sound,"No bleeding",,Normal,"Coronal caries","No bleeding",,"Coronal caries","No bleeding",,"Coronal caries","No bleeding",,,,,,,,Unerupted,"Not recorded",,"Filled no caries","No bleeding",,Normal,Sound,"No bleeding",,Sound,"No bleeding",,Sound,"No bleeding",,Sound,"No bleeding",,Sound,"No bleeding",,Sound,"No bleeding",,Sound,"No bleeding",,Sound,"No bleeding",,Sound,"No bleeding",,Sound,"No bleeding",,Sound,"No bleeding",,"demarcated opacity",Unerupted,"Not recorded",,,,,,,,,,,"Not recorded","No sign",,,,,,"No sign",,,,,,0,0,"No crowding","Spacing present- Upper",0,1,0,1,0,"Full cusp",0,No,Unchecked,Unchecked,Unchecked,Unchecked,Unchecked,Unchecked,Unchecked,Unchecked,Unchecked,Unchecked,Unchecked,Unchecked,Unchecked,Unchecked,Unchecked,Unchecked,Unchecked,Unchecked,Unchecked,Unchecked,Unchecked,Unchecked,Unchecked,Unchecked,Unchecked,Unchecked,Unchecked,Unchecked,Unchecked,Unchecked,Unchecked,Unchecked,Unchecked,Unchecked,Unchecked,Unchecked,Unchecked,Unchecked,Unchecked,Unchecked,Unchecked,Unchecked,Unchecked,Unchecked,Unchecked,Unchecked,Unchecked,Unchecked,Unchecked,Unchecked,Unchecked,Unchecked,Unchecked,Unchecked,Unchecked,Unchecked,Unchecked,Unchecked,Unchecked,Unchecked,Unchecked,Unchecked,Unchecked,Unchecked,Unchecked,Unchecked,Unchecked,Unchecked,Unchecked,Unchecked,Unchecked,Unchecked,,,,,"Prompt treatment (including scaling) needed",,Complete,Complete
51,Participant,3,,,,,,,,,,,,,,,,,,,,,,,,,18,13,12-15,Male,,,,"हिन्दी (Hindi)",Yes,Yes,"2026-09-02 16:40:37",Dev,,Rahul,Father,,Signature,1788347431701.png,1788347435094.png,,Deb,1788347446078.png,,,28.5657995,77.2136572,,"https://www.google.com/maps?q=28.5657995,77.2136572",1788347467597.png,No,Unchecked,Unchecked,Unchecked,,Toothbrush,Unchecked,Checked,Unchecked,Unchecked,Unchecked,,Fluoridated,Once,Twice,Yes,Yes,Unchecked,Unchecked,Unchecked,Checked,Unchecked,Unchecked,Unchecked,Unchecked,Unchecked,Unchecked,Unchecked,,"public facility",,,Unchecked,Unchecked,Unchecked,Unchecked,Unchecked,Unchecked,Unchecked,Unchecked,Unchecked,Good,,"Permanent only",,,,,,,,,,,,,,,,,,,,,,,,,,,,,,,,,,,,,,,,,,,,,,,,,,Sound,Bleeding,,"Coronal caries",Bleeding,,"Coronal caries","No bleeding",,Sound,"No bleeding",,Normal,Sound,"No bleeding",,Normal,Sound,"No bleeding",,Normal,Sound,"No bleeding",,Normal,Sound,"No bleeding",,Normal,Sound,"No bleeding",,Normal,Sound,"No bleeding",,Normal,Sound,Bleeding,,"demarcated opacity","Coronal caries",Bleeding,,"Coronal caries","No bleeding",,"Coronal caries","No bleeding",,,,,,,,Unerupted,"Not recorded",,"Filled no caries","No bleeding",,Normal,Sound,Bleeding,,Sound,"No bleeding",,Sound,"No bleeding",,Sound,"No bleeding",,Sound,"No bleeding",,Sound,"No bleeding",,Sound,"No bleeding",,Sound,"No bleeding",,Sound,"No bleeding",,Sound,"No bleeding",,Sound,Bleeding,,Normal,Unerupted,"Not recorded",,,,,,,,,,,"Not recorded","No sign",,,,,,"No sign",,,,,,0,0,"No crowding","Spacing present- Upper",0,1,0,1,0,"Full cusp",0,No,Unchecked,Unchecked,Unchecked,Unchecked,Unchecked,Unchecked,Unchecked,Unchecked,Unchecked,Unchecked,Unchecked,Unchecked,Unchecked,Unchecked,Unchecked,Unchecked,Unchecked,Unchecked,Unchecked,Unchecked,Unchecked,Unchecked,Unchecked,Unchecked,Unchecked,Unchecked,Unchecked,Unchecked,Unchecked,Unchecked,Unchecked,Unchecked,Unchecked,Unchecked,Unchecked,Unchecked,Unchecked,Unchecked,Unchecked,Unchecked,Unchecked,Unchecked,Unchecked,Unchecked,Unchecked,Unchecked,Unchecked,Unchecked,Unchecked,Unchecked,Unchecked,Unchecked,Unchecked,Unchecked,Unchecked,Unchecked,Unchecked,Unchecked,Unchecked,Unchecked,Unchecked,Unchecked,Unchecked,Unchecked,Unchecked,Unchecked,Unchecked,Unchecked,Unchecked,Unchecked,Unchecked,Unchecked,,,,,"Prompt treatment (including scaling) needed",,Complete,Complete
51,Participant,4,,,,,,,,,,,,,,,,,,,,,,,,,,35,35-44,Female,,Secondary,"Housewife or homemaker","हिन्दी (Hindi)",,Yes,"2026-09-02 16:51:11",Neelam,,,,,Signature,1788348080211.png,,,Geetanjali,1788348106353.png,,,28.565783,77.2136445,,"https://www.google.com/maps?q=28.565783,77.2136445",1788348131173.png,No,Unchecked,Unchecked,Unchecked,No,Toothbrush,Unchecked,Checked,Unchecked,Unchecked,Unchecked,,Fluoridated,Twice,Twice,No,No,Unchecked,Unchecked,Unchecked,Unchecked,Unchecked,Unchecked,Unchecked,Unchecked,Unchecked,Unchecked,Unchecked,,,,,Unchecked,Unchecked,Unchecked,Unchecked,Unchecked,Unchecked,Unchecked,Checked,Unchecked,Good,,,,,,,,,,,,,,,,,,,,,,,,,,,,,,,,,,,,,,,,,,,,,,,,,"Coronal caries","No bleeding","No pocket",Sound,"No bleeding","No pocket",Sound,"No bleeding","No pocket",Sound,"No bleeding","No pocket",Sound,"No bleeding","No pocket",Normal,Sound,"No bleeding","No pocket",Normal,Sound,"No bleeding","No pocket",Normal,Sound,"No bleeding","No pocket",Normal,Sound,"No bleeding","No pocket",Normal,Sound,"No bleeding","No pocket",Normal,Sound,"No bleeding","No pocket",Normal,Sound,"No bleeding","No pocket",Normal,Sound,"No bleeding","No pocket",Sound,"No bleeding","No pocket",Sound,"No bleeding","No pocket","Coronal caries","No bleeding","No pocket","Coronal caries","No bleeding","No pocket",Sound,"No bleeding","No pocket",Sound,"No bleeding","No pocket",Normal,Sound,"No bleeding","No pocket",Sound,"No bleeding","No pocket",Sound,"No bleeding","No pocket",Sound,"No bleeding","No pocket",Sound,"No bleeding","No pocket",Sound,"No bleeding","No pocket",Sound,"No bleeding","No pocket",Sound,"No bleeding","No pocket",Sound,"No bleeding","No pocket",Sound,"No bleeding","No pocket","Coronal caries","No bleeding","Pocket of 4-5 mm",Normal,"Coronal caries","No bleeding","No pocket","Coronal caries","No bleeding","No pocket","0-3 mm","0-3 mm","0-3 mm","0-3 mm","0-3 mm","0-3 mm",Normal,"No sign",,Absent,,Absent,,"No sign",,No,No,No,No,0,0,"Crowding present in Upper and Lower arches","No spacing",0,0,1,2,0,"Full cusp",0,No,Unchecked,Unchecked,Unchecked,Unchecked,Unchecked,Unchecked,Unchecked,Unchecked,Unchecked,Unchecked,Unchecked,Unchecked,Unchecked,Unchecked,Unchecked,Unchecked,Unchecked,Unchecked,Unchecked,Unchecked,Unchecked,Unchecked,Unchecked,Unchecked,Unchecked,Unchecked,Unchecked,Unchecked,Unchecked,Unchecked,Unchecked,Unchecked,Unchecked,Unchecked,Unchecked,Unchecked,Unchecked,Unchecked,Unchecked,Unchecked,Unchecked,Unchecked,Unchecked,Unchecked,Unchecked,Unchecked,Unchecked,Unchecked,Unchecked,Unchecked,Unchecked,Unchecked,Unchecked,Unchecked,Unchecked,Unchecked,Unchecked,Unchecked,Unchecked,Unchecked,Unchecked,Unchecked,Unchecked,Unchecked,Unchecked,Unchecked,Unchecked,Unchecked,Unchecked,Unchecked,Unchecked,Unchecked,,No,,,"Prompt treatment (including scaling) needed",Nil,Complete,Complete
52,,,,,,,,,,,,,,,,,,,,,,,,,,Incomplete,,,,,,,,,,,,,,,,,,,,,,,,,,,,,,,,,,,,,,,,,,,,,,,,,,,,,,,,,,,,,,,,,,,,,,,,,,,,,,,,,,,,,,,,,,,,,,,,,,,,,,,,,,,,,,,,,,,,,,,,,,,,,,,,,,,,,,,,,,,,,,,,,,,,,,,,,,,,,,,,,,,,,,,,,,,,,,,,,,,,,,,,,,,,,,,,,,,,,,,,,,,,,,,,,,,,,,,,,,,,,,,,,,,,,,,,,,,,,,,,,,,,,,,,,,,,,,,,,,,,,,,,,,,,,,,,,,,,,,,,,,,,,,,,,,,,,,,,,,,,,,,,,,,,,,,,,,,,,,,,,,,,,,,,,,,,,,,,
52,Participant,1,,,,,,,,,,,,,,,,,,,,,,,,,20,6,4-6,Male,,,,English,,Yes,"2026-09-03 11:17:46",,"Akhil ",Sandhya,Mother,,Signature,,1788414551214.png,,Suraj,1788414573620.png,,,28.5657755,77.2130309,,"https://www.google.com/maps?q=28.5657755,77.2130309",1788414585741.png,,Unchecked,Unchecked,Unchecked,,Toothbrush,Unchecked,Checked,Unchecked,Unchecked,Unchecked,,Fluoridated,Once,"Thrice or more",Yes,Yes,Checked,Unchecked,Unchecked,Unchecked,Unchecked,Unchecked,Unchecked,Unchecked,Unchecked,Checked,Unchecked,,"public facility",,,Unchecked,Unchecked,Unchecked,Unchecked,Unchecked,Unchecked,Unchecked,Unchecked,Unchecked,Average,"Mixed dentition",,,Sound,"No bleeding",Caries,"No bleeding",Caries,"No bleeding",Caries,"No bleeding",Sound,"No bleeding",Sound,"No bleeding",Caries,"No bleeding",Caries,"No bleeding",Caries,"No bleeding",Sound,"No bleeding",Sound,"No bleeding","Filled with caries","No bleeding","Filled with caries",Bleeding,Sound,"No bleeding",Sound,"No bleeding",Sound,"No bleeding",Caries,"No bleeding",Caries,"No bleeding",Prosthesis,"No bleeding",Sound,"No bleeding","Opacity present",Normal,Normal,Normal,"not able to be judged",,,,,,,Sound,"No bleeding",,,,,,,,,,,,,,,,,,,,,,,,,,,,,,,,,,,,,,,,Sound,"No bleeding",,,,,,,,,,,,,,Sound,"No bleeding",,,,,,,,,,,,,,,Sound,"No bleeding",,Sound,"No bleeding",,,,,,,,,,,,,,"Not recorded","Not recorded",,,,,,,,,,,,,,,,"Enamel erosion",4,,,,,"No sign",,,,,,,,,,,,,,,,,No,Unchecked,Unchecked,Unchecked,Unchecked,Unchecked,Unchecked,Unchecked,Unchecked,Unchecked,Unchecked,Unchecked,Unchecked,Unchecked,Unchecked,Unchecked,Unchecked,Unchecked,Unchecked,Unchecked,Unchecked,Unchecked,Unchecked,Unchecked,Unchecked,Unchecked,Unchecked,Unchecked,Unchecked,Unchecked,Unchecked,Unchecked,Unchecked,Unchecked,Unchecked,Unchecked,Unchecked,Unchecked,Unchecked,Unchecked,Unchecked,Unchecked,Unchecked,Unchecked,Unchecked,Unchecked,Unchecked,Unchecked,Unchecked,Unchecked,Unchecked,Unchecked,Unchecked,Unchecked,Unchecked,Unchecked,Unchecked,Unchecked,Unchecked,Unchecked,Unchecked,Unchecked,Unchecked,Unchecked,Unchecked,Unchecked,Unchecked,Unchecked,Unchecked,Unchecked,Unchecked,Unchecked,Unchecked,,,,,"Immediate (urgent) treatment due to pain or infection of dental and / or oral origin",,Complete,Complete
52,Participant,2,,,,,,,,,,,,,,,,,,,,,,,,,,6,4-6,Male,,,,English,,Yes,"2026-09-03 11:34:06",,Akhil,Sandhya,Mother,,Signature,,1788415480384.png,,,,,,28.5657755,77.2130309,,"https://www.google.com/maps?q=28.5657755,77.2130309",1788415554724.png,,Unchecked,Unchecked,Unchecked,,Toothbrush,Unchecked,Checked,Unchecked,Unchecked,Unchecked,,Fluoridated,Twice,"Thrice or more",Yes,Yes,Checked,Unchecked,Unchecked,Unchecked,Unchecked,Unchecked,Unchecked,Unchecked,Unchecked,Checked,Checked,,"public facility",,,Unchecked,Unchecked,Unchecked,Unchecked,Unchecked,Unchecked,Unchecked,Unchecked,Unchecked,Good,"Mixed dentition",,,Sound,"No bleeding",Sound,"No bleeding",Sound,"No bleeding",Sound,"No bleeding",Sound,"No bleeding",Sound,"No bleeding",Sound,"No bleeding",Sound,Bleeding,Sound,"No bleeding",Sound,"No bleeding",Sound,,Sound,"No bleeding",Sound,"No bleeding",Sound,"No bleeding",Sound,"No bleeding",Sound,"No bleeding",Sound,"No bleeding",Sound,"No bleeding",Prosthesis,"Not recorded",Sound,"No bleeding",Normal,Normal,"Opacity present","Opacity present","not able to be judged",,,,,,,Sound,"No bleeding",,,,,,,,,,,,,,,,,,,,,,,,,,,,,,,,,,,,,,,,Sound,"No bleeding",,,,,,,,,,,,,,Sound,"No bleeding",,,,,,,,,,,,,,,Sound,"No bleeding",,Sound,"No bleeding",,,,,,,,,,,,,,Sound,"No bleeding",,,,,,,,,,,,,,,,"No sign",,,,,,"No sign",,,,,,,,,,,,,,,,,No,Unchecked,Unchecked,Unchecked,Unchecked,Unchecked,Unchecked,Unchecked,Unchecked,Unchecked,Unchecked,Unchecked,Unchecked,Unchecked,Unchecked,Unchecked,Unchecked,Unchecked,Unchecked,Unchecked,Unchecked,Unchecked,Unchecked,Unchecked,Unchecked,Unchecked,Unchecked,Unchecked,Unchecked,Unchecked,Unchecked,Unchecked,Unchecked,Unchecked,Unchecked,Unchecked,Unchecked,Unchecked,Unchecked,Unchecked,Unchecked,Unchecked,Unchecked,Unchecked,Unchecked,Unchecked,Unchecked,Unchecked,Unchecked,Unchecked,Unchecked,Unchecked,Unchecked,Unchecked,Unchecked,Unchecked,Unchecked,Unchecked,Unchecked,Unchecked,Unchecked,Unchecked,Unchecked,Unchecked,Unchecked,Unchecked,Unchecked,Unchecked,Unchecked,Unchecked,Unchecked,Unchecked,Unchecked,,,,,,,Complete,Incomplete
53,,,,,,,,,,,,,,,,,,,,,,,,,,Incomplete,,,,,,,,,,,,,,,,,,,,,,,,,,,,,,,,,,,,,,,,,,,,,,,,,,,,,,,,,,,,,,,,,,,,,,,,,,,,,,,,,,,,,,,,,,,,,,,,,,,,,,,,,,,,,,,,,,,,,,,,,,,,,,,,,,,,,,,,,,,,,,,,,,,,,,,,,,,,,,,,,,,,,,,,,,,,,,,,,,,,,,,,,,,,,,,,,,,,,,,,,,,,,,,,,,,,,,,,,,,,,,,,,,,,,,,,,,,,,,,,,,,,,,,,,,,,,,,,,,,,,,,,,,,,,,,,,,,,,,,,,,,,,,,,,,,,,,,,,,,,,,,,,,,,,,,,,,,,,,,,,,,,,,,,,,,,,,,,
53,Participant,1,,,,,,,,,,,,,,,,,,,,,,,,,19,6,4-6,Female,,,,"हिन्दी (Hindi)",,Yes,"2026-09-03 11:39:50",,Gyanvi,"Dileep kumar",Father,,Signature,,1788415824524.png,,Jagvir,1788415836138.png,,,28.5657755,77.2130309,,"https://www.google.com/maps?q=28.5657755,77.2130309",1788415844037.png,,Unchecked,Unchecked,Unchecked,,Toothbrush,Unchecked,Checked,Unchecked,Unchecked,Unchecked,,Fluoridated,Once,Once,Yes,Yes,Unchecked,Unchecked,Unchecked,Unchecked,Unchecked,Unchecked,Unchecked,Unchecked,Unchecked,Checked,Unchecked,,"public facility",,,Unchecked,Unchecked,Unchecked,Unchecked,Unchecked,Unchecked,Unchecked,Unchecked,Unchecked,Poor,"Mixed dentition",,,Sound,"No bleeding",Sound,"No bleeding",Sound,"No bleeding","Missing other","Not recorded","Missing other","Not recorded","Missing other","Not recorded",Sound,"No bleeding",Sound,"No bleeding","Filled no caries","No bleeding",Sound,"No bleeding",Sound,"No bleeding",Sound,"No bleeding",Sound,"No bleeding",Sound,"No bleeding","Missing other","Not recorded","Missing other","Not recorded",Sound,"No bleeding",Sound,"No bleeding","Filled no caries","No bleeding","Filled no caries","No bleeding",Normal,Normal,Normal,Normal,"DMH absent",,,,,,,Sound,"No bleeding",,,,,,,,,,,,,,,,,,,,,,,,,,,,,,,,,,,,,,,,Sound,"No bleeding",,,,,,,,,,,,,,Sound,"No bleeding",,,,,,,,,,,,,,,Sound,"No bleeding",,Sound,"No bleeding",,,,,,,,,,,,,,Sound,"No bleeding",,,,,,,,,,,,,,,,"No sign",,,,,,"No sign",,,,,,,,,,,,,,,,,No,Unchecked,Unchecked,Unchecked,Unchecked,Unchecked,Unchecked,Unchecked,Unchecked,Unchecked,Unchecked,Unchecked,Unchecked,Unchecked,Unchecked,Unchecked,Unchecked,Unchecked,Unchecked,Unchecked,Unchecked,Unchecked,Unchecked,Unchecked,Unchecked,Unchecked,Unchecked,Unchecked,Unchecked,Unchecked,Unchecked,Unchecked,Unchecked,Unchecked,Unchecked,Unchecked,Unchecked,Unchecked,Unchecked,Unchecked,Unchecked,Unchecked,Unchecked,Unchecked,Unchecked,Unchecked,Unchecked,Unchecked,Unchecked,Unchecked,Unchecked,Unchecked,Unchecked,Unchecked,Unchecked,Unchecked,Unchecked,Unchecked,Unchecked,Unchecked,Unchecked,Unchecked,Unchecked,Unchecked,Unchecked,Unchecked,Unchecked,Unchecked,Unchecked,Unchecked,Unchecked,Unchecked,Unchecked,,,,,"Immediate (urgent) treatment due to pain or infection of dental and / or oral origin",,Complete,Complete
53,Participant,2,,,,,,,,,,,,,,,,,,,,,,,,,,6,4-6,Female,,,,"हिन्दी (Hindi)",,Yes,"2026-09-03 12:01:26",,Gyanvi,,,,,,,,,,,,28.5657755,77.2130309,,"https://www.google.com/maps?q=28.5657755,77.2130309",1788417108323.png,,Unchecked,Unchecked,Unchecked,,Toothbrush,Unchecked,Checked,Unchecked,Unchecked,Unchecked,,Fluoridated,Once,Once,Yes,Yes,Unchecked,Unchecked,Unchecked,Unchecked,Unchecked,Unchecked,Unchecked,Unchecked,Unchecked,Checked,Unchecked,,"public facility",,,Unchecked,Unchecked,Unchecked,Unchecked,Unchecked,Unchecked,Unchecked,Unchecked,Unchecked,Poor,"Mixed dentition",,,Sound,"No bleeding",Sound,"No bleeding",Sound,"No bleeding","Missing other","Not recorded","Missing other","No bleeding","Missing other","Not recorded",Sound,"No bleeding",Sound,"No bleeding","Filled no caries","No bleeding",Sound,"No bleeding",Caries,"No bleeding",Sound,"No bleeding",Sound,"No bleeding",Sound,Bleeding,"Missing other","Not recorded","Missing other","Not recorded",Sound,"No bleeding",Sound,"No bleeding","Filled with caries","No bleeding","Filled no caries","No bleeding",Normal,Normal,Normal,Normal,"DMH absent",,,,,,,Sound,"No bleeding",,,,,,,,,,,,,,,,,,,,,,,,,,,,,,,,,,,,,,,,Sound,"No bleeding",,,,,,,,,,,,,,Sound,"No bleeding",,,,,,,,,,,,,,,Sound,"No bleeding",,Sound,"No bleeding",,,,,,,,,,,,,,Sound,"No bleeding",,,,,,,,,,,,,,,,"No sign",,,,,,"Other damage",,,,,,,,,,,,,,,,,No,Unchecked,Unchecked,Unchecked,Unchecked,Unchecked,Unchecked,Unchecked,Unchecked,Unchecked,Unchecked,Unchecked,Unchecked,Unchecked,Unchecked,Unchecked,Unchecked,Unchecked,Unchecked,Unchecked,Unchecked,Unchecked,Unchecked,Unchecked,Unchecked,Unchecked,Unchecked,Unchecked,Unchecked,Unchecked,Unchecked,Unchecked,Unchecked,Unchecked,Unchecked,Unchecked,Unchecked,Unchecked,Unchecked,Unchecked,Unchecked,Unchecked,Unchecked,Unchecked,Unchecked,Unchecked,Unchecked,Unchecked,Unchecked,Unchecked,Unchecked,Unchecked,Unchecked,Unchecked,Unchecked,Unchecked,Unchecked,Unchecked,Unchecked,Unchecked,Unchecked,Unchecked,Unchecked,Unchecked,Unchecked,Unchecked,Unchecked,Unchecked,Unchecked,Unchecked,Unchecked,Unchecked,Unchecked,,,,,"Immediate (urgent) treatment due to pain or infection of dental and / or oral origin",,Complete,Complete
54,,,,,,,,,,,,,,,,,,,,,,,,,,Incomplete,,,,,,,,,,,,,,,,,,,,,,,,,,,,,,,,,,,,,,,,,,,,,,,,,,,,,,,,,,,,,,,,,,,,,,,,,,,,,,,,,,,,,,,,,,,,,,,,,,,,,,,,,,,,,,,,,,,,,,,,,,,,,,,,,,,,,,,,,,,,,,,,,,,,,,,,,,,,,,,,,,,,,,,,,,,,,,,,,,,,,,,,,,,,,,,,,,,,,,,,,,,,,,,,,,,,,,,,,,,,,,,,,,,,,,,,,,,,,,,,,,,,,,,,,,,,,,,,,,,,,,,,,,,,,,,,,,,,,,,,,,,,,,,,,,,,,,,,,,,,,,,,,,,,,,,,,,,,,,,,,,,,,,,,,,,,,,,,
54,Participant,1,,,,,,,,,,,,,,,,,,,,,,,,,16,36,35-44,Male,,"Higher Secondary","Engineering Technicians","हिन्दी (Hindi)",,Yes,"2026-09-03 09:55:48",Jatin,,,,,Signature,1788409571161.png,,,Rhitik,1788409507540.png,,,,,,"https://www.google.com/maps?q=,",1788409513500.png,Yes,Checked,Unchecked,Unchecked,No,Toothbrush,Unchecked,Checked,Unchecked,Unchecked,Unchecked,,Fluoridated,Once,"Thrice or more",No,No,Unchecked,Unchecked,Unchecked,Unchecked,Unchecked,Unchecked,Unchecked,Unchecked,Unchecked,Unchecked,Unchecked,,,,,Unchecked,Unchecked,Unchecked,Unchecked,Unchecked,Unchecked,Unchecked,Unchecked,Checked,Average,,,,,,,,,,,,,,,,,,,,,,,,,,,,,,,,,,,,,,,,,,,,,,,,,Unerupted,"Not recorded","Not recorded",Sound,Bleeding,"No pocket",Sound,"No bleeding","No pocket",Sound,"No bleeding","No pocket",Sound,"No bleeding","No pocket",Normal,Sound,"No bleeding","No pocket",Normal,Sound,"No bleeding","No pocket",Normal,Sound,"No bleeding","No pocket",Normal,Sound,"No bleeding","No pocket",Normal,Sound,Bleeding,"No pocket",Normal,Sound,"No bleeding","No pocket",Normal,Sound,"No bleeding","No pocket",Normal,Sound,"No bleeding","No pocket",Sound,"No bleeding","No pocket",Sound,"No bleeding","No pocket",Unerupted,"Not recorded","Not recorded",Unerupted,"Not recorded","Not recorded","Coronal caries","No bleeding","No pocket","Coronal caries","No bleeding","No pocket",Normal,Sound,"No bleeding","No pocket",Sound,"No bleeding","No pocket",Sound,"No bleeding","No pocket",Sound,"No bleeding","No pocket",Sound,"No bleeding","No pocket",Sound,"No bleeding","No pocket",Sound,"No bleeding","No pocket",Sound,"No bleeding","No pocket",Sound,"No bleeding","No pocket","Coronal caries","No bleeding","No pocket","Coronal caries","No bleeding","No pocket",Normal,"Coronal caries","No bleeding","No pocket",Unerupted,"Not recorded","Not recorded","0-3 mm","0-3 mm","0-3 mm","0-3 mm","0-3 mm","0-3 mm",Normal,"No sign",,Absent,,Present,4,"No sign",,No,No,No,Yes,0,0,"No crowding","Spacing present- Upper",0,1,0,9,0,"Half cusp",0,No,Unchecked,Unchecked,Unchecked,Unchecked,Unchecked,Unchecked,Unchecked,Unchecked,Unchecked,Unchecked,Unchecked,Unchecked,Unchecked,Unchecked,Unchecked,Unchecked,Unchecked,Unchecked,Unchecked,Unchecked,Unchecked,Unchecked,Unchecked,Unchecked,Unchecked,Unchecked,Unchecked,Unchecked,Unchecked,Unchecked,Unchecked,Unchecked,Unchecked,Unchecked,Unchecked,Unchecked,Unchecked,Unchecked,Unchecked,Unchecked,Unchecked,Unchecked,Unchecked,Unchecked,Unchecked,Unchecked,Unchecked,Unchecked,Unchecked,Unchecked,Unchecked,Unchecked,Unchecked,Unchecked,Unchecked,Unchecked,Unchecked,Unchecked,Unchecked,Unchecked,Unchecked,Unchecked,Unchecked,Unchecked,Unchecked,Unchecked,Unchecked,Unchecked,Unchecked,Unchecked,Unchecked,Unchecked,,No,,,"Prompt treatment (including scaling) needed",,Complete,Complete
54,Participant,2,,,,,,,,,,,,,,,,,,,,,,,,,15,36,35-44,Male,,"Higher Secondary","Engineering Technicians",English,,Yes,"2026-09-03 11:27:52",Jatin,,,,,Signature,1788415097199.png,,,Rhitik,1788415109156.png,,,,,,"https://www.google.com/maps?q=,",1788415149664.png,No,Unchecked,Unchecked,Unchecked,No,Toothbrush,Unchecked,Checked,Unchecked,Unchecked,Unchecked,,Fluoridated,Once,Twice,No,No,Unchecked,Unchecked,Unchecked,Unchecked,Unchecked,Unchecked,Unchecked,Unchecked,Unchecked,Unchecked,Unchecked,,,,,Unchecked,Unchecked,Unchecked,Unchecked,Unchecked,Unchecked,Unchecked,Unchecked,Checked,Good,,,,,,,,,,,,,,,,,,,,,,,,,,,,,,,,,,,,,,,,,,,,,,,,,Unerupted,"Not recorded","Not recorded","Coronal caries","No bleeding","No pocket",Sound,"No bleeding","No pocket",Sound,"No bleeding","No pocket",Sound,"No bleeding","No pocket",Normal,Sound,"No bleeding","No pocket",Normal,Sound,"No bleeding","No pocket",Normal,Sound,"No bleeding","No pocket",Normal,Sound,"No bleeding","No pocket",Normal,Sound,"No bleeding","No pocket",Normal,Sound,Bleeding,"No pocket",Normal,Sound,Bleeding,"No pocket",Normal,Sound,"No bleeding","No pocket",Sound,"No bleeding","No pocket",Sound,Bleeding,"No pocket",Unerupted,"Not recorded","Not recorded",Unerupted,"Not recorded","Not recorded","Coronal caries","No bleeding","No pocket",Sound,"No bleeding","No pocket",Normal,Sound,"No bleeding","No pocket",Sound,"No bleeding","No pocket",Sound,"No bleeding","No pocket",Sound,"No bleeding","No pocket",Sound,"No bleeding","No pocket",Sound,"No bleeding","No pocket",Sound,"No bleeding","No pocket",Sound,"No bleeding","No pocket",Sound,"No bleeding","No pocket",Sound,"No bleeding","No pocket",Sound,"No bleeding","No pocket",Normal,Sound,"No bleeding","No pocket",Unerupted,"Not recorded","Not recorded","0-3 mm","0-3 mm","0-3 mm","0-3 mm","0-3 mm","0-3 mm",Normal,"No sign",,Absent,,Present,4,"No sign",,No,No,No,Yes,0,0,"No crowding","Spacing present- Upper",0,1,0,7,0,"Half cusp",0,No,Unchecked,Unchecked,Unchecked,Unchecked,Unchecked,Unchecked,Unchecked,Unchecked,Unchecked,Unchecked,Unchecked,Unchecked,Unchecked,Unchecked,Unchecked,Unchecked,Unchecked,Unchecked,Unchecked,Unchecked,Unchecked,Unchecked,Unchecked,Unchecked,Unchecked,Unchecked,Unchecked,Unchecked,Unchecked,Unchecked,Unchecked,Unchecked,Unchecked,Unchecked,Unchecked,Unchecked,Unchecked,Unchecked,Unchecked,Unchecked,Unchecked,Unchecked,Unchecked,Unchecked,Unchecked,Unchecked,Unchecked,Unchecked,Unchecked,Unchecked,Unchecked,Unchecked,Unchecked,Unchecked,Unchecked,Unchecked,Unchecked,Unchecked,Unchecked,Unchecked,Unchecked,Unchecked,Unchecked,Unchecked,Unchecked,Unchecked,Unchecked,Unchecked,Unchecked,Unchecked,Unchecked,Unchecked,,No,,,"Prompt treatment (including scaling) needed",,Complete,Complete
55,,,,,,,,,,,,,,,,,,,,,,,,,,Incomplete,,,,,,,,,,,,,,,,,,,,,,,,,,,,,,,,,,,,,,,,,,,,,,,,,,,,,,,,,,,,,,,,,,,,,,,,,,,,,,,,,,,,,,,,,,,,,,,,,,,,,,,,,,,,,,,,,,,,,,,,,,,,,,,,,,,,,,,,,,,,,,,,,,,,,,,,,,,,,,,,,,,,,,,,,,,,,,,,,,,,,,,,,,,,,,,,,,,,,,,,,,,,,,,,,,,,,,,,,,,,,,,,,,,,,,,,,,,,,,,,,,,,,,,,,,,,,,,,,,,,,,,,,,,,,,,,,,,,,,,,,,,,,,,,,,,,,,,,,,,,,,,,,,,,,,,,,,,,,,,,,,,,,,,,,,,,,,,,
55,Participant,1,,,,,,,,,,,,,,,,,,,,,,,,,16,68,65-74,Male,,"Graduate or higher","Engineering Technicians","हिन्दी (Hindi)",,Yes,"2026-09-03 10:48:49",Kamlesh,,,,,Signature,1788411737570.png,,,Rhitik,1788411748950.png,,,,,,"https://www.google.com/maps?q=,",1788411755774.png,No,Unchecked,Unchecked,Unchecked,No,Toothbrush,Unchecked,Checked,Unchecked,Unchecked,Unchecked,,Fluoridated,Once,"Thrice or more",Yes,Yes,Unchecked,Unchecked,Unchecked,Unchecked,Unchecked,Checked,Unchecked,Unchecked,Unchecked,Unchecked,Unchecked,,"public facility",,,Unchecked,Unchecked,Unchecked,Unchecked,Unchecked,Unchecked,Unchecked,Unchecked,Unchecked,Average,,,"All teeth / partially edentulous",,,,,,,,,,,,,,,,,,,,,,,,,,,,,,,,,,,,,,,,,,,,,,"Missing due to caries","Not recorded","Not recorded","Missing due to caries","Not recorded","Not recorded",Sound,"Not recorded","Not recorded",Sound,"No bleeding","No pocket",Sound,"No bleeding","No pocket",Normal,Sound,"No bleeding","No pocket",Normal,Sound,"No bleeding","No pocket",Normal,Sound,"No bleeding","No pocket",Normal,Sound,"No bleeding","No pocket",Normal,Sound,"No bleeding","No pocket",Normal,Sound,"No bleeding","No pocket",Normal,Sound,"No bleeding","No pocket",Normal,Sound,"No bleeding","No pocket",Prosthesis,"No bleeding","No pocket",Sound,"No bleeding","No pocket","Missing due to caries","Not recorded","Not recorded",Prosthesis,"No bleeding","No pocket",Prosthesis,"No bleeding","No pocket",Prosthesis,"No bleeding","No pocket",Normal,Sound,"No bleeding","No pocket",Sound,"No bleeding","No pocket",Sound,"No bleeding","No pocket",Sound,"No bleeding","No pocket",Sound,"No bleeding","No pocket",Sound,"No bleeding","No pocket",Sound,"No bleeding","No pocket",Sound,"No bleeding","No pocket",Sound,"No bleeding","No pocket",Prosthesis,Bleeding,"No pocket",Sound,"No bleeding","No pocket",Normal,Sound,"No bleeding","No pocket","Missing due to caries","Not recorded","Not recorded","0-3 mm","0-3 mm","0-3 mm","0-3 mm","0-3 mm","0-3 mm",Normal,"No sign",,Absent,,Present,8,"No sign",,No,No,No,No,,,,,,,,,,,,No,Unchecked,Unchecked,Unchecked,Unchecked,Unchecked,Unchecked,Unchecked,Unchecked,Unchecked,Unchecked,Unchecked,Unchecked,Unchecked,Unchecked,Unchecked,Unchecked,Unchecked,Unchecked,Unchecked,Unchecked,Unchecked,Unchecked,Unchecked,Unchecked,Unchecked,Unchecked,Unchecked,Unchecked,Unchecked,Unchecked,Unchecked,Unchecked,Unchecked,Unchecked,Unchecked,Unchecked,Unchecked,Unchecked,Unchecked,Unchecked,Unchecked,Unchecked,Unchecked,Unchecked,Unchecked,Unchecked,Unchecked,Unchecked,Unchecked,Unchecked,Unchecked,Unchecked,Unchecked,Unchecked,Unchecked,Unchecked,Unchecked,Unchecked,Unchecked,Unchecked,Unchecked,Unchecked,Unchecked,Unchecked,Unchecked,Unchecked,Unchecked,Unchecked,Unchecked,Unchecked,Unchecked,Unchecked,,Yes,Bridge,Bridge,"Preventive or routine treatment needed",,Complete,Complete
55,Participant,2,,,,,,,,,,,,,,,,,,,,,,,,,,68,65-74,Male,,"Graduate or higher","Engineering Technicians",English,,Yes,"2026-09-03 10:56:29",Kamlesh,,,,,Signature,1788413253990.png,,,Ss,1788413260315.png,,,,,,"https://www.google.com/maps?q=,",1788413272216.png,No,Unchecked,Unchecked,Unchecked,No,Toothbrush,Unchecked,Checked,Unchecked,Unchecked,Unchecked,,Fluoridated,Once,"Thrice or more",Yes,Yes,Unchecked,Unchecked,Unchecked,Unchecked,Unchecked,Checked,Unchecked,Unchecked,Unchecked,Unchecked,Unchecked,,"public facility",,,Unchecked,Unchecked,Unchecked,Unchecked,Unchecked,Unchecked,Unchecked,Unchecked,Unchecked,Good,,,"All teeth / partially edentulous",,,,,,,,,,,,,,,,,,,,,,,,,,,,,,,,,,,,,,,,,,,,,,Unerupted,"No bleeding","Not recorded","Missing other","Not recorded","Not recorded","Coronal caries","No bleeding","No pocket",Sound,"No bleeding","No pocket",Sound,"No bleeding","No pocket",Normal,Sound,"No bleeding","No pocket",Normal,Sound,"No bleeding","No pocket",Normal,Sound,"No bleeding","No pocket",Normal,Sound,"No bleeding","No pocket",Normal,Sound,"No bleeding","No pocket",Normal,Sound,Bleeding,"Pocket of 4-5 mm","demarcated opacity",Sound,"No bleeding","No pocket",Normal,Sound,"No bleeding","No pocket",Prosthesis,"No bleeding","No pocket",Prosthesis,Bleeding,"No pocket",Unerupted,"Not recorded","Not recorded",Unerupted,"Not recorded","Not recorded","Coronal caries","No bleeding","No pocket",Sound,"No bleeding","No pocket",Normal,Sound,"No bleeding","No pocket",Sound,"No bleeding","No pocket",Sound,"No bleeding","No pocket",Sound,"No bleeding","No pocket",Sound,"No bleeding","No pocket",Sound,"No bleeding","No pocket",Sound,"No bleeding","No pocket",Sound,Bleeding,"No pocket",Prosthesis,Bleeding,"No pocket",Prosthesis,"No bleeding","No pocket",Sound,"No bleeding","No pocket",Normal,Sound,"No bleeding","No pocket",Unerupted,"Not recorded","Not recorded","0-3 mm","0-3 mm","0-3 mm","0-3 mm","0-3 mm","0-3 mm",Normal,"No sign",,Absent,,Present,7,"No sign",,No,No,No,No,,,,,,,,,,,,No,Unchecked,Unchecked,Unchecked,Unchecked,Unchecked,Unchecked,Unchecked,Unchecked,Unchecked,Unchecked,Unchecked,Unchecked,Unchecked,Unchecked,Unchecked,Unchecked,Unchecked,Unchecked,Unchecked,Unchecked,Unchecked,Unchecked,Unchecked,Unchecked,Unchecked,Unchecked,Unchecked,Unchecked,Unchecked,Unchecked,Unchecked,Unchecked,Unchecked,Unchecked,Unchecked,Unchecked,Unchecked,Unchecked,Unchecked,Unchecked,Unchecked,Unchecked,Unchecked,Unchecked,Unchecked,Unchecked,Unchecked,Unchecked,Unchecked,Unchecked,Unchecked,Unchecked,Unchecked,Unchecked,Unchecked,Unchecked,Unchecked,Unchecked,Unchecked,Unchecked,Unchecked,Unchecked,Unchecked,Unchecked,Unchecked,Unchecked,Unchecked,Unchecked,Unchecked,Unchecked,Unchecked,Unchecked,,Yes,Bridge,"More than one bridge","Prompt treatment (including scaling) needed",,Complete,Complete
56,,,,,,,,,,,,,,,,,,,,,,,,,,Incomplete,,,,,,,,,,,,,,,,,,,,,,,,,,,,,,,,,,,,,,,,,,,,,,,,,,,,,,,,,,,,,,,,,,,,,,,,,,,,,,,,,,,,,,,,,,,,,,,,,,,,,,,,,,,,,,,,,,,,,,,,,,,,,,,,,,,,,,,,,,,,,,,,,,,,,,,,,,,,,,,,,,,,,,,,,,,,,,,,,,,,,,,,,,,,,,,,,,,,,,,,,,,,,,,,,,,,,,,,,,,,,,,,,,,,,,,,,,,,,,,,,,,,,,,,,,,,,,,,,,,,,,,,,,,,,,,,,,,,,,,,,,,,,,,,,,,,,,,,,,,,,,,,,,,,,,,,,,,,,,,,,,,,,,,,,,,,,,,,
56,Participant,1,,,,,,,,,,,,,,,,,,,,,,,,,15,36,35-44,Female,,"Graduate or higher","Nursing And Other Medical And Health Technicians",English,,Yes,"2026-09-03 11:11:20",Cuicui,,,,,Signature,1788414092406.png,,,Rhitik,1788414102212.png,,,,,,"https://www.google.com/maps?q=,",1788414112937.png,No,Unchecked,Unchecked,Unchecked,No,Toothbrush,Unchecked,Checked,Unchecked,Unchecked,Unchecked,,Fluoridated,Twice,"Thrice or more",No,No,Unchecked,Unchecked,Unchecked,Unchecked,Unchecked,Unchecked,Unchecked,Unchecked,Unchecked,Unchecked,Unchecked,,,,,Unchecked,Unchecked,Unchecked,Unchecked,Unchecked,Unchecked,Unchecked,Unchecked,Checked,Poor,,,,,,,,,,,,,,,,,,,,,,,,,,,,,,,,,,,,,,,,,,,,,,,,,Sound,"No bleeding","No pocket","Coronal caries","No bleeding","No pocket",Sound,Bleeding,"No pocket",Sound,Bleeding,"No pocket",Sound,Bleeding,"No pocket",Normal,Sound,"No bleeding","No pocket",Normal,Sound,"No bleeding","No pocket",Normal,Sound,"No bleeding","No pocket",Normal,Sound,"No bleeding","No pocket",Normal,"Both coronal and root caries","No bleeding","No pocket",Normal,Sound,"No bleeding","No pocket",Normal,Sound,"No bleeding","No pocket",Normal,Sound,"No bleeding","No pocket",Sound,"No bleeding","No pocket","Coronal caries","No bleeding","No pocket",Sound,Bleeding,"No pocket","Coronal caries",Bleeding,"No pocket",Sound,"No bleeding","No pocket",Sound,"No bleeding","No pocket","demarcated opacity",Sound,"No bleeding","No pocket",Sound,"No bleeding","No pocket",Sound,"No bleeding","No pocket",Sound,"No bleeding","No pocket",Sound,"No bleeding","No pocket",Sound,"No bleeding","No pocket",Sound,"No bleeding","No pocket",Sound,"No bleeding","No pocket",Sound,"No bleeding","No pocket","Coronal caries","No bleeding","No pocket","Both coronal and root caries","No bleeding","No pocket",Normal,Sound,"No bleeding","No pocket",Sound,"No bleeding","No pocket","0-3 mm","0-3 mm","0-3 mm","0-3 mm","0-3 mm","0-3 mm",Normal,"No sign",,Absent,,Present,21,"No sign",,No,No,Yes,No,0,0,"Crowding present- Lower","No spacing",0,0,0,0,0,"Half cusp",0,No,Unchecked,Unchecked,Unchecked,Unchecked,Unchecked,Unchecked,Unchecked,Unchecked,Unchecked,Unchecked,Unchecked,Unchecked,Unchecked,Unchecked,Unchecked,Unchecked,Unchecked,Unchecked,Unchecked,Unchecked,Unchecked,Unchecked,Unchecked,Unchecked,Unchecked,Unchecked,Unchecked,Unchecked,Unchecked,Unchecked,Unchecked,Unchecked,Unchecked,Unchecked,Unchecked,Unchecked,Unchecked,Unchecked,Unchecked,Unchecked,Unchecked,Unchecked,Unchecked,Unchecked,Unchecked,Unchecked,Unchecked,Unchecked,Unchecked,Unchecked,Unchecked,Unchecked,Unchecked,Unchecked,Unchecked,Unchecked,Unchecked,Unchecked,Unchecked,Unchecked,Unchecked,Unchecked,Unchecked,Unchecked,Unchecked,Unchecked,Unchecked,Unchecked,Unchecked,Unchecked,Unchecked,Unchecked,,No,,,"Prompt treatment (including scaling) needed",,Complete,Complete
56,Participant,2,,,,,,,,,,,,,,,,,,,,,,,,,,35,35-44,Female,,"Graduate or higher","Nursing And Other Medical And Health Technicians",English,,Yes,"2026-09-03 11:18:59",Cuicui,,,,,Signature,1788414553967.png,,,Raj,1788414569689.png,,,,,,"https://www.google.com/maps?q=,",1788414603276.png,Yes,Unchecked,Checked,Unchecked,No,Toothbrush,Unchecked,Checked,Unchecked,Unchecked,Unchecked,,Fluoridated,Twice,"Thrice or more",No,No,Unchecked,Unchecked,Unchecked,Unchecked,Unchecked,Unchecked,Unchecked,Unchecked,Unchecked,Unchecked,Unchecked,,,,,Unchecked,Unchecked,Unchecked,Unchecked,Unchecked,Unchecked,Unchecked,Unchecked,Checked,Average,,,,,,,,,,,,,,,,,,,,,,,,,,,,,,,,,,,,,,,,,,,,,,,,,Sound,"No bleeding","Pocket of 4-5 mm",Sound,"No bleeding","No pocket",Sound,"No bleeding","No pocket",Sound,"No bleeding","No pocket",Sound,"No bleeding","No pocket",Normal,Sound,"No bleeding","No pocket",Normal,Sound,"No bleeding","No pocket",Normal,"Coronal caries","No bleeding","No pocket",Normal,Sound,"No bleeding","No pocket",Normal,Sound,"No bleeding","No pocket",Normal,Sound,"No bleeding","No pocket",Normal,Sound,"No bleeding","No pocket",Normal,Sound,"No bleeding","No pocket",Sound,"No bleeding","No pocket",Sound,"No bleeding","No pocket",Sound,"No bleeding","No pocket",Sound,"No bleeding","No pocket",Sound,"No bleeding","No pocket",Sound,"No bleeding","No pocket",Normal,Sound,"No bleeding","No pocket",Sound,"No bleeding","No pocket",Sound,"No bleeding","No pocket",Sound,"No bleeding","No pocket",Sound,"No bleeding","No pocket",Sound,"No bleeding","No pocket",Sound,"No bleeding","No pocket",Sound,"No bleeding","No pocket",Sound,"No bleeding","No pocket",Sound,"No bleeding","No pocket",Sound,"No bleeding","No pocket",Normal,Sound,"No bleeding","No pocket",Sound,"No bleeding","No pocket","4-5 mm Cemento-enamel Junction (CEJ) within black band","0-3 mm","0-3 mm","0-3 mm","0-3 mm","0-3 mm",Normal,"Enamel erosion",4,Absent,,Present,4,"Enamel fracture only",1,Yes,Yes,Yes,Yes,0,0,"Crowding present- Upper","No spacing",0,0,0,0,0,"Half cusp",1,No,Unchecked,Unchecked,Unchecked,Unchecked,Unchecked,Unchecked,Unchecked,Unchecked,Unchecked,Unchecked,Unchecked,Unchecked,Unchecked,Unchecked,Unchecked,Unchecked,Unchecked,Unchecked,Unchecked,Unchecked,Unchecked,Unchecked,Unchecked,Unchecked,Unchecked,Unchecked,Unchecked,Unchecked,Unchecked,Unchecked,Unchecked,Unchecked,Unchecked,Unchecked,Unchecked,Unchecked,Unchecked,Unchecked,Unchecked,Unchecked,Unchecked,Unchecked,Unchecked,Unchecked,Unchecked,Unchecked,Unchecked,Unchecked,Unchecked,Unchecked,Unchecked,Unchecked,Unchecked,Unchecked,Unchecked,Unchecked,Unchecked,Unchecked,Unchecked,Unchecked,Unchecked,Unchecked,Unchecked,Unchecked,Unchecked,Unchecked,Unchecked,Unchecked,Unchecked,Unchecked,Unchecked,Unchecked,,No,,,"Prompt treatment (including scaling) needed",,Complete,Complete
57,,,,,,,,,,,,,,,,,,,,,,,,,,Incomplete,,,,,,,,,,,,,,,,,,,,,,,,,,,,,,,,,,,,,,,,,,,,,,,,,,,,,,,,,,,,,,,,,,,,,,,,,,,,,,,,,,,,,,,,,,,,,,,,,,,,,,,,,,,,,,,,,,,,,,,,,,,,,,,,,,,,,,,,,,,,,,,,,,,,,,,,,,,,,,,,,,,,,,,,,,,,,,,,,,,,,,,,,,,,,,,,,,,,,,,,,,,,,,,,,,,,,,,,,,,,,,,,,,,,,,,,,,,,,,,,,,,,,,,,,,,,,,,,,,,,,,,,,,,,,,,,,,,,,,,,,,,,,,,,,,,,,,,,,,,,,,,,,,,,,,,,,,,,,,,,,,,,,,,,,,,,,,,,
57,Participant,1,,,,,,,,,,,,,,,,,,,,,,,,,,,,,,,,,,,,,,,,,,,,,,,,,,,,"https://www.google.com/maps?q=,",,,Unchecked,Unchecked,Unchecked,,,Unchecked,Unchecked,Unchecked,Unchecked,Unchecked,,,,,,,Unchecked,Unchecked,Unchecked,Unchecked,Unchecked,Unchecked,Unchecked,Unchecked,Unchecked,Unchecked,Unchecked,,,,,Unchecked,Unchecked,Unchecked,Unchecked,Unchecked,Unchecked,Unchecked,Unchecked,Unchecked,,,,,,,,,,,,,,,,,,,,,,,,,,,,,,,,,,,,,,,,,,,,,,,,,,,,,,,,,,,,,,,,,,,,,,,,,,,,,,,,,,,,,,,,,,,,,,,,,,,,,,,,,,,,,,,,,,,,,,,,,,,,,,,,,,,,,,,,,,,,,,,,,,,,,,,,,,,,,,,,,,,,,,,,,,,,,,,,,,,,,,,,,,,Unchecked,Unchecked,Unchecked,Unchecked,Unchecked,Unchecked,Unchecked,Unchecked,Unchecked,Unchecked,Unchecked,Unchecked,Unchecked,Unchecked,Unchecked,Unchecked,Unchecked,Unchecked,Unchecked,Unchecked,Unchecked,Unchecked,Unchecked,Unchecked,Unchecked,Unchecked,Unchecked,Unchecked,Unchecked,Unchecked,Unchecked,Unchecked,Unchecked,Unchecked,Unchecked,Unchecked,Unchecked,Unchecked,Unchecked,Unchecked,Unchecked,Unchecked,Unchecked,Unchecked,Unchecked,Unchecked,Unchecked,Unchecked,Unchecked,Unchecked,Unchecked,Unchecked,Unchecked,Unchecked,Unchecked,Unchecked,Unchecked,Unchecked,Unchecked,Unchecked,Unchecked,Unchecked,Unchecked,Unchecked,Unchecked,Unchecked,Unchecked,Unchecked,Unchecked,Unchecked,Unchecked,Unchecked,,,,,,,,Incomplete
57,Participant,2,,,,,,,,,,,,,,,,,,,,,,,,,15,41,35-44,Male,,"Higher Secondary","Agricultural Laborers","हिन्दी (Hindi)",,Yes,"2026-09-03 11:55:55",Rupesh,,,,,Signature,1788416822569.png,,,Akhilesh,1788416830995.png,,,,,,"https://www.google.com/maps?q=,",1788416840928.png,Yes,Unchecked,Checked,Unchecked,Yes,Toothbrush,Unchecked,Checked,Unchecked,Unchecked,Unchecked,,Non-fluoridated,Once,"Thrice or more",Yes,Yes,Checked,Unchecked,Unchecked,Unchecked,Unchecked,Unchecked,Unchecked,Unchecked,Unchecked,Checked,Unchecked,,"public facility",,,Unchecked,Unchecked,Unchecked,Unchecked,Unchecked,Unchecked,Unchecked,Unchecked,Unchecked,Poor,,,,,,,,,,,,,,,,,,,,,,,,,,,,,,,,,,,,,,,,,,,,,,,,,Sound,"No bleeding","No pocket",Sound,Bleeding,"No pocket","Coronal caries",Bleeding,"Pocket of 4-5 mm",Sound,"No bleeding","No pocket",Sound,"No bleeding","No pocket",Normal,Sound,"No bleeding","No pocket",Normal,Sound,"No bleeding","No pocket",Normal,Sound,"No bleeding","No pocket",Normal,Sound,"No bleeding","No pocket",Normal,Sound,"No bleeding","No pocket",Normal,Sound,"No bleeding","No pocket",Normal,Sound,"No bleeding","No pocket",Normal,Sound,"No bleeding","No pocket",Sound,"No bleeding","Pocket of 4-5 mm","Coronal caries",Bleeding,"Pocket of 4-5 mm",Sound,"No bleeding","No pocket",Sound,"No bleeding","No pocket",Sound,Bleeding,"Pocket of 4-5 mm","Both coronal and root caries",Bleeding,"Pocket of 4-5 mm","other defects",Sound,"No bleeding","No pocket",Sound,"No bleeding","No pocket",Sound,"No bleeding","No pocket",Sound,"No bleeding","No pocket",Sound,"No bleeding","No pocket",Sound,"No bleeding","No pocket",Sound,"No bleeding","No pocket",Sound,"No bleeding","No pocket",Sound,"No bleeding","No pocket",Sound,"No bleeding","No pocket","Both coronal and root caries",Bleeding,"No pocket",Normal,"Coronal caries","No bleeding","No pocket",Sound,"No bleeding","No pocket","0-3 mm","0-3 mm","0-3 mm","0-3 mm","0-3 mm","0-3 mm",Normal,"No sign",,Absent,,Present,14,"No sign",,No,No,Yes,No,0,0,"Crowding present- Lower","No spacing",0,0,0,2,0,Normal,0,Yes,Unchecked,Unchecked,Unchecked,Unchecked,Unchecked,Unchecked,Unchecked,Unchecked,Unchecked,Unchecked,Unchecked,Unchecked,Unchecked,Unchecked,Unchecked,Unchecked,Unchecked,Unchecked,Unchecked,Unchecked,Unchecked,Unchecked,Unchecked,Unchecked,Unchecked,Unchecked,Unchecked,Unchecked,Unchecked,Unchecked,Unchecked,Unchecked,Unchecked,Unchecked,Unchecked,Unchecked,Unchecked,Unchecked,Unchecked,Unchecked,Unchecked,Unchecked,Unchecked,Unchecked,Unchecked,Unchecked,Unchecked,Unchecked,Unchecked,Unchecked,Unchecked,Unchecked,Unchecked,Unchecked,Unchecked,Unchecked,Unchecked,Unchecked,Unchecked,Unchecked,Unchecked,Unchecked,Unchecked,Unchecked,Unchecked,Unchecked,Unchecked,Checked,Unchecked,Unchecked,Unchecked,Unchecked,,No,,,"Prompt treatment (including scaling) needed",,Complete,Complete
57,Participant,3,,,,,,,,,,,,,,,,,,,,,,,,,,41,35-44,Male,,"Higher Secondary","Agricultural Laborers","हिन्दी (Hindi)",,Yes,"2026-09-03 12:52:12",Rupesh,,,,,Signature,1788420139479.png,,,Akhilesh,1788420147874.png,,,,,,"https://www.google.com/maps?q=,",1788420152664.png,Yes,Unchecked,Unchecked,Checked,Yes,Toothbrush,Unchecked,Checked,Unchecked,Unchecked,Unchecked,,Non-fluoridated,Once,"Thrice or more",No,No,Unchecked,Unchecked,Unchecked,Unchecked,Unchecked,Unchecked,Unchecked,Unchecked,Unchecked,Unchecked,Unchecked,,,,,Unchecked,Unchecked,Unchecked,Unchecked,Unchecked,Unchecked,Unchecked,Unchecked,Unchecked,,,,,,,,,,,,,,,,,,,,,,,,,,,,,,,,,,,,,,,,,,,,,,,,,,Sound,"No bleeding","No pocket",Sound,Bleeding,"Pocket of 4-5 mm","Coronal caries","No bleeding","No pocket",Sound,"No bleeding","No pocket",Sound,"No bleeding","No pocket",Normal,Sound,"No bleeding","No pocket",Normal,Sound,"No bleeding","No pocket",Normal,Sound,"No bleeding","No pocket",Normal,Sound,"No bleeding","No pocket",Normal,Sound,"No bleeding","No pocket",Normal,Sound,"No bleeding","No pocket",Normal,Sound,"No bleeding","No pocket",Normal,Sound,"No bleeding","No pocket","Coronal caries",Bleeding,"No pocket",Sound,"No bleeding","No pocket",Sound,"No bleeding","No pocket",Sound,"No bleeding","No pocket",Sound,"No bleeding","Pocket of 4-5 mm","Both coronal and root caries",Bleeding,"Pocket of 4-5 mm",Normal,Sound,"No bleeding","No pocket",Sound,"No bleeding","No pocket",Sound,"No bleeding","No pocket",Sound,"No bleeding","No pocket",Sound,"No bleeding","No pocket",Sound,"No bleeding","No pocket",Sound,"No bleeding","No pocket",Sound,"No bleeding","No pocket",Sound,"No bleeding","No pocket",Sound,"No bleeding","No pocket","Coronal caries",Bleeding,"Pocket of 4-5 mm",Normal,Sound,"No bleeding","No pocket",Sound,"No bleeding","No pocket","0-3 mm","0-3 mm","0-3 mm","0-3 mm","0-3 mm","0-3 mm",Normal,"No sign",,Absent,,Present,14,"No sign",,No,No,Yes,No,0,0,"Crowding present- Lower","No spacing",0,0,0,2,0,Normal,0,Yes,Unchecked,Unchecked,Unchecked,Unchecked,Unchecked,Unchecked,Unchecked,Unchecked,Unchecked,Unchecked,Unchecked,Unchecked,Unchecked,Checked,Unchecked,Unchecked,Unchecked,Unchecked,Unchecked,Unchecked,Unchecked,Unchecked,Checked,Unchecked,Unchecked,Unchecked,Unchecked,Unchecked,Unchecked,Unchecked,Unchecked,Unchecked,Unchecked,Unchecked,Unchecked,Unchecked,Unchecked,Unchecked,Unchecked,Unchecked,Unchecked,Unchecked,Unchecked,Unchecked,Unchecked,Unchecked,Unchecked,Unchecked,Unchecked,Unchecked,Unchecked,Unchecked,Unchecked,Unchecked,Unchecked,Unchecked,Unchecked,Unchecked,Unchecked,Unchecked,Unchecked,Unchecked,Unchecked,Unchecked,Unchecked,Unchecked,Unchecked,Checked,Unchecked,Unchecked,Unchecked,Unchecked,,No,,,"Prompt treatment (including scaling) needed",,Complete,Complete
58,,,,,,,,,,,,,,,,,,,,,,,,,,Incomplete,,,,,,,,,,,,,,,,,,,,,,,,,,,,,,,,,,,,,,,,,,,,,,,,,,,,,,,,,,,,,,,,,,,,,,,,,,,,,,,,,,,,,,,,,,,,,,,,,,,,,,,,,,,,,,,,,,,,,,,,,,,,,,,,,,,,,,,,,,,,,,,,,,,,,,,,,,,,,,,,,,,,,,,,,,,,,,,,,,,,,,,,,,,,,,,,,,,,,,,,,,,,,,,,,,,,,,,,,,,,,,,,,,,,,,,,,,,,,,,,,,,,,,,,,,,,,,,,,,,,,,,,,,,,,,,,,,,,,,,,,,,,,,,,,,,,,,,,,,,,,,,,,,,,,,,,,,,,,,,,,,,,,,,,,,,,,,,,
58,Participant,1,,,,,,,,,,,,,,,,,,,,,,,,,16,39,35-44,Male,,"Graduate or higher","Agricultural Laborers","हिन्दी (Hindi)",,Yes,"2026-09-03 12:23:46","Harikesh yadav",,,,,Signature,1788418438663.png,,,Rhitik,1788418450298.png,,,,,,"https://www.google.com/maps?q=,",1788418471680.png,No,Unchecked,Unchecked,Unchecked,No,Toothbrush,Unchecked,Checked,Unchecked,Unchecked,Unchecked,,Non-fluoridated,Once,Once,No,No,Unchecked,Unchecked,Unchecked,Unchecked,Unchecked,Unchecked,Unchecked,Unchecked,Unchecked,Unchecked,Unchecked,,,,,Unchecked,Unchecked,Unchecked,Unchecked,Unchecked,Unchecked,Unchecked,Unchecked,Checked,Average,,,,,,,,,,,,,,,,,,,,,,,,,,,,,,,,,,,,,,,,,,,,,,,,,Sound,"No bleeding","No pocket","Coronal caries","No bleeding","No pocket",Sound,"No bleeding","No pocket",Sound,"No bleeding","No pocket",Sound,"No bleeding","No pocket",Normal,Sound,"No bleeding","No pocket",Normal,Sound,"No bleeding","No pocket",Normal,Sound,"No bleeding","No pocket",Normal,Sound,"No bleeding","No pocket",Normal,Sound,"No bleeding","No pocket",Normal,Sound,"No bleeding","No pocket",Normal,Sound,"No bleeding","No pocket","demarcated opacity",Sound,"No bleeding","No pocket",Sound,"No bleeding","No pocket","Coronal caries","No bleeding","No pocket",Sound,"No bleeding","No pocket","Coronal caries","No bleeding","No pocket",Sound,"No bleeding","No pocket","Coronal caries","No bleeding","No pocket",Normal,Sound,"No bleeding","No pocket",Sound,"No bleeding","No pocket",Sound,"No bleeding","No pocket",Sound,"No bleeding","No pocket",Sound,"No bleeding","No pocket",Sound,"No bleeding","No pocket",Sound,"No bleeding","No pocket",Sound,"No bleeding","No pocket",Sound,"No bleeding","No pocket",Sound,"No bleeding","No pocket",Sound,"No bleeding","No pocket",Normal,"Coronal caries","No bleeding","No pocket","Coronal caries","No bleeding","No pocket","0-3 mm","0-3 mm","0-3 mm","0-3 mm","0-3 mm","0-3 mm",Questionable,"No sign",,Absent,,Present,9,"No sign",,No,No,No,No,0,0,"Crowding present- Lower","No spacing",0,0,1,3,0,Normal,0,No,Unchecked,Unchecked,Unchecked,Unchecked,Unchecked,Unchecked,Unchecked,Unchecked,Unchecked,Unchecked,Unchecked,Unchecked,Unchecked,Unchecked,Unchecked,Unchecked,Unchecked,Unchecked,Unchecked,Unchecked,Unchecked,Unchecked,Unchecked,Unchecked,Unchecked,Unchecked,Unchecked,Unchecked,Unchecked,Unchecked,Unchecked,Unchecked,Unchecked,Unchecked,Unchecked,Unchecked,Unchecked,Unchecked,Unchecked,Unchecked,Unchecked,Unchecked,Unchecked,Unchecked,Unchecked,Unchecked,Unchecked,Unchecked,Unchecked,Unchecked,Unchecked,Unchecked,Unchecked,Unchecked,Unchecked,Unchecked,Unchecked,Unchecked,Unchecked,Unchecked,Unchecked,Unchecked,Unchecked,Unchecked,Unchecked,Unchecked,Unchecked,Unchecked,Unchecked,Unchecked,Unchecked,Unchecked,,No,,,"Prompt treatment (including scaling) needed",,Complete,Complete
58,Participant,2,,,,,,,,,,,,,,,,,,,,,,,,,,37,35-44,Male,,"Graduate or higher","Farmers, Other Than Cultivators","हिन्दी (Hindi)",,Yes,"2026-09-03 12:41:13","Harikisn yadav",,,,,Signature,1788419486766.png,,,Rhitik,1788419496233.png,,,,,,"https://www.google.com/maps?q=,",1788419509836.png,No,Unchecked,Unchecked,Unchecked,No,Toothbrush,Unchecked,Checked,Unchecked,Unchecked,Unchecked,,Fluoridated,Once,"Thrice or more",No,No,Unchecked,Unchecked,Unchecked,Unchecked,Unchecked,Unchecked,Unchecked,Unchecked,Unchecked,Unchecked,Unchecked,,,,,Unchecked,Unchecked,Unchecked,Unchecked,Unchecked,Unchecked,Unchecked,Unchecked,Checked,Average,,,,,,,,,,,,,,,,,,,,,,,,,,,,,,,,,,,,,,,,,,,,,,,,,Sound,"No bleeding","No pocket","Coronal caries","No bleeding","No pocket",Sound,"No bleeding","No pocket",Sound,"No bleeding","No pocket",Sound,"No bleeding","No pocket","demarcated opacity",Sound,"No bleeding","No pocket",Normal,Sound,"No bleeding","No pocket",Normal,Sound,"No bleeding","No pocket",Normal,Sound,"No bleeding","No pocket",Normal,Sound,"No bleeding","No pocket",Normal,Sound,"No bleeding","No pocket",Normal,Sound,"No bleeding","No pocket",Normal,Sound,"No bleeding","No pocket","Coronal caries","No bleeding","No pocket",Sound,"No bleeding","No pocket",Sound,"No bleeding","No pocket",Sound,"No bleeding","No pocket","Coronal caries","No bleeding","No pocket","Coronal caries","No bleeding","No pocket",Normal,Sound,"No bleeding","No pocket",Sound,"No bleeding","No pocket",Sound,Bleeding,"No pocket",Sound,Bleeding,"No pocket",Sound,"No bleeding","No pocket",Sound,"No bleeding","No pocket",Sound,"No bleeding","No pocket",Sound,"No bleeding","No pocket",Sound,"No bleeding","No pocket",Sound,"No bleeding","No pocket",Sound,"No bleeding","No pocket",Normal,"Coronal caries","No bleeding","No pocket","Coronal caries","No bleeding","No pocket","0-3 mm","0-3 mm","0-3 mm","0-3 mm","0-3 mm","0-3 mm",Normal,"No sign",,Absent,,Present,4,"No sign",,No,No,No,No,0,0,"Crowding present- Lower","No spacing",0,0,1,3,0,Normal,0,No,Unchecked,Unchecked,Unchecked,Unchecked,Unchecked,Unchecked,Unchecked,Unchecked,Unchecked,Unchecked,Unchecked,Unchecked,Unchecked,Unchecked,Unchecked,Unchecked,Unchecked,Unchecked,Unchecked,Unchecked,Unchecked,Unchecked,Unchecked,Unchecked,Unchecked,Unchecked,Unchecked,Unchecked,Unchecked,Unchecked,Unchecked,Unchecked,Unchecked,Unchecked,Unchecked,Unchecked,Unchecked,Unchecked,Unchecked,Unchecked,Unchecked,Unchecked,Unchecked,Unchecked,Unchecked,Unchecked,Unchecked,Unchecked,Unchecked,Unchecked,Unchecked,Unchecked,Unchecked,Unchecked,Unchecked,Unchecked,Unchecked,Unchecked,Unchecked,Unchecked,Unchecked,Unchecked,Unchecked,Unchecked,Unchecked,Unchecked,Unchecked,Unchecked,Unchecked,Unchecked,Unchecked,Unchecked,,No,,,"Prompt treatment (including scaling) needed",,Complete,Complete
59,,,,,,,,,,,,,,,,,,,,,,,,,,Incomplete,,,,,,,,,,,,,,,,,,,,,,,,,,,,,,,,,,,,,,,,,,,,,,,,,,,,,,,,,,,,,,,,,,,,,,,,,,,,,,,,,,,,,,,,,,,,,,,,,,,,,,,,,,,,,,,,,,,,,,,,,,,,,,,,,,,,,,,,,,,,,,,,,,,,,,,,,,,,,,,,,,,,,,,,,,,,,,,,,,,,,,,,,,,,,,,,,,,,,,,,,,,,,,,,,,,,,,,,,,,,,,,,,,,,,,,,,,,,,,,,,,,,,,,,,,,,,,,,,,,,,,,,,,,,,,,,,,,,,,,,,,,,,,,,,,,,,,,,,,,,,,,,,,,,,,,,,,,,,,,,,,,,,,,,,,,,,,,,
59,Participant,1,,,,,,,,,,,,,,,,,,,,,,,,,14,36,35-44,Female,,"Graduate or higher","Nursing And Other Medical And Health Technicians",English,,Yes,"2026-09-03 10:19:30",Cuicui,,,,,Signature,1788410967951.png,,,Ritik,1788414102667.png,,,28.5657754,77.2128694,,"https://www.google.com/maps?q=28.5657754,77.2128694",,No,Unchecked,Unchecked,Unchecked,No,Toothbrush,Unchecked,Checked,Unchecked,Unchecked,Unchecked,,Fluoridated,Twice,"Thrice or more",No,No,Unchecked,Unchecked,Unchecked,Unchecked,Unchecked,Unchecked,Unchecked,Unchecked,Unchecked,Unchecked,Unchecked,,,,,Unchecked,Unchecked,Unchecked,Unchecked,Unchecked,Unchecked,Unchecked,Unchecked,Unchecked,Poor,,,,,,,,,,,,,,,,,,,,,,,,,,,,,,,,,,,,,,,,,,,,,,,,,Sound,"No bleeding","No pocket",Sound,"No bleeding","No pocket",Sound,"No bleeding","No pocket",Sound,Bleeding,"No pocket",Sound,Bleeding,"No pocket",Normal,Sound,"No bleeding","No pocket",Normal,Sound,"No bleeding","No pocket",Normal,Sound,"No bleeding","No pocket",Normal,Sound,"No bleeding","No pocket",Normal,"Coronal caries","No bleeding","No pocket",Normal,Sound,"No bleeding","No pocket",Normal,Sound,"No bleeding","No pocket",Normal,Sound,"No bleeding","No pocket",Sound,"No bleeding","No pocket","Coronal caries",Bleeding,"No pocket","Coronal caries","No bleeding","No pocket","Coronal caries","No bleeding","No pocket","Coronal caries","No bleeding","No pocket",Sound,"No bleeding","No pocket",Normal,Sound,"No bleeding","No pocket",Sound,"No bleeding","No pocket",Sound,"No bleeding","No pocket",Sound,"No bleeding","No pocket",Sound,"No bleeding","No pocket",Sound,"No bleeding","No pocket",Sound,"No bleeding","No pocket",Sound,"No bleeding","No pocket",Sound,"No bleeding","No pocket",Sound,"No bleeding","No pocket","Coronal caries","No bleeding","No pocket",Normal,Sound,"No bleeding","No pocket",Sound,"No bleeding","No pocket","0-3 mm","0-3 mm","0-3 mm","0-3 mm","0-3 mm","0-3 mm",Normal,"No sign",,Absent,,Present,20,"No sign",,No,No,Yes,No,0,0,"Crowding present- Lower","No spacing",0,0,0,0,0,"Half cusp",0,No,Unchecked,Unchecked,Unchecked,Unchecked,Unchecked,Unchecked,Unchecked,Unchecked,Unchecked,Unchecked,Unchecked,Unchecked,Unchecked,Unchecked,Unchecked,Unchecked,Unchecked,Unchecked,Unchecked,Unchecked,Unchecked,Unchecked,Unchecked,Unchecked,Unchecked,Unchecked,Unchecked,Unchecked,Unchecked,Unchecked,Unchecked,Unchecked,Unchecked,Unchecked,Unchecked,Unchecked,Unchecked,Unchecked,Unchecked,Unchecked,Unchecked,Unchecked,Unchecked,Unchecked,Unchecked,Unchecked,Unchecked,Unchecked,Unchecked,Unchecked,Unchecked,Unchecked,Unchecked,Unchecked,Unchecked,Unchecked,Unchecked,Unchecked,Unchecked,Unchecked,Unchecked,Unchecked,Unchecked,Unchecked,Unchecked,Unchecked,Unchecked,Unchecked,Unchecked,Unchecked,Unchecked,Unchecked,,No,,,"Prompt treatment (including scaling) needed",,Complete,Complete
59,Participant,2,,,,,,,,,,,,,,,,,,,,,,,,,,35,35-44,Female,,"Graduate or higher","Nursing And Other Medical And Health Technicians",English,,Yes,"2026-09-03 10:38:10",Cuicui,,,,,Signature,1788412153534.png,,,,1788412204762.png,,,28.5657823,77.2128763,,"https://www.google.com/maps?q=28.5657823,77.2128763",1788412209817.png,Yes,Unchecked,Checked,Unchecked,No,Toothbrush,Unchecked,Checked,Unchecked,Unchecked,Unchecked,,Fluoridated,Twice,"Thrice or more",No,No,Unchecked,Unchecked,Unchecked,Unchecked,Unchecked,Unchecked,Unchecked,Unchecked,Unchecked,Unchecked,Unchecked,,,,,Unchecked,Unchecked,Unchecked,Unchecked,Unchecked,Unchecked,Unchecked,Unchecked,Checked,Average,,,,,,,,,,,,,,,,,,,,,,,,,,,,,,,,,,,,,,,,,,,,,,,,,Sound,"No bleeding","Pocket of 4-5 mm",Sound,"No bleeding","No pocket",Sound,"No bleeding","No pocket",Sound,"No bleeding","No pocket",Sound,"No bleeding","No pocket",Normal,Sound,"No bleeding","No pocket",Normal,Sound,"No bleeding","No pocket",Normal,"Coronal caries","No bleeding","No pocket",Normal,Sound,"No bleeding","No pocket",Normal,Sound,"No bleeding","No pocket",Normal,Sound,"No bleeding","No pocket",Normal,Sound,"No bleeding","No pocket",Normal,Sound,"No bleeding","No pocket",Sound,"No bleeding","No pocket",Sound,"No bleeding","No pocket",Sound,"No bleeding","No pocket",Sound,"No bleeding","No pocket",Sound,"No bleeding","No pocket",Sound,"No bleeding","No pocket",Normal,Sound,"No bleeding","No pocket",Sound,"No bleeding","No pocket",Sound,"No bleeding","No pocket",Sound,"No bleeding","No pocket",Sound,"No bleeding","No pocket",Sound,"No bleeding","No pocket",Sound,"No bleeding","No pocket",Sound,"No bleeding","No pocket",Sound,"No bleeding","No pocket",Sound,"No bleeding","No pocket",Sound,"No bleeding","No pocket",Normal,Sound,"No bleeding","No pocket",Sound,"No bleeding","No pocket","4-5 mm Cemento-enamel Junction (CEJ) within black band","0-3 mm","0-3 mm","0-3 mm","0-3 mm","0-3 mm",Normal,"Enamel erosion",4,Absent,,Present,4,"Enamel fracture only",1,Yes,Yes,Yes,No,0,0,"Crowding present- Upper","No spacing",0,0,0,0,0,"Half cusp",1,No,Unchecked,Unchecked,Unchecked,Unchecked,Unchecked,Unchecked,Unchecked,Unchecked,Unchecked,Unchecked,Unchecked,Unchecked,Unchecked,Unchecked,Unchecked,Unchecked,Unchecked,Unchecked,Unchecked,Unchecked,Unchecked,Unchecked,Unchecked,Unchecked,Unchecked,Unchecked,Unchecked,Unchecked,Unchecked,Unchecked,Unchecked,Unchecked,Unchecked,Unchecked,Unchecked,Unchecked,Unchecked,Unchecked,Unchecked,Unchecked,Unchecked,Unchecked,Unchecked,Unchecked,Unchecked,Unchecked,Unchecked,Unchecked,Unchecked,Unchecked,Unchecked,Unchecked,Unchecked,Unchecked,Unchecked,Unchecked,Unchecked,Unchecked,Unchecked,Unchecked,Unchecked,Unchecked,Unchecked,Unchecked,Unchecked,Unchecked,Unchecked,Unchecked,Unchecked,Unchecked,Unchecked,Unchecked,,No,,,"Prompt treatment (including scaling) needed",,Complete,Complete
60,,,,,,,,,,,,,,,,,,,,,,,,,,Incomplete,,,,,,,,,,,,,,,,,,,,,,,,,,,,,,,,,,,,,,,,,,,,,,,,,,,,,,,,,,,,,,,,,,,,,,,,,,,,,,,,,,,,,,,,,,,,,,,,,,,,,,,,,,,,,,,,,,,,,,,,,,,,,,,,,,,,,,,,,,,,,,,,,,,,,,,,,,,,,,,,,,,,,,,,,,,,,,,,,,,,,,,,,,,,,,,,,,,,,,,,,,,,,,,,,,,,,,,,,,,,,,,,,,,,,,,,,,,,,,,,,,,,,,,,,,,,,,,,,,,,,,,,,,,,,,,,,,,,,,,,,,,,,,,,,,,,,,,,,,,,,,,,,,,,,,,,,,,,,,,,,,,,,,,,,,,,,,,,
60,Participant,1,,,,,,,,,,,,,,,,,,,,,,,,,14,9,12-15,Male,,,,English,Yes,Yes,"2026-09-03 12:06:29",Tashuk,,Azad,Father,,Signature,1788417409875.png,1788417417855.png,,Ritik,1788417425468.png,,,28.5647712,77.2128883,,"https://www.google.com/maps?q=28.5647712,77.2128883",1788417430692.png,No,Unchecked,Unchecked,Unchecked,,Toothbrush,Unchecked,Checked,Unchecked,Unchecked,Unchecked,,Fluoridated,Once,"Thrice or more",Yes,Yes,Checked,Unchecked,Unchecked,Unchecked,Unchecked,Unchecked,Unchecked,Unchecked,Unchecked,Unchecked,Unchecked,,"public facility",,,Unchecked,Unchecked,Unchecked,Unchecked,Unchecked,Unchecked,Unchecked,Unchecked,Unchecked,Good,,"Mixed dentition",,Sound,"No bleeding","Not recorded","Not recorded",Sound,"No bleeding",,,,,,,,,Sound,"No bleeding","Not recorded","Not recorded",Sound,"No bleeding",Sound,"No bleeding","Not recorded","Not recorded",Sound,"No bleeding",,,,,,,,,Sound,"No bleeding","Not recorded","Not recorded",Sound,"No bleeding",,,,,,,,,Unerupted,"Not recorded",,"Coronal caries","No bleeding",,Unerupted,"No bleeding",,"Filled no caries","No bleeding",,Normal,Unerupted,"Not recorded",,Normal,Sound,"No bleeding",,Normal,Sound,"No bleeding",,Normal,Sound,"No bleeding",,Normal,Sound,"No bleeding",,Normal,Unerupted,"Not recorded",,"not recorded","Filled no caries","No bleeding",,Normal,Unerupted,"Not recorded",,"Filled no caries","No bleeding",,Unerupted,"Not recorded",,,,,,,,Unerupted,"Not recorded",,"Filled with caries","No bleeding",,Normal,Unerupted,"Not recorded",,Unerupted,"Not recorded",,Unerupted,"Not recorded",,Sound,"No bleeding",,Sound,"No bleeding",,Sound,"No bleeding",,Sound,"No bleeding",,Unerupted,"Not recorded",,Unerupted,"Not recorded",,Unerupted,"Not recorded",,"Coronal caries","No bleeding",,Normal,Unerupted,"Not recorded",,,,,,,,,,,Normal,"No sign",,,,,,"No sign",,,,,,2,4,"No crowding","No spacing",0,0,0,3,0,"Half cusp",0,No,Unchecked,Unchecked,Unchecked,Unchecked,Unchecked,Unchecked,Unchecked,Unchecked,Unchecked,Unchecked,Unchecked,Unchecked,Unchecked,Unchecked,Unchecked,Unchecked,Unchecked,Unchecked,Unchecked,Unchecked,Unchecked,Unchecked,Unchecked,Unchecked,Unchecked,Unchecked,Unchecked,Unchecked,Unchecked,Unchecked,Unchecked,Unchecked,Unchecked,Unchecked,Unchecked,Unchecked,Unchecked,Unchecked,Unchecked,Unchecked,Unchecked,Unchecked,Unchecked,Unchecked,Unchecked,Unchecked,Unchecked,Unchecked,Unchecked,Unchecked,Unchecked,Unchecked,Unchecked,Unchecked,Unchecked,Unchecked,Unchecked,Unchecked,Unchecked,Unchecked,Unchecked,Unchecked,Unchecked,Unchecked,Unchecked,Unchecked,Unchecked,Unchecked,Unchecked,Unchecked,Unchecked,Unchecked,,,,,"Preventive or routine treatment needed",,Complete,Complete
60,Participant,2,,,,,,,,,,,,,,,,,,,,,,,,,,9,12-15,Male,,,,English,Yes,Yes,"2026-09-03 12:19:50",Tanusk,,Azad,Father,,Signature,1788418213879.png,1788418218214.png,,Ritik,1788418230687.png,,,28.5647712,77.2128883,,"https://www.google.com/maps?q=28.5647712,77.2128883",,No,Unchecked,Unchecked,Unchecked,,Toothbrush,Unchecked,Checked,Unchecked,Unchecked,Unchecked,,Fluoridated,Once,"Thrice or more",Yes,Yes,Checked,Unchecked,Unchecked,Unchecked,Unchecked,Unchecked,Unchecked,Unchecked,Unchecked,Unchecked,Unchecked,,"public facility",,,Unchecked,Unchecked,Unchecked,Unchecked,Unchecked,Unchecked,Unchecked,Unchecked,Unchecked,Average,,"Mixed dentition",,Sound,"No bleeding",Sound,"No bleeding",Sound,"No bleeding",,,,,,,,,Sound,Bleeding,"Not recorded","Not recorded",Sound,"No bleeding",Sound,"No bleeding","Not recorded","Not recorded",Sound,"No bleeding",,,,,,,,,Sound,"No bleeding","Not recorded","Not recorded",Sound,"No bleeding",,,,,,,,,Unerupted,"Not recorded",,Sound,"No bleeding",,Unerupted,"Not recorded",,"Filled with caries",Bleeding,,Normal,Unerupted,"Not recorded",,"not recorded",Sound,"No bleeding",,Normal,Sound,"No bleeding",,Normal,Sound,"No bleeding",,Normal,Sound,"No bleeding",,Normal,Unerupted,"Not recorded",,"not recorded","Filled no caries","No bleeding",,Normal,Unerupted,"Not recorded",,"Filled no caries","No bleeding",,Unerupted,"Not recorded",,,,,,,,Unerupted,"Not recorded",,"Filled with caries","No bleeding",,Normal,Unerupted,"Not recorded",,Unerupted,"Not recorded",,Unerupted,"Not recorded",,Sound,"No bleeding",,Sound,"No bleeding",,Sound,"No bleeding",,Sound,"No bleeding",,Unerupted,"Not recorded",,Unerupted,"Not recorded",,Unerupted,"Not recorded",,Sound,"No bleeding",,Normal,Unerupted,"Not recorded",,,,,,,,,,,Questionable,"No sign",,,,,,"No sign",,,,,,2,4,"No crowding","No spacing",0,0,0,3,0,"Half cusp",0,No,Unchecked,Unchecked,Unchecked,Unchecked,Unchecked,Unchecked,Unchecked,Unchecked,Unchecked,Unchecked,Unchecked,Unchecked,Unchecked,Unchecked,Unchecked,Unchecked,Unchecked,Unchecked,Unchecked,Unchecked,Unchecked,Unchecked,Unchecked,Unchecked,Unchecked,Unchecked,Unchecked,Unchecked,Unchecked,Unchecked,Unchecked,Unchecked,Unchecked,Unchecked,Unchecked,Unchecked,Unchecked,Unchecked,Unchecked,Unchecked,Unchecked,Unchecked,Unchecked,Unchecked,Unchecked,Unchecked,Unchecked,Unchecked,Unchecked,Unchecked,Unchecked,Unchecked,Unchecked,Unchecked,Unchecked,Unchecked,Unchecked,Unchecked,Unchecked,Unchecked,Unchecked,Unchecked,Unchecked,Unchecked,Unchecked,Unchecked,Unchecked,Unchecked,Unchecked,Unchecked,Unchecked,Unchecked,,,,,"Prompt treatment (including scaling) needed",,Complete,Complete
61,,,,,,,,,,,,,,,,,,,,,,,,,,Incomplete,,,,,,,,,,,,,,,,,,,,,,,,,,,,,,,,,,,,,,,,,,,,,,,,,,,,,,,,,,,,,,,,,,,,,,,,,,,,,,,,,,,,,,,,,,,,,,,,,,,,,,,,,,,,,,,,,,,,,,,,,,,,,,,,,,,,,,,,,,,,,,,,,,,,,,,,,,,,,,,,,,,,,,,,,,,,,,,,,,,,,,,,,,,,,,,,,,,,,,,,,,,,,,,,,,,,,,,,,,,,,,,,,,,,,,,,,,,,,,,,,,,,,,,,,,,,,,,,,,,,,,,,,,,,,,,,,,,,,,,,,,,,,,,,,,,,,,,,,,,,,,,,,,,,,,,,,,,,,,,,,,,,,,,,,,,,,,,,
61,Participant,1,,,,,,,,,,,,,,,,,,,,,,,,,16,35,35-44,Male,,"Graduate or higher","Administrative, Executive And Managerial Workers, N.E.C.",English,,Yes,"2026-09-03 12:39:34","Deepak kumar",,,,,Signature,1788419401834.png,,,Ritik,1788419410837.png,,,28.5645954,77.2126669,,"https://www.google.com/maps?q=28.5645954,77.2126669",1788419566504.png,No,Unchecked,Unchecked,Unchecked,No,Toothbrush,Unchecked,Checked,Unchecked,Unchecked,Unchecked,,Fluoridated,Twice,Twice,Yes,Yes,Unchecked,Unchecked,Unchecked,Unchecked,Unchecked,Unchecked,Unchecked,Checked,Unchecked,Unchecked,Unchecked,,"private clinic",,,Unchecked,Unchecked,Unchecked,Unchecked,Unchecked,Unchecked,Unchecked,Unchecked,Unchecked,Good,,,,,,,,,,,,,,,,,,,,,,,,,,,,,,,,,,,,,,,,,,,,,,,,,Sound,"No bleeding","No pocket",Sound,"No bleeding","No pocket",Sound,"No bleeding","No pocket",Sound,"No bleeding","No pocket",Sound,"No bleeding","No pocket",Normal,Sound,"No bleeding","No pocket",Normal,Sound,"No bleeding","No pocket",Normal,Sound,"No bleeding","No pocket",Normal,Sound,"No bleeding","No pocket",Normal,Sound,"No bleeding","No pocket",Normal,Sound,"No bleeding","No pocket",Normal,Sound,"No bleeding","No pocket",Normal,Sound,"No bleeding","No pocket","Coronal caries","No bleeding","No pocket","Coronal caries","No bleeding","No pocket",Sound,Bleeding,"No pocket","Coronal caries","No bleeding","No pocket","Coronal caries","No bleeding","No pocket","Coronal caries","No bleeding","No pocket",Normal,Sound,"No bleeding","No pocket",Sound,"No bleeding","No pocket",Sound,"No bleeding","No pocket",Sound,"No bleeding","No pocket",Sound,"No bleeding","No pocket",Sound,"No bleeding","No pocket",Sound,"No bleeding","No pocket",Sound,"No bleeding","No pocket",Sound,"No bleeding","No pocket",Sound,"No bleeding","No pocket","Coronal caries","No bleeding","No pocket",Normal,"Coronal caries","No bleeding","Pocket of 4-5 mm","Coronal caries","No bleeding","No pocket","0-3 mm","0-3 mm","0-3 mm","0-3 mm","0-3 mm","0-3 mm",Normal,"No sign",,Absent,,Present,8,"No sign",,No,No,No,No,0,0,"Crowding present- Lower","No spacing",0,0,0,3,0,Normal,0,No,Unchecked,Unchecked,Unchecked,Unchecked,Unchecked,Unchecked,Unchecked,Unchecked,Unchecked,Unchecked,Unchecked,Unchecked,Unchecked,Unchecked,Unchecked,Unchecked,Unchecked,Unchecked,Unchecked,Unchecked,Unchecked,Unchecked,Unchecked,Unchecked,Unchecked,Unchecked,Unchecked,Unchecked,Unchecked,Unchecked,Unchecked,Unchecked,Unchecked,Unchecked,Unchecked,Unchecked,Unchecked,Unchecked,Unchecked,Unchecked,Unchecked,Unchecked,Unchecked,Unchecked,Unchecked,Unchecked,Unchecked,Unchecked,Unchecked,Unchecked,Unchecked,Unchecked,Unchecked,Unchecked,Unchecked,Unchecked,Unchecked,Unchecked,Unchecked,Unchecked,Unchecked,Unchecked,Unchecked,Unchecked,Unchecked,Unchecked,Unchecked,Unchecked,Unchecked,Unchecked,Unchecked,Unchecked,,No,,,"Prompt treatment (including scaling) needed",,Complete,Complete
61,Participant,2,,,,,,,,,,,,,,,,,,,,,,,,,,36,35-44,Male,,"Graduate or higher","Administrative, Executive And Managerial Workers, N.E.C.",English,,Yes,"2026-09-03 12:54:22",Deepak,,,,,Signature,1788420271309.png,,,Riyik,,,,28.564273,77.2134689,,"https://www.google.com/maps?q=28.564273,77.2134689",1788420301669.png,No,Unchecked,Unchecked,Unchecked,No,Toothbrush,Unchecked,Checked,Unchecked,Unchecked,Unchecked,,Fluoridated,Twice,Twice,Yes,Yes,Unchecked,Unchecked,Unchecked,Unchecked,Unchecked,Unchecked,Unchecked,Checked,Unchecked,Unchecked,Unchecked,,"private clinic",,,Unchecked,Unchecked,Unchecked,Unchecked,Unchecked,Unchecked,Unchecked,Unchecked,Unchecked,Average,,,,,,,,,,,,,,,,,,,,,,,,,,,,,,,,,,,,,,,,,,,,,,,,,Sound,"No bleeding","No pocket",Sound,"No bleeding","No pocket",Sound,"No bleeding","No pocket",Sound,"No bleeding","No pocket",Sound,"No bleeding","No pocket",Normal,Sound,"No bleeding","No pocket",Normal,Sound,"No bleeding","No pocket",Normal,Sound,"No bleeding","No pocket",Normal,Sound,"No bleeding","No pocket",Normal,Sound,"No bleeding","No pocket",Normal,Sound,"No bleeding","No pocket",Normal,Sound,"No bleeding","No pocket",Normal,Sound,"No bleeding","No pocket","Coronal caries",Bleeding,"No pocket","Coronal caries","No bleeding","No pocket",Sound,"No bleeding","No pocket","Both coronal and root caries",Bleeding,"No pocket","Coronal caries","No bleeding","No pocket","Coronal caries","No bleeding","No pocket",Normal,Sound,"No bleeding","No pocket",Sound,"No bleeding","No pocket",Sound,"No bleeding","No pocket",Sound,"No bleeding","No pocket",Sound,"No bleeding","No pocket",Sound,"No bleeding","No pocket",Sound,"No bleeding","No pocket",Sound,"No bleeding","No pocket",Sound,"No bleeding","No pocket",Sound,"No bleeding","No pocket",Sound,"No bleeding","No pocket",Normal,Sound,"No bleeding","No pocket",Sound,"No bleeding","No pocket","0-3 mm","0-3 mm","0-3 mm","0-3 mm","0-3 mm","0-3 mm",Normal,"No sign",,Absent,,Present,4,"No sign",,No,No,No,No,0,0,"No crowding","No spacing",0,0,0,1,0,Normal,0,No,Unchecked,Unchecked,Unchecked,Unchecked,Unchecked,Unchecked,Unchecked,Unchecked,Unchecked,Unchecked,Unchecked,Unchecked,Unchecked,Unchecked,Unchecked,Unchecked,Unchecked,Unchecked,Unchecked,Unchecked,Unchecked,Unchecked,Unchecked,Unchecked,Unchecked,Unchecked,Unchecked,Unchecked,Unchecked,Unchecked,Unchecked,Unchecked,Unchecked,Unchecked,Unchecked,Unchecked,Unchecked,Unchecked,Unchecked,Unchecked,Unchecked,Unchecked,Unchecked,Unchecked,Unchecked,Unchecked,Unchecked,Unchecked,Unchecked,Unchecked,Unchecked,Unchecked,Unchecked,Unchecked,Unchecked,Unchecked,Unchecked,Unchecked,Unchecked,Unchecked,Unchecked,Unchecked,Unchecked,Unchecked,Unchecked,Unchecked,Unchecked,Unchecked,Unchecked,Unchecked,Unchecked,Unchecked,,No,,,"Preventive or routine treatment needed",,Complete,Complete
62,,,,,,,,,,,,,,,,,,,,,,,,,,Incomplete,,,,,,,,,,,,,,,,,,,,,,,,,,,,,,,,,,,,,,,,,,,,,,,,,,,,,,,,,,,,,,,,,,,,,,,,,,,,,,,,,,,,,,,,,,,,,,,,,,,,,,,,,,,,,,,,,,,,,,,,,,,,,,,,,,,,,,,,,,,,,,,,,,,,,,,,,,,,,,,,,,,,,,,,,,,,,,,,,,,,,,,,,,,,,,,,,,,,,,,,,,,,,,,,,,,,,,,,,,,,,,,,,,,,,,,,,,,,,,,,,,,,,,,,,,,,,,,,,,,,,,,,,,,,,,,,,,,,,,,,,,,,,,,,,,,,,,,,,,,,,,,,,,,,,,,,,,,,,,,,,,,,,,,,,,,,,,,,
62,Participant,1,,,,,,,,,,,,,,,,,,,,,,,,,20,9,12-15,Male,,,,English,Yes,Yes,"2026-09-02 12:29:03",Ayan,,Raj,Father,,,,,,,,,,,,,"https://www.google.com/maps?q=,",,No,Unchecked,Unchecked,Unchecked,,Toothbrush,Unchecked,Checked,Unchecked,Unchecked,Unchecked,,Fluoridated,Twice,Twice,Yes,Yes,Unchecked,Unchecked,Unchecked,Checked,Unchecked,Unchecked,Unchecked,Unchecked,Unchecked,Unchecked,Unchecked,,"public facility",,,Unchecked,Unchecked,Unchecked,Unchecked,Unchecked,Unchecked,Unchecked,Unchecked,Unchecked,Poor,,"Mixed dentition",,Sound,"No bleeding",Sound,"No bleeding",Sound,"No bleeding",,,,,,,,,Caries,"No bleeding",Caries,"No bleeding",Sound,"No bleeding",Caries,"No bleeding",Sound,"No bleeding","Filled with caries","No bleeding",,,,,,,,,Caries,"No bleeding","Filled with caries","No bleeding","Filled with caries","No bleeding",,,,,,,,,"Coronal caries","No bleeding",,Sound,"No bleeding",,Sound,"No bleeding",,Sound,"No bleeding",,"demarcated opacity",Sound,"No bleeding",,"demarcated opacity",Sound,"No bleeding",,"demarcated opacity",Sound,"No bleeding",,Normal,Sound,"No bleeding",,"diffuse opacity",Sound,"No bleeding",,"diffuse opacity",Sound,"No bleeding",,"diffuse opacity","Coronal caries","No bleeding",,"diffuse opacity","Coronal caries","No bleeding",,Sound,"No bleeding",,Sound,"No bleeding",,,,,,,,"Not recorded","Not recorded",,"Not recorded","Not recorded",,"not recorded","Coronal caries","No bleeding",,Sound,"No bleeding",,"Filled with caries","No bleeding",,Sound,"No bleeding",,Sound,"No bleeding",,Sound,"No bleeding",,Sound,"No bleeding",,"Coronal caries","No bleeding",,"Coronal caries","No bleeding",,"Coronal caries","No bleeding",,"Not recorded","Not recorded",,"not recorded","Not recorded","Not recorded",,,,,,,,,,,Mild,"No sign",,,,,,"No sign",,,,,,0,0,"No crowding","Spacing present- Lower",0,0,0,2,0,"Half cusp",0,No,Unchecked,Unchecked,Unchecked,Unchecked,Unchecked,Unchecked,Unchecked,Unchecked,Unchecked,Unchecked,Unchecked,Unchecked,Unchecked,Unchecked,Unchecked,Unchecked,Unchecked,Unchecked,Unchecked,Unchecked,Unchecked,Unchecked,Unchecked,Unchecked,Unchecked,Unchecked,Unchecked,Unchecked,Unchecked,Unchecked,Unchecked,Unchecked,Unchecked,Unchecked,Unchecked,Unchecked,Unchecked,Unchecked,Unchecked,Unchecked,Unchecked,Unchecked,Unchecked,Unchecked,Unchecked,Unchecked,Unchecked,Unchecked,Unchecked,Unchecked,Unchecked,Unchecked,Unchecked,Unchecked,Unchecked,Unchecked,Unchecked,Unchecked,Unchecked,Unchecked,Unchecked,Unchecked,Unchecked,Unchecked,Unchecked,Unchecked,Unchecked,Unchecked,Unchecked,Unchecked,Unchecked,Unchecked,,,,,"Preventive or routine treatment needed",,Complete,Complete
63,,,,,,,,,,,,,,,,,,,,,,,,,,Incomplete,,,,,,,,,,,,,,,,,,,,,,,,,,,,,,,,,,,,,,,,,,,,,,,,,,,,,,,,,,,,,,,,,,,,,,,,,,,,,,,,,,,,,,,,,,,,,,,,,,,,,,,,,,,,,,,,,,,,,,,,,,,,,,,,,,,,,,,,,,,,,,,,,,,,,,,,,,,,,,,,,,,,,,,,,,,,,,,,,,,,,,,,,,,,,,,,,,,,,,,,,,,,,,,,,,,,,,,,,,,,,,,,,,,,,,,,,,,,,,,,,,,,,,,,,,,,,,,,,,,,,,,,,,,,,,,,,,,,,,,,,,,,,,,,,,,,,,,,,,,,,,,,,,,,,,,,,,,,,,,,,,,,,,,,,,,,,,,,
63,Participant,1,,,,,,,,,,,,,,,,,,,,,,,,,11,65,65-74,Male,,"Higher Secondary","House Keepers, Matron And Stewards (Domestic & Institutional)",English,,Yes,"2026-09-03 10:38:01","Ashok kumar",,,,,Signature,1788412096894.png,,,Manish,1788412107756.png,,,,,,"https://www.google.com/maps?q=,",1788412143704.png,Yes,Unchecked,Checked,Unchecked,Yes,Toothbrush,Unchecked,Checked,Unchecked,Unchecked,Unchecked,,Non-fluoridated,Once,"Thrice or more",Yes,Yes,Unchecked,Unchecked,Unchecked,Unchecked,Checked,Unchecked,Unchecked,Unchecked,Unchecked,Unchecked,Unchecked,,"public facility",,,Unchecked,Unchecked,Unchecked,Unchecked,Unchecked,Unchecked,Unchecked,Unchecked,Unchecked,Good,,,"All teeth / partially edentulous",,,,,,,,,,,,,,,,,,,,,,,,,,,,,,,,,,,,,,,,,,,,,,"Not recorded","Not recorded","Not recorded",Sound,"No bleeding","No pocket",Sound,"No bleeding","No pocket",Sound,"No bleeding","No pocket",Sound,"No bleeding","No pocket",Normal,"Filled with caries","No bleeding","No pocket",Normal,Sound,"No bleeding","No pocket",Normal,Sound,"No bleeding","No pocket",Normal,Sound,"No bleeding","No pocket",Normal,Sound,"No bleeding","No pocket",Normal,"Filled with caries","No bleeding","No pocket",Normal,Sound,"No bleeding","No pocket",Normal,Sound,"No bleeding","No pocket","Filled with caries","No bleeding","No pocket","Missing due to caries","Not recorded","Not recorded","Not recorded","Not recorded","Not recorded","Missing other","No bleeding","No pocket",Sound,"No bleeding","No pocket","Missing due to caries","Not recorded","Not recorded","not recorded",Sound,"No bleeding","No pocket",Sound,"No bleeding","No pocket",Sound,"No bleeding","No pocket",Sound,"No bleeding","No pocket",Sound,"No bleeding","No pocket",Sound,"No bleeding","No pocket",Sound,"No bleeding","No pocket",Sound,"No bleeding","No pocket",Sound,"No bleeding","No pocket",Sound,"No bleeding","No pocket","Missing due to caries","Not recorded","Not recorded","not recorded",Sound,"No bleeding","No pocket",Sound,"No bleeding","No pocket","0-3 mm","0-3 mm","0-3 mm","0-3 mm","0-3 mm","0-3 mm",Normal,"Enamel erosion",4,Present,11,Present,11,"No sign",,No,No,No,No,,,,,,,,,,,,No,Unchecked,Unchecked,Unchecked,Unchecked,Unchecked,Unchecked,Unchecked,Unchecked,Unchecked,Unchecked,Unchecked,Unchecked,Unchecked,Unchecked,Unchecked,Unchecked,Unchecked,Unchecked,Unchecked,Unchecked,Unchecked,Unchecked,Unchecked,Unchecked,Unchecked,Unchecked,Unchecked,Unchecked,Unchecked,Unchecked,Unchecked,Unchecked,Unchecked,Unchecked,Unchecked,Unchecked,Unchecked,Unchecked,Unchecked,Unchecked,Unchecked,Unchecked,Unchecked,Unchecked,Unchecked,Unchecked,Unchecked,Unchecked,Unchecked,Unchecked,Unchecked,Unchecked,Unchecked,Unchecked,Unchecked,Unchecked,Unchecked,Unchecked,Unchecked,Unchecked,Unchecked,Unchecked,Unchecked,Unchecked,Unchecked,Unchecked,Unchecked,Unchecked,Unchecked,Unchecked,Unchecked,Unchecked,,No,,,"Prompt treatment (including scaling) needed",,Complete,Complete
63,Participant,2,,,,,,,,,,,,,,,,,,,,,,,,,,65,65-74,Male,,"Higher Secondary","House Keepers, Matron And Stewards (Domestic & Institutional)",English,,Yes,"2026-09-03 10:59:58","Ashok kumar",,,,,Signature,1788413437186.png,,,Tarun,1788413475571.png,,,,,,"https://www.google.com/maps?q=,",1788414294237.png,Yes,Unchecked,Checked,Unchecked,Yes,Toothbrush,Unchecked,Checked,Unchecked,Unchecked,Unchecked,,Non-fluoridated,Once,"Thrice or more",Yes,Yes,Checked,Unchecked,Unchecked,Unchecked,Unchecked,Unchecked,Unchecked,Unchecked,Unchecked,Unchecked,Unchecked,,"private clinic",,,Unchecked,Unchecked,Unchecked,Unchecked,Unchecked,Unchecked,Unchecked,Unchecked,Unchecked,Average,,,"All teeth / partially edentulous",,,,,,,,,,,,,,,,,,,,,,,,,,,,,,,,,,,,,,,,,,,,,,Unerupted,"Not recorded","Not recorded",Sound,"No bleeding","No pocket","Coronal caries","No bleeding","No pocket",Sound,"No bleeding","No pocket",Sound,"No bleeding","No pocket","diffuse opacity","Filled no caries","No bleeding","No pocket",Normal,"Coronal caries","No bleeding","No pocket","demarcated opacity",Sound,"No bleeding","No pocket","demarcated opacity",Sound,"No bleeding","No pocket",Normal,Sound,"No bleeding","No pocket",Normal,"Coronal caries","No bleeding","No pocket",Normal,Sound,"No bleeding","No pocket",Normal,Sound,"No bleeding","No pocket","Filled no caries","No bleeding","No pocket","Missing due to caries","Not recorded","Not recorded",Unerupted,"Not recorded","Not recorded",Unerupted,"Not recorded","Not recorded",Sound,"No bleeding","No pocket","Missing due to caries","Not recorded","Not recorded","not recorded",Sound,"No bleeding","No pocket",Sound,"No bleeding","No pocket",Sound,"No bleeding","No pocket",Sound,"No bleeding","No pocket",Sound,"No bleeding","No pocket",Sound,"No bleeding","No pocket",Sound,"No bleeding","No pocket",Sound,"No bleeding","No pocket",Sound,"No bleeding","No pocket",Sound,"No bleeding","No pocket","Missing due to caries","Not recorded","Not recorded","not recorded",Sound,"No bleeding","No pocket",Sound,"No bleeding","No pocket","4-5 mm Cemento-enamel Junction (CEJ) within black band","0-3 mm","4-5 mm Cemento-enamel Junction (CEJ) within black band","4-5 mm Cemento-enamel Junction (CEJ) within black band","0-3 mm","0-3 mm",Normal,"No sign",,Present,22,Present,15,"No sign",,No,No,No,No,,,,,,,,,,,,No,Unchecked,Unchecked,Unchecked,Unchecked,Unchecked,Unchecked,Unchecked,Unchecked,Unchecked,Unchecked,Unchecked,Unchecked,Unchecked,Unchecked,Unchecked,Unchecked,Unchecked,Unchecked,Unchecked,Unchecked,Unchecked,Unchecked,Unchecked,Unchecked,Unchecked,Unchecked,Unchecked,Unchecked,Unchecked,Unchecked,Unchecked,Unchecked,Unchecked,Unchecked,Unchecked,Unchecked,Unchecked,Unchecked,Unchecked,Unchecked,Unchecked,Unchecked,Unchecked,Unchecked,Unchecked,Unchecked,Unchecked,Unchecked,Unchecked,Unchecked,Unchecked,Unchecked,Unchecked,Unchecked,Unchecked,Unchecked,Unchecked,Unchecked,Unchecked,Unchecked,Unchecked,Unchecked,Unchecked,Unchecked,Unchecked,Unchecked,Unchecked,Unchecked,Unchecked,Unchecked,Unchecked,Unchecked,,No,,,"Immediate (urgent) treatment due to pain or infection of dental and / or oral origin",,Complete,Incomplete
64,,,,,,,,,,,,,,,,,,,,,,,,,,Incomplete,,,,,,,,,,,,,,,,,,,,,,,,,,,,,,,,,,,,,,,,,,,,,,,,,,,,,,,,,,,,,,,,,,,,,,,,,,,,,,,,,,,,,,,,,,,,,,,,,,,,,,,,,,,,,,,,,,,,,,,,,,,,,,,,,,,,,,,,,,,,,,,,,,,,,,,,,,,,,,,,,,,,,,,,,,,,,,,,,,,,,,,,,,,,,,,,,,,,,,,,,,,,,,,,,,,,,,,,,,,,,,,,,,,,,,,,,,,,,,,,,,,,,,,,,,,,,,,,,,,,,,,,,,,,,,,,,,,,,,,,,,,,,,,,,,,,,,,,,,,,,,,,,,,,,,,,,,,,,,,,,,,,,,,,,,,,,,,,
64,Participant,1,,,,,,,,,,,,,,,,,,,,,,,,,21,35,35-44,Male,,"Higher Secondary","Service Workers","हिन्दी (Hindi)",,Yes,"2026-09-03 10:57:06","Dileep kumar",,,,,Signature,1788413264659.png,,,Jagvir,1788413274520.png,,,28.5646661,77.2129134,,"https://www.google.com/maps?q=28.5646661,77.2129134",,No,Unchecked,Unchecked,Unchecked,No,Toothbrush,Unchecked,Checked,Unchecked,Unchecked,Unchecked,,Fluoridated,Once,"Did not consume",No,No,Unchecked,Unchecked,Unchecked,Unchecked,Unchecked,Unchecked,Unchecked,Unchecked,Unchecked,Unchecked,Unchecked,,,,,Unchecked,Unchecked,Unchecked,Unchecked,Unchecked,Unchecked,Unchecked,Checked,Unchecked,Average,,,,,,,,,,,,,,,,,,,,,,,,,,,,,,,,,,,,,,,,,,,,,,,,,Unerupted,"Not recorded","Not recorded",Sound,"No bleeding","No pocket",Sound,"No bleeding","No pocket",Sound,"No bleeding","No pocket",Sound,"No bleeding","No pocket",Normal,Sound,"No bleeding","No pocket",Normal,Sound,"No bleeding","No pocket",Normal,Sound,"No bleeding","No pocket",Normal,Sound,"No bleeding","No pocket",Normal,Sound,"No bleeding","No pocket",Normal,Sound,"No bleeding","No pocket",Normal,Sound,Bleeding,"No pocket",Normal,Sound,Bleeding,"No pocket",Sound,Bleeding,"No pocket",Sound,Bleeding,"No pocket",Unerupted,"Not recorded","Not recorded",Sound,"No bleeding","No pocket",Sound,"No bleeding","No pocket",Sound,"No bleeding","No pocket",Normal,Sound,"No bleeding","No pocket",Sound,Bleeding,"No pocket",Sound,Bleeding,"No pocket",Sound,Bleeding,"No pocket",Sound,Bleeding,"No pocket",Sound,"No bleeding","No pocket",Sound,Bleeding,"No pocket",Sound,Bleeding,"No pocket",Sound,"No bleeding","No pocket",Sound,"No bleeding","No pocket",Sound,Bleeding,"No pocket",Normal,Sound,"No bleeding","No pocket",Sound,Bleeding,"No pocket","0-3 mm","0-3 mm","0-3 mm","0-3 mm","0-3 mm","0-3 mm",Normal,"Enamel erosion",6,Present,2,Present,6,"No sign",,Yes,Yes,No,Yes,0,0,"No crowding","No spacing",0,0,0,3,0,Normal,0,No,Unchecked,Unchecked,Unchecked,Unchecked,Unchecked,Unchecked,Unchecked,Unchecked,Unchecked,Unchecked,Unchecked,Unchecked,Unchecked,Unchecked,Unchecked,Unchecked,Unchecked,Unchecked,Unchecked,Unchecked,Unchecked,Unchecked,Unchecked,Unchecked,Unchecked,Unchecked,Unchecked,Unchecked,Unchecked,Unchecked,Unchecked,Unchecked,Unchecked,Unchecked,Unchecked,Unchecked,Unchecked,Unchecked,Unchecked,Unchecked,Unchecked,Unchecked,Unchecked,Unchecked,Unchecked,Unchecked,Unchecked,Unchecked,Unchecked,Unchecked,Unchecked,Unchecked,Unchecked,Unchecked,Unchecked,Unchecked,Unchecked,Unchecked,Unchecked,Unchecked,Unchecked,Unchecked,Unchecked,Unchecked,Unchecked,Unchecked,Unchecked,Unchecked,Unchecked,Unchecked,Unchecked,Unchecked,,No,,,"Prompt treatment (including scaling) needed",,Complete,Complete
64,Participant,2,,,,,,,,,,,,,,,,,,,,,,,,,,35,35-44,Male,,"Higher Secondary",,English,,Yes,"2026-09-03 11:15:49","Dileep kumar",,,,,Signature,,,,,,,,28.5644052,77.2128302,,"https://www.google.com/maps?q=28.5644052,77.2128302",,No,Unchecked,Unchecked,Unchecked,No,Toothbrush,Unchecked,Checked,Unchecked,Unchecked,Unchecked,,Fluoridated,Once,"Did not consume",No,No,Unchecked,Unchecked,Unchecked,Unchecked,Unchecked,Unchecked,Unchecked,Unchecked,Unchecked,Unchecked,Unchecked,,,,,Unchecked,Unchecked,Unchecked,Unchecked,Unchecked,Unchecked,Unchecked,Checked,Unchecked,Good,,,,,,,,,,,,,,,,,,,,,,,,,,,,,,,,,,,,,,,,,,,,,,,,,Unerupted,"Not recorded","Not recorded",Sound,"No bleeding","No pocket",Sound,"No bleeding","Pocket of 4-5 mm",Sound,"No bleeding","No pocket",Sound,"No bleeding","No pocket",Normal,Sound,"No bleeding","No pocket",Normal,Sound,"No bleeding","No pocket",Normal,Sound,Bleeding,"No pocket",Normal,Sound,"No bleeding","No pocket",Normal,Sound,"No bleeding","No pocket",Normal,Sound,"No bleeding","No pocket",Normal,Sound,"No bleeding","No pocket",Normal,Sound,"No bleeding","No pocket",Sound,"No bleeding","No pocket",Sound,"No bleeding","No pocket",Sound,"No bleeding","No pocket",Sound,"No bleeding","No pocket",Sound,"No bleeding","No pocket",Sound,"No bleeding","No pocket",Normal,Sound,"No bleeding","No pocket",Sound,Bleeding,"Pocket of 4-5 mm",Sound,"No bleeding","No pocket",Sound,"No bleeding","No pocket",Sound,"No bleeding","No pocket",Sound,"No bleeding","No pocket",Sound,"No bleeding","No pocket",Sound,"No bleeding","No pocket",Sound,"No bleeding","No pocket",Sound,"No bleeding","No pocket",Sound,"No bleeding","No pocket",Normal,Sound,"No bleeding","No pocket",Sound,"No bleeding","No pocket","0-3 mm","0-3 mm","0-3 mm","0-3 mm","0-3 mm","0-3 mm",Questionable,"No sign",,Present,3,Absent,,"No sign",,No,No,No,No,0,0,"No crowding","No spacing",0,0,0,3,0,"Half cusp",0,No,Unchecked,Unchecked,Unchecked,Unchecked,Unchecked,Unchecked,Unchecked,Unchecked,Unchecked,Unchecked,Unchecked,Unchecked,Unchecked,Unchecked,Unchecked,Unchecked,Unchecked,Unchecked,Unchecked,Unchecked,Unchecked,Unchecked,Unchecked,Unchecked,Unchecked,Unchecked,Unchecked,Unchecked,Unchecked,Unchecked,Unchecked,Unchecked,Unchecked,Unchecked,Unchecked,Unchecked,Unchecked,Unchecked,Unchecked,Unchecked,Unchecked,Unchecked,Unchecked,Unchecked,Unchecked,Unchecked,Unchecked,Unchecked,Unchecked,Unchecked,Unchecked,Unchecked,Unchecked,Unchecked,Unchecked,Unchecked,Unchecked,Unchecked,Unchecked,Unchecked,Unchecked,Unchecked,Unchecked,Unchecked,Unchecked,Unchecked,Unchecked,Unchecked,Unchecked,Unchecked,Unchecked,Unchecked,,No,,,"Preventive or routine treatment needed",,Complete,Complete
65,,,,,,,,,,,,,,,,,,,,,,,,,,Incomplete,,,,,,,,,,,,,,,,,,,,,,,,,,,,,,,,,,,,,,,,,,,,,,,,,,,,,,,,,,,,,,,,,,,,,,,,,,,,,,,,,,,,,,,,,,,,,,,,,,,,,,,,,,,,,,,,,,,,,,,,,,,,,,,,,,,,,,,,,,,,,,,,,,,,,,,,,,,,,,,,,,,,,,,,,,,,,,,,,,,,,,,,,,,,,,,,,,,,,,,,,,,,,,,,,,,,,,,,,,,,,,,,,,,,,,,,,,,,,,,,,,,,,,,,,,,,,,,,,,,,,,,,,,,,,,,,,,,,,,,,,,,,,,,,,,,,,,,,,,,,,,,,,,,,,,,,,,,,,,,,,,,,,,,,,,,,,,,,
65,Participant,1,,,,,,,,,,,,,,,,,,,,,,,,,21,38,35-44,Female,,Secondary,"Housewife or homemaker","हिन्दी (Hindi)",,Yes,"2026-09-03 11:56:19",Pooja,,,,,Signature,1788416801100.png,,,Jagvir,1788416812567.png,,,28.564168,77.2151079,,"https://www.google.com/maps?q=28.564168,77.2151079",1788416823598.png,No,Unchecked,Unchecked,Unchecked,No,Toothbrush,Unchecked,Checked,Unchecked,Unchecked,Unchecked,,Fluoridated,Once,Twice,Yes,Yes,Checked,Unchecked,Unchecked,Unchecked,Checked,Unchecked,Unchecked,Unchecked,Checked,Unchecked,Unchecked,,"public facility",,,Unchecked,Unchecked,Unchecked,Unchecked,Unchecked,Unchecked,Unchecked,Unchecked,Unchecked,Poor,,,,,,,,,,,,,,,,,,,,,,,,,,,,,,,,,,,,,,,,,,,,,,,,,"Missing due to caries","Not recorded","Not recorded","Coronal caries",Bleeding,"No pocket","Filled with caries",Bleeding,"No pocket",Sound,"No bleeding","No pocket",Sound,Bleeding,"No pocket",Normal,Sound,"No bleeding","No pocket",Normal,Sound,Bleeding,"No pocket",Normal,Sound,Bleeding,"No pocket",Normal,Sound,"No bleeding","No pocket",Normal,Sound,"No bleeding","No pocket",Normal,Sound,"No bleeding","No pocket",Normal,Sound,"No bleeding","No pocket",Normal,"Coronal caries","No bleeding","No pocket",Sound,"No bleeding","No pocket","Missing due to caries","Not recorded","Not recorded","Missing due to caries","Not recorded","Not recorded","Coronal caries","No bleeding","No pocket","Coronal caries",Bleeding,"No pocket","Missing due to caries","Not recorded","Not recorded","not recorded","Coronal caries","No bleeding","No pocket",Sound,Bleeding,"No pocket",Sound,"No bleeding","No pocket",Sound,"No bleeding","No pocket",Sound,Bleeding,"No pocket",Sound,Bleeding,"No pocket",Sound,Bleeding,"No pocket",Sound,Bleeding,"No pocket",Sound,Bleeding,"No pocket","Coronal caries",Bleeding,"No pocket","Coronal caries",Bleeding,"No pocket",Normal,"Missing due to caries","Not recorded","Not recorded","Missing due to caries","Not recorded","Not recorded","0-3 mm","0-3 mm","0-3 mm","4-5 mm Cemento-enamel Junction (CEJ) within black band","0-3 mm","4-5 mm Cemento-enamel Junction (CEJ) within black band",Normal,"Enamel erosion",13,Absent,,Present,12,"No sign",,Yes,No,No,Yes,0,0,"No crowding","No spacing",0,0,0,0,0,Normal,0,No,Unchecked,Unchecked,Unchecked,Unchecked,Unchecked,Unchecked,Unchecked,Unchecked,Unchecked,Unchecked,Unchecked,Unchecked,Unchecked,Unchecked,Unchecked,Unchecked,Unchecked,Unchecked,Unchecked,Unchecked,Unchecked,Unchecked,Unchecked,Unchecked,Unchecked,Unchecked,Unchecked,Unchecked,Unchecked,Unchecked,Unchecked,Unchecked,Unchecked,Unchecked,Unchecked,Unchecked,Unchecked,Unchecked,Unchecked,Unchecked,Unchecked,Unchecked,Unchecked,Unchecked,Unchecked,Unchecked,Unchecked,Unchecked,Unchecked,Unchecked,Unchecked,Unchecked,Unchecked,Unchecked,Unchecked,Unchecked,Unchecked,Unchecked,Unchecked,Unchecked,Unchecked,Unchecked,Unchecked,Unchecked,Unchecked,Unchecked,Unchecked,Unchecked,Unchecked,Unchecked,Unchecked,Unchecked,,No,,,"Prompt treatment (including scaling) needed",,Complete,Complete
65,Participant,2,,,,,,,,,,,,,,,,,,,,,,,,,,38,35-44,Female,,Secondary,"Housewife or homemaker","हिन्दी (Hindi)",,Yes,"2026-09-03 12:27:03",Pooja,,,,,Signature,1788418645798.png,,,Jagvir,1788418655423.png,,,28.5647632,77.2129375,,"https://www.google.com/maps?q=28.5647632,77.2129375",1788418665549.png,No,Unchecked,Unchecked,Unchecked,No,Toothbrush,Unchecked,Checked,Unchecked,Unchecked,Unchecked,,Fluoridated,Once,Twice,Yes,Yes,Checked,Unchecked,Unchecked,Unchecked,Checked,Unchecked,Unchecked,Unchecked,Checked,Unchecked,Unchecked,,"public facility",,,Unchecked,Unchecked,Unchecked,Unchecked,Unchecked,Unchecked,Unchecked,Unchecked,Unchecked,Poor,,,,,,,,,,,,,,,,,,,,,,,,,,,,,,,,,,,,,,,,,,,,,,,,,"Missing due to caries","Not recorded","Not recorded",Sound,"No bleeding","No pocket","Filled with caries",Bleeding,"No pocket",Sound,"No bleeding","No pocket",Sound,"No bleeding","No pocket",Normal,Sound,"No bleeding","No pocket",Normal,Sound,"No bleeding","No pocket",Normal,Sound,"No bleeding","No pocket",Normal,Sound,"No bleeding","No pocket",Normal,Sound,"No bleeding","No pocket",Normal,Sound,"No bleeding","No pocket",Normal,Sound,Bleeding,"No pocket",Normal,Sound,"No bleeding","No pocket",Sound,"No bleeding","No pocket",Sound,"No bleeding","No pocket","Missing due to caries","Not recorded","Not recorded","Coronal caries",Bleeding,"No pocket","Coronal caries","No bleeding","No pocket","Missing due to caries","Not recorded","Not recorded",Normal,Sound,"No bleeding","No pocket",Sound,"No bleeding","No pocket",Sound,"No bleeding","No pocket",Sound,"No bleeding","No pocket",Sound,"No bleeding","No pocket",Sound,"No bleeding","No pocket",Sound,"No bleeding","No pocket",Sound,"No bleeding","No pocket",Sound,"No bleeding","No pocket",Sound,"No bleeding","No pocket",Sound,"No bleeding","No pocket",Normal,"Missing due to caries","Not recorded","Not recorded","Missing due to caries","Not recorded","Not recorded","0-3 mm","0-3 mm","0-3 mm","0-3 mm","0-3 mm","4-5 mm Cemento-enamel Junction (CEJ) within black band",Normal,"Enamel erosion",11,Absent,,Present,12,"No sign",,Yes,Yes,No,Yes,0,0,"No crowding","No spacing",0,0,0,0,0,Normal,0,No,Unchecked,Unchecked,Unchecked,Unchecked,Unchecked,Unchecked,Unchecked,Unchecked,Unchecked,Unchecked,Unchecked,Unchecked,Unchecked,Unchecked,Unchecked,Unchecked,Unchecked,Unchecked,Unchecked,Unchecked,Unchecked,Unchecked,Unchecked,Unchecked,Unchecked,Unchecked,Unchecked,Unchecked,Unchecked,Unchecked,Unchecked,Unchecked,Unchecked,Unchecked,Unchecked,Unchecked,Unchecked,Unchecked,Unchecked,Unchecked,Unchecked,Unchecked,Unchecked,Unchecked,Unchecked,Unchecked,Unchecked,Unchecked,Unchecked,Unchecked,Unchecked,Unchecked,Unchecked,Unchecked,Unchecked,Unchecked,Unchecked,Unchecked,Unchecked,Unchecked,Unchecked,Unchecked,Unchecked,Unchecked,Unchecked,Unchecked,Unchecked,Unchecked,Unchecked,Unchecked,Unchecked,Unchecked,,No,,,"Prompt treatment (including scaling) needed",,Complete,Complete
66,,,,,,,,,,,,,,,,,,,,,,,,,,Incomplete,,,,,,,,,,,,,,,,,,,,,,,,,,,,,,,,,,,,,,,,,,,,,,,,,,,,,,,,,,,,,,,,,,,,,,,,,,,,,,,,,,,,,,,,,,,,,,,,,,,,,,,,,,,,,,,,,,,,,,,,,,,,,,,,,,,,,,,,,,,,,,,,,,,,,,,,,,,,,,,,,,,,,,,,,,,,,,,,,,,,,,,,,,,,,,,,,,,,,,,,,,,,,,,,,,,,,,,,,,,,,,,,,,,,,,,,,,,,,,,,,,,,,,,,,,,,,,,,,,,,,,,,,,,,,,,,,,,,,,,,,,,,,,,,,,,,,,,,,,,,,,,,,,,,,,,,,,,,,,,,,,,,,,,,,,,,,,,,
66,Participant,1,,,,,,,,,,,,,,,,,,,,,,,,,19,11,12-15,Male,,,,"हिन्दी (Hindi)",Yes,Yes,"2026-09-03 12:44:34",Ansh,,Chandni,Mother,,Signature,1788418022753.png,1788418071318.png,,Suraj,1788418050967.png,,,,,,"https://www.google.com/maps?q=,",1788418038458.png,No,Unchecked,Unchecked,Unchecked,,Toothbrush,Unchecked,Checked,Unchecked,Unchecked,Unchecked,,Fluoridated,Twice,Twice,Yes,Yes,Unchecked,Unchecked,Unchecked,Unchecked,Unchecked,Unchecked,Unchecked,Unchecked,Unchecked,Checked,Unchecked,,"public facility",,,Unchecked,Unchecked,Unchecked,Unchecked,Unchecked,Unchecked,Unchecked,Unchecked,Unchecked,Average,,"Mixed dentition",,Caries,"No bleeding",Sound,"No bleeding",Sound,"No bleeding",,,,,,,,,Caries,"No bleeding","Missing other","Not recorded","Missing other","Not recorded",Prosthesis,"No bleeding",Sound,"No bleeding",Sound,"No bleeding",,,,,,,,,Sound,"No bleeding",Sound,"No bleeding",Caries,"No bleeding",,,,,,,,,Sound,"No bleeding",,Sound,"No bleeding",,"Both coronal and root caries","No bleeding",,Sound,"No bleeding",,Normal,Sound,"No bleeding",,Normal,Unerupted,"Not recorded",,Normal,Sound,"No bleeding",,"demarcated opacity",Sound,"No bleeding",,Normal,Unerupted,"Not recorded",,"not recorded","Not recorded","Not recorded",,"not recorded","Not recorded","Not recorded",,"not recorded","Not recorded","Not recorded",,Sound,"No bleeding",,Sound,"No bleeding",,,,,,,,"Not recorded","Not recorded",,Sound,"No bleeding",,Normal,"Not recorded","Not recorded",,"Not recorded","Not recorded",,"Not recorded","Not recorded",,"Not recorded","Not recorded",,Sound,"No bleeding",,Sound,"No bleeding",,"Not recorded","Not recorded",,"Not recorded","Not recorded",,"Not recorded","Not recorded",,"Not recorded","Not recorded",,Sound,"No bleeding",,Normal,Unerupted,"Not recorded",,,,,,,,,,,Mild,"No sign",,,,,,"No sign",,,,,,0,0,"Crowding present- Lower","No spacing",0,3,2,4,3,"Half cusp",4,No,Unchecked,Unchecked,Unchecked,Unchecked,Unchecked,Unchecked,Unchecked,Unchecked,Unchecked,Unchecked,Unchecked,Unchecked,Unchecked,Unchecked,Unchecked,Unchecked,Unchecked,Unchecked,Unchecked,Unchecked,Unchecked,Unchecked,Unchecked,Unchecked,Unchecked,Unchecked,Unchecked,Unchecked,Unchecked,Unchecked,Unchecked,Unchecked,Unchecked,Unchecked,Unchecked,Unchecked,Unchecked,Unchecked,Unchecked,Unchecked,Unchecked,Unchecked,Unchecked,Unchecked,Unchecked,Unchecked,Unchecked,Unchecked,Unchecked,Unchecked,Unchecked,Unchecked,Unchecked,Unchecked,Unchecked,Unchecked,Unchecked,Unchecked,Unchecked,Unchecked,Unchecked,Unchecked,Unchecked,Unchecked,Unchecked,Unchecked,Unchecked,Unchecked,Unchecked,Unchecked,Unchecked,Unchecked,,,,,"Immediate (urgent) treatment due to pain or infection of dental and / or oral origin",,Complete,Complete
67,,,,,,,,,,,,,,,,,,,,,,,,,,Incomplete,,,,,,,,,,,,,,,,,,,,,,,,,,,,,,,,,,,,,,,,,,,,,,,,,,,,,,,,,,,,,,,,,,,,,,,,,,,,,,,,,,,,,,,,,,,,,,,,,,,,,,,,,,,,,,,,,,,,,,,,,,,,,,,,,,,,,,,,,,,,,,,,,,,,,,,,,,,,,,,,,,,,,,,,,,,,,,,,,,,,,,,,,,,,,,,,,,,,,,,,,,,,,,,,,,,,,,,,,,,,,,,,,,,,,,,,,,,,,,,,,,,,,,,,,,,,,,,,,,,,,,,,,,,,,,,,,,,,,,,,,,,,,,,,,,,,,,,,,,,,,,,,,,,,,,,,,,,,,,,,,,,,,,,,,,,,,,,,
67,Participant,1,,,,,,,,,,,,,,,,,,,,,,,,,20,14,12-15,Female,,,,,Yes,Yes,"2026-09-05 09:39:40",Pragya,,Harikrishana,Father,,Signature,1788581450265.png,1788581511654.png,,Harender,1788582086519.png,,,,,,"https://www.google.com/maps?q=,",1788582261070.png,No,Unchecked,Unchecked,Unchecked,,Toothbrush,Unchecked,Checked,Unchecked,Unchecked,Unchecked,,Fluoridated,Twice,"Thrice or more",Yes,Yes,Unchecked,Unchecked,Unchecked,Unchecked,Unchecked,Unchecked,Checked,Unchecked,Unchecked,Unchecked,Unchecked,,"public facility",,,Unchecked,Unchecked,Unchecked,Unchecked,Unchecked,Unchecked,Unchecked,Unchecked,Unchecked,Average,,"Permanent only",,,,,,,,,,,,,,,,,,,,,,,,,,,,,,,,,,,,,,,,,,,,,,,,,,"Filled no caries","No bleeding",,Prosthesis,"Not recorded",,Sound,"No bleeding",,Sound,"No bleeding",,Normal,Sound,"No bleeding",,Normal,Sound,"No bleeding",,Normal,Sound,"No bleeding",,Normal,Sound,"No bleeding",,Normal,Sound,"No bleeding",,Normal,Sound,"No bleeding",,Normal,Sound,"No bleeding",,,Sound,Bleeding,,Prosthesis,"Not recorded",,Sound,"No bleeding",,,,,,,,Sound,"No bleeding",,Sound,"No bleeding",,Normal,Sound,"No bleeding",,Sound,"No bleeding",,Sound,"No bleeding",,Sound,"No bleeding",,Sound,"No bleeding",,Sound,"No bleeding",,Sound,"No bleeding",,Sound,"No bleeding",,Sound,"No bleeding",,Sound,"No bleeding",,Sound,"No bleeding",,Normal,Sound,"No bleeding",,,,,,,,,,,Normal,"No sign",,,,,,"No sign",,,,,,0,0,"Crowding present- Upper","No spacing",0,3,2,3,2,"Half cusp",1,No,Unchecked,Unchecked,Unchecked,Unchecked,Unchecked,Unchecked,Unchecked,Unchecked,Unchecked,Unchecked,Unchecked,Unchecked,Unchecked,Unchecked,Unchecked,Unchecked,Unchecked,Unchecked,Unchecked,Unchecked,Unchecked,Unchecked,Unchecked,Unchecked,Unchecked,Unchecked,Unchecked,Unchecked,Unchecked,Unchecked,Unchecked,Unchecked,Unchecked,Unchecked,Unchecked,Unchecked,Unchecked,Unchecked,Unchecked,Unchecked,Unchecked,Unchecked,Unchecked,Unchecked,Unchecked,Unchecked,Unchecked,Unchecked,Unchecked,Unchecked,Unchecked,Unchecked,Unchecked,Unchecked,Unchecked,Unchecked,Unchecked,Unchecked,Unchecked,Unchecked,Unchecked,Unchecked,Unchecked,Unchecked,Unchecked,Unchecked,Unchecked,Unchecked,Unchecked,Unchecked,Unchecked,Unchecked,,,,,"Prompt treatment (including scaling) needed",,Complete,Complete
67,Participant,2,,,,,,,,,,,,,,,,,,,,,,,,,,14,12-15,Female,,,,English,Yes,Yes,"2026-09-05 09:56:41",P,,Harikrishan,Father,,Signature,1788582915520.png,1788582938320.png,,Harender,1788583012410.png,,,,,,"https://www.google.com/maps?q=,",1788582887378.png,,Unchecked,Unchecked,Unchecked,,Toothbrush,Unchecked,Checked,Unchecked,Unchecked,Unchecked,,Fluoridated,Twice,"Thrice or more",No,Yes,Unchecked,Unchecked,Unchecked,Unchecked,Unchecked,Unchecked,Checked,Unchecked,Unchecked,Unchecked,Unchecked,,"public facility",,,Unchecked,Unchecked,Unchecked,Unchecked,Unchecked,Unchecked,Unchecked,Unchecked,Unchecked,Average,,"Permanent only",,,,,,,,,,,,,,,,,,,,,,,,,,,,,,,,,,,,,,,,,,,,,,,,,,Sound,"No bleeding",,"Not recorded","Not recorded",,Sound,"No bleeding",,Sound,"No bleeding",,Normal,Sound,"No bleeding",,Normal,Sound,"No bleeding",,Normal,Sound,"No bleeding",,"demarcated opacity",Sound,"No bleeding",,Normal,Sound,"No bleeding",,Normal,Sound,"No bleeding",,Normal,Sound,"No bleeding",,Normal,Sound,"No bleeding",,"Not recorded","Not recorded",,"Not recorded","Not recorded",,,,,,,,Sound,"No bleeding",,Sound,"No bleeding",,Normal,Sound,"No bleeding",,Sound,"No bleeding",,Sound,"No bleeding",,Sound,"No bleeding",,Sound,"No bleeding",,Sound,"No bleeding",,Sound,"No bleeding",,Sound,"No bleeding",,Sound,"No bleeding",,Sound,"No bleeding",,"Coronal caries","No bleeding",,Normal,Sound,"No bleeding",,,,,,,,,,,Normal,"No sign",,,,,,"No sign",,,,,,0,0,"Crowding present in Upper and Lower arches","No spacing",0,4,1,7,0,"Half cusp",0,No,Unchecked,Unchecked,Unchecked,Unchecked,Unchecked,Unchecked,Unchecked,Unchecked,Unchecked,Unchecked,Unchecked,Unchecked,Unchecked,Unchecked,Unchecked,Unchecked,Unchecked,Unchecked,Unchecked,Unchecked,Unchecked,Unchecked,Unchecked,Unchecked,Unchecked,Unchecked,Unchecked,Unchecked,Unchecked,Unchecked,Unchecked,Unchecked,Unchecked,Unchecked,Unchecked,Unchecked,Unchecked,Unchecked,Unchecked,Unchecked,Unchecked,Unchecked,Unchecked,Unchecked,Unchecked,Unchecked,Unchecked,Unchecked,Unchecked,Unchecked,Unchecked,Unchecked,Unchecked,Unchecked,Unchecked,Unchecked,Unchecked,Unchecked,Unchecked,Unchecked,Unchecked,Unchecked,Unchecked,Unchecked,Unchecked,Unchecked,Unchecked,Unchecked,Unchecked,Unchecked,Unchecked,Unchecked,,,,,"Prompt treatment (including scaling) needed",,Complete,Complete
68,,,,,,,,,,,,,,,,,,,,,,,,,,Incomplete,,,,,,,,,,,,,,,,,,,,,,,,,,,,,,,,,,,,,,,,,,,,,,,,,,,,,,,,,,,,,,,,,,,,,,,,,,,,,,,,,,,,,,,,,,,,,,,,,,,,,,,,,,,,,,,,,,,,,,,,,,,,,,,,,,,,,,,,,,,,,,,,,,,,,,,,,,,,,,,,,,,,,,,,,,,,,,,,,,,,,,,,,,,,,,,,,,,,,,,,,,,,,,,,,,,,,,,,,,,,,,,,,,,,,,,,,,,,,,,,,,,,,,,,,,,,,,,,,,,,,,,,,,,,,,,,,,,,,,,,,,,,,,,,,,,,,,,,,,,,,,,,,,,,,,,,,,,,,,,,,,,,,,,,,,,,,,,,
68,Participant,1,,,,,,,,,,,,,,,,,,,,,,,,,18,13,12-15,Female,,,,"हिन्दी (Hindi)",Yes,Yes,"2026-09-05 09:43:01",Vagisha,,"Raju kumar",Father,,Signature,1788581608117.png,,,Akhilesh,1788582652695.png,,,28.5657755,77.2130309,,"https://www.google.com/maps?q=28.5657755,77.2130309",1788581614449.png,No,Unchecked,Unchecked,Unchecked,,Toothbrush,Unchecked,Checked,Unchecked,Unchecked,Unchecked,,Non-fluoridated,Once,"Thrice or more",Yes,Yes,Unchecked,Unchecked,Unchecked,Checked,Unchecked,Unchecked,Checked,Unchecked,Unchecked,Unchecked,Unchecked,,"public facility",,,Unchecked,Unchecked,Unchecked,Unchecked,Unchecked,Unchecked,Unchecked,Unchecked,Unchecked,Average,,"Permanent only",,,,,,,,,,,,,,,,,,,,,,,,,,,,,,,,,,,,,,,,,,,,,,,,,,Sound,"No bleeding",,Sound,"No bleeding",,Sound,Bleeding,,Sound,"No bleeding",,Normal,Sound,"No bleeding",,Normal,Sound,"No bleeding",,Normal,"Filled no caries","No bleeding",,Normal,Sound,"No bleeding",,Normal,Sound,"No bleeding",,Normal,Sound,"No bleeding",,Normal,Sound,"No bleeding",,Normal,Sound,"No bleeding",,Sound,"No bleeding",,Sound,"No bleeding",,,,,,,,"Coronal caries","No bleeding",,Sound,"No bleeding",,Normal,Sound,"No bleeding",,Sound,"No bleeding",,Sound,"No bleeding",,Sound,Bleeding,,Sound,Bleeding,,Sound,Bleeding,,Sound,Bleeding,,Sound,Bleeding,,Sound,"No bleeding",,Sound,"No bleeding",,"Coronal caries","No bleeding",,Normal,"Coronal caries","No bleeding",,,,,,,,,,,Normal,"No sign",,,,,,"No sign",,,,,,0,0,"Crowding present- Lower","No spacing",0,1,2,2,0,"Half cusp",0,No,Unchecked,Unchecked,Unchecked,Unchecked,Unchecked,Unchecked,Unchecked,Unchecked,Unchecked,Unchecked,Unchecked,Unchecked,Unchecked,Unchecked,Unchecked,Unchecked,Unchecked,Unchecked,Unchecked,Unchecked,Unchecked,Unchecked,Unchecked,Unchecked,Unchecked,Unchecked,Unchecked,Unchecked,Unchecked,Unchecked,Unchecked,Unchecked,Unchecked,Unchecked,Unchecked,Unchecked,Unchecked,Unchecked,Unchecked,Unchecked,Unchecked,Unchecked,Unchecked,Unchecked,Unchecked,Unchecked,Unchecked,Unchecked,Unchecked,Unchecked,Unchecked,Unchecked,Unchecked,Unchecked,Unchecked,Unchecked,Unchecked,Unchecked,Unchecked,Unchecked,Unchecked,Unchecked,Unchecked,Unchecked,Unchecked,Unchecked,Unchecked,Unchecked,Unchecked,Unchecked,Unchecked,Unchecked,,,,,"Prompt treatment (including scaling) needed",,Complete,Complete
68,Participant,2,,,,,,,,,,,,,,,,,,,,,,,,,,13,12-15,Female,,,,English,Yes,Yes,"2026-09-05 10:08:40",Vagisha,,"Raju kumar",Father,,Signature,1788583769249.png,,,,,,,28.5657755,77.2130309,,"https://www.google.com/maps?q=28.5657755,77.2130309",1788583711251.png,No,Unchecked,Unchecked,Unchecked,,Toothbrush,Unchecked,Checked,Unchecked,Unchecked,Unchecked,,Non-fluoridated,Once,"Thrice or more",Yes,Yes,Checked,Unchecked,Unchecked,Unchecked,Unchecked,Unchecked,Checked,Unchecked,Unchecked,Unchecked,Unchecked,,"public facility",,,Unchecked,Unchecked,Unchecked,Unchecked,Unchecked,Unchecked,Unchecked,Unchecked,Unchecked,Average,,"Permanent only",,,,,,,,,,,,,,,,,,,,,,,,,,,,,,,,,,,,,,,,,,,,,,,,,,Sound,"No bleeding",,Sound,"No bleeding",,Sound,"No bleeding",,Sound,"No bleeding",,Normal,Sound,"No bleeding",,Normal,Sound,"No bleeding",,Normal,Sound,"No bleeding",,Normal,Sound,"No bleeding",,Normal,Sound,"No bleeding",,Normal,Sound,"No bleeding",,Normal,Sound,"No bleeding",,Normal,Sound,"No bleeding",,Sound,"No bleeding",,Sound,"No bleeding",,,,,,,,"Coronal caries","No bleeding",,Sound,"No bleeding",,Normal,Sound,"No bleeding",,Sound,"No bleeding",,Sound,"No bleeding",,Sound,"No bleeding",,Sound,"No bleeding",,Sound,"No bleeding",,Sound,"No bleeding",,Sound,"No bleeding",,Sound,"No bleeding",,Sound,"No bleeding",,Sound,"No bleeding",,Normal,"Coronal caries","No bleeding",,,,,,,,,,,Normal,"No sign",,,,,,"Treated injury",1,,,,,0,0,"Crowding present in Upper and Lower arches","No spacing",0,1,2,3,0,"Half cusp",0,No,Unchecked,Unchecked,Unchecked,Unchecked,Unchecked,Unchecked,Unchecked,Unchecked,Unchecked,Unchecked,Unchecked,Unchecked,Unchecked,Unchecked,Unchecked,Unchecked,Unchecked,Unchecked,Unchecked,Unchecked,Unchecked,Unchecked,Unchecked,Unchecked,Unchecked,Unchecked,Unchecked,Unchecked,Unchecked,Unchecked,Unchecked,Unchecked,Unchecked,Unchecked,Unchecked,Unchecked,Unchecked,Unchecked,Unchecked,Unchecked,Unchecked,Unchecked,Unchecked,Unchecked,Unchecked,Unchecked,Unchecked,Unchecked,Unchecked,Unchecked,Unchecked,Unchecked,Unchecked,Unchecked,Unchecked,Unchecked,Unchecked,Unchecked,Unchecked,Unchecked,Unchecked,Unchecked,Unchecked,Unchecked,Unchecked,Unchecked,Unchecked,Unchecked,Unchecked,Unchecked,Unchecked,Unchecked,,,,,"Prompt treatment (including scaling) needed",,,Complete
69,,,,,,,,,,,,,,,,,,,,,,,,,,Incomplete,,,,,,,,,,,,,,,,,,,,,,,,,,,,,,,,,,,,,,,,,,,,,,,,,,,,,,,,,,,,,,,,,,,,,,,,,,,,,,,,,,,,,,,,,,,,,,,,,,,,,,,,,,,,,,,,,,,,,,,,,,,,,,,,,,,,,,,,,,,,,,,,,,,,,,,,,,,,,,,,,,,,,,,,,,,,,,,,,,,,,,,,,,,,,,,,,,,,,,,,,,,,,,,,,,,,,,,,,,,,,,,,,,,,,,,,,,,,,,,,,,,,,,,,,,,,,,,,,,,,,,,,,,,,,,,,,,,,,,,,,,,,,,,,,,,,,,,,,,,,,,,,,,,,,,,,,,,,,,,,,,,,,,,,,,,,,,,,
69,Participant,1,,,,,,,,,,,,,,,,,,,,,,,,,19,37,35-44,Female,,"Graduate or higher","Administrative, Executive And Managerial Workers, N.E.C.","हिन्दी (Hindi)",,Yes,"2026-09-05 10:22:32",Rakhi,,,,,Signature,1788583975228.png,,,Akhilesh,1788584002533.png,,,28.5657755,77.2130309,,"https://www.google.com/maps?q=28.5657755,77.2130309",1788584012683.png,No,Unchecked,Unchecked,Unchecked,No,Toothbrush,Unchecked,Checked,Unchecked,Unchecked,Unchecked,,Non-fluoridated,Twice,"Thrice or more",Yes,Yes,Checked,Unchecked,Unchecked,Checked,Unchecked,Unchecked,Unchecked,Unchecked,Unchecked,Unchecked,Unchecked,,"public facility",,10000,Unchecked,Unchecked,Unchecked,Unchecked,Unchecked,Unchecked,Unchecked,Unchecked,Unchecked,Average,,,,,,,,,,,,,,,,,,,,,,,,,,,,,,,,,,,,,,,,,,,,,,,,,Unerupted,"Not recorded","Not recorded",Sound,"No bleeding","No pocket",Sound,"No bleeding","No pocket",Sound,"No bleeding","No pocket",Sound,"No bleeding","No pocket","diffuse opacity",Sound,"No bleeding","No pocket","diffuse opacity",Sound,"No bleeding","No pocket",Normal,Sound,"No bleeding","No pocket","diffuse opacity",Sound,"No bleeding","No pocket",Normal,Sound,Bleeding,"No pocket",Normal,Sound,"No bleeding","No pocket",Normal,Sound,"No bleeding","No pocket",Normal,"Filled no caries","No bleeding","No pocket",Prosthesis,"No bleeding","No pocket",Sound,"No bleeding","No pocket","Missing other","Not recorded","Not recorded","Coronal caries",Bleeding,"No pocket","Filled no caries","No bleeding","No pocket",Prosthesis,"No bleeding","No pocket","not recorded",Sound,"No bleeding","No pocket",Sound,Bleeding,"No pocket",Sound,Bleeding,"No pocket",Sound,"No bleeding","No pocket",Sound,Bleeding,"Pocket of 4-5 mm",Sound,"No bleeding","Pocket of 4-5 mm",Sound,"No bleeding","No pocket",Sound,"No bleeding","No pocket",Sound,Bleeding,"No pocket",Sound,"No bleeding","No pocket","Missing due to caries","Not recorded","Not recorded","not recorded","Filled with caries","No bleeding","No pocket",Unerupted,"Not recorded","Not recorded","0-3 mm","0-3 mm","0-3 mm","0-3 mm","4-5 mm Cemento-enamel Junction (CEJ) within black band","0-3 mm","Very mild","Enamel erosion",,Present,10,Present,10,"No sign",,No,No,No,No,0,0,"Crowding present in Upper and Lower arches","No spacing",0,2,3,6,5,"Full cusp",0,No,Unchecked,Unchecked,Unchecked,Unchecked,Unchecked,Unchecked,Unchecked,Unchecked,Unchecked,Unchecked,Unchecked,Unchecked,Unchecked,Unchecked,Unchecked,Unchecked,Unchecked,Unchecked,Unchecked,Unchecked,Unchecked,Unchecked,Unchecked,Unchecked,Unchecked,Unchecked,Unchecked,Unchecked,Unchecked,Unchecked,Unchecked,Unchecked,Unchecked,Unchecked,Unchecked,Unchecked,Unchecked,Unchecked,Unchecked,Unchecked,Unchecked,Unchecked,Unchecked,Unchecked,Unchecked,Unchecked,Unchecked,Unchecked,Unchecked,Unchecked,Unchecked,Unchecked,Unchecked,Unchecked,Unchecked,Unchecked,Unchecked,Unchecked,Unchecked,Unchecked,Unchecked,Unchecked,Unchecked,Unchecked,Unchecked,Unchecked,Unchecked,Unchecked,Unchecked,Unchecked,Unchecked,Unchecked,,Yes,others,others,"Prompt treatment (including scaling) needed",,Complete,Complete
69,Participant,2,,,,,,,,,,,,,,,,,,,,,,,,,22,37,35-44,Female,,"Graduate or higher","Administrative, Executive And Managerial Workers, N.E.C.",English,,Yes,"2026-09-05 11:03:57",Rakhi,,,,,Signature,1788585723419.png,,,Akhilesh,1788586518528.png,,,28.5657755,77.2130309,,"https://www.google.com/maps?q=28.5657755,77.2130309",1788586500874.png,,Unchecked,Unchecked,Unchecked,,,Unchecked,Unchecked,Unchecked,Unchecked,Unchecked,,,,,,,Unchecked,Unchecked,Unchecked,Unchecked,Unchecked,Unchecked,Unchecked,Unchecked,Unchecked,Unchecked,Unchecked,,,,,Unchecked,Unchecked,Unchecked,Unchecked,Unchecked,Unchecked,Unchecked,Unchecked,Unchecked,,,,,,,,,,,,,,,,,,,,,,,,,,,,,,,,,,,,,,,,,,,,,,,,,,,,,"Coronal caries","No bleeding","No pocket","Coronal caries","No bleeding","No pocket",Sound,"No bleeding","No pocket",Sound,"No bleeding","No pocket",Normal,Sound,"No bleeding","No pocket",Normal,Sound,"No bleeding","No pocket",Normal,Sound,"No bleeding","No pocket",Normal,Sound,"No bleeding","No pocket",Normal,Sound,"No bleeding","No pocket",Normal,Sound,"No bleeding","No pocket",Normal,Sound,"No bleeding","No pocket",Normal,"Filled no caries","No bleeding","No pocket","Filled no caries","Not recorded","Not recorded","Coronal caries","No bleeding","No pocket",Unerupted,"No bleeding","No pocket","Coronal caries","No bleeding","No pocket","Coronal caries","No bleeding","No pocket","Filled no caries","Not recorded","Not recorded",Normal,Sound,"No bleeding","No pocket",Sound,"No bleeding","No pocket",Sound,"No bleeding","No pocket",Sound,"No bleeding","No pocket",Sound,"No bleeding","No pocket",Sound,"No bleeding","No pocket",Sound,"No bleeding","No pocket",Sound,"No bleeding","No pocket",Sound,"No bleeding","No pocket",Sound,"No bleeding","No pocket","Missing due to caries","Not recorded","Not recorded","not recorded","Filled no caries","No bleeding","No pocket",Unerupted,"Not recorded","Not recorded","0-3 mm","0-3 mm","0-3 mm","0-3 mm","4-5 mm Cemento-enamel Junction (CEJ) within black band","4-5 mm Cemento-enamel Junction (CEJ) within black band","Very mild","No sign",,Present,3,Present,6,"No sign",,No,No,No,No,0,0,"Crowding present in Upper and Lower arches","No spacing",0,2,2,7,0,"Half cusp",0,No,Unchecked,Unchecked,Unchecked,Unchecked,Unchecked,Unchecked,Unchecked,Unchecked,Unchecked,Unchecked,Unchecked,Unchecked,Unchecked,Unchecked,Unchecked,Unchecked,Unchecked,Unchecked,Unchecked,Unchecked,Unchecked,Unchecked,Unchecked,Unchecked,Unchecked,Unchecked,Unchecked,Unchecked,Unchecked,Unchecked,Unchecked,Unchecked,Unchecked,Unchecked,Unchecked,Unchecked,Unchecked,Unchecked,Unchecked,Unchecked,Unchecked,Unchecked,Unchecked,Unchecked,Unchecked,Unchecked,Unchecked,Unchecked,Unchecked,Unchecked,Unchecked,Unchecked,Unchecked,Unchecked,Unchecked,Unchecked,Unchecked,Unchecked,Unchecked,Unchecked,Unchecked,Unchecked,Unchecked,Unchecked,Unchecked,Unchecked,Unchecked,Unchecked,Unchecked,Unchecked,Unchecked,Unchecked,,No,,,"Prompt treatment (including scaling) needed",,Complete,Complete
70,,,,,,,,,,,,,,,,,,,,,,,,,,Incomplete,,,,,,,,,,,,,,,,,,,,,,,,,,,,,,,,,,,,,,,,,,,,,,,,,,,,,,,,,,,,,,,,,,,,,,,,,,,,,,,,,,,,,,,,,,,,,,,,,,,,,,,,,,,,,,,,,,,,,,,,,,,,,,,,,,,,,,,,,,,,,,,,,,,,,,,,,,,,,,,,,,,,,,,,,,,,,,,,,,,,,,,,,,,,,,,,,,,,,,,,,,,,,,,,,,,,,,,,,,,,,,,,,,,,,,,,,,,,,,,,,,,,,,,,,,,,,,,,,,,,,,,,,,,,,,,,,,,,,,,,,,,,,,,,,,,,,,,,,,,,,,,,,,,,,,,,,,,,,,,,,,,,,,,,,,,,,,,,
70,Participant,1,,,,,,,,,,,,,,,,,,,,,,,,,11,44,35-44,Female,,"Graduate or higher","Housewife or homemaker",English,,Yes,"2026-09-05 10:45:57",Archana,,,,,Signature,1788585389797.png,,,Harender,1788585420393.png,,,,,,"https://www.google.com/maps?q=,",1788585430674.png,No,Unchecked,Unchecked,Unchecked,No,Toothbrush,Unchecked,Checked,Unchecked,Unchecked,Unchecked,,Fluoridated,Once,"Thrice or more",No,No,Unchecked,Unchecked,Unchecked,Unchecked,Unchecked,Unchecked,Unchecked,Unchecked,Unchecked,Unchecked,Unchecked,,,,,Unchecked,Unchecked,Unchecked,Checked,Checked,Checked,Unchecked,Checked,Unchecked,Average,,,,,,,,,,,,,,,,,,,,,,,,,,,,,,,,,,,,,,,,,,,,,,,,,Sound,Bleeding,"No pocket",Sound,"No bleeding","No pocket",Sound,Bleeding,"No pocket",Sound,"No bleeding","No pocket",Sound,"No bleeding","No pocket",Normal,Sound,"No bleeding","No pocket",Normal,Sound,"No bleeding","No pocket",Normal,Sound,"No bleeding","No pocket",Normal,Sound,"No bleeding","No pocket",Normal,Sound,"No bleeding","No pocket",Normal,Sound,"No bleeding","No pocket",Normal,Sound,"No bleeding","No pocket",Normal,Sound,"No bleeding","No pocket",Sound,Bleeding,"No pocket",Sound,Bleeding,"No pocket","Not recorded","Not recorded","Not recorded","Not recorded","Not recorded","Not recorded",Sound,"No bleeding","No pocket",Sound,"No bleeding","No pocket",Normal,Sound,Bleeding,"No pocket",Sound,Bleeding,"No pocket",Sound,"No bleeding","No pocket",Sound,"No bleeding","No pocket",Sound,"No bleeding","No pocket",Sound,"No bleeding","No pocket",Sound,"No bleeding","No pocket",Sound,"No bleeding","No pocket",Sound,"No bleeding","No pocket",Sound,"No bleeding","No pocket",Sound,"No bleeding","No pocket",Normal,Sound,"No bleeding","No pocket",Sound,"No bleeding","No pocket","0-3 mm","0-3 mm","0-3 mm","0-3 mm","0-3 mm","0-3 mm",Normal,"No sign",,Absent,,Absent,,"No sign",,No,No,No,No,0,0,"No crowding","No spacing",0,1,0,2,0,Normal,0,No,Unchecked,Unchecked,Unchecked,Unchecked,Unchecked,Unchecked,Unchecked,Unchecked,Unchecked,Unchecked,Unchecked,Unchecked,Unchecked,Unchecked,Unchecked,Unchecked,Unchecked,Unchecked,Unchecked,Unchecked,Unchecked,Unchecked,Unchecked,Unchecked,Unchecked,Unchecked,Unchecked,Unchecked,Unchecked,Unchecked,Unchecked,Unchecked,Unchecked,Unchecked,Unchecked,Unchecked,Unchecked,Unchecked,Unchecked,Unchecked,Unchecked,Unchecked,Unchecked,Unchecked,Unchecked,Unchecked,Unchecked,Unchecked,Unchecked,Unchecked,Unchecked,Unchecked,Unchecked,Unchecked,Unchecked,Unchecked,Unchecked,Unchecked,Unchecked,Unchecked,Unchecked,Unchecked,Unchecked,Unchecked,Unchecked,Unchecked,Unchecked,Unchecked,Unchecked,Unchecked,Unchecked,Unchecked,,No,,,"Prompt treatment (including scaling) needed",,Complete,Complete
70,Participant,2,,,,,,,,,,,,,,,,,,,,,,,,,,42,35-44,Female,,"Graduate or higher","Housewife or homemaker",,,Yes,"2026-09-05 11:09:31",Archana,,,,,Signature,1788587335903.png,,,"Anup kumar",1788587364127.png,,,,,,"https://www.google.com/maps?q=,",1788587323774.png,No,Unchecked,Unchecked,Unchecked,No,Toothbrush,Unchecked,Checked,Unchecked,Unchecked,Unchecked,,Fluoridated,Once,"Thrice or more",Yes,No,Unchecked,Unchecked,Unchecked,Unchecked,Unchecked,Unchecked,Unchecked,Unchecked,Unchecked,Unchecked,Unchecked,,,,,Unchecked,Unchecked,Unchecked,Unchecked,Unchecked,Checked,Unchecked,Checked,Unchecked,Average,,,,,,,,,,,,,,,,,,,,,,,,,,,,,,,,,,,,,,,,,,,,,,,,,"Coronal caries","No bleeding","No pocket",Sound,"No bleeding","No pocket",Sound,"No bleeding","No pocket",Sound,"No bleeding","No pocket",Sound,"No bleeding","No pocket",Normal,Sound,"No bleeding","No pocket",Normal,Sound,"No bleeding","No pocket",Normal,Sound,"No bleeding","No pocket",Normal,Sound,"No bleeding","No pocket",Normal,Sound,"No bleeding","No pocket",Normal,Sound,"No bleeding","No pocket",Normal,Sound,"No bleeding","No pocket",Normal,Sound,"No bleeding","No pocket",,"No bleeding","No pocket","Coronal caries","No bleeding","No pocket","Coronal caries","No bleeding","No pocket",Unerupted,"Not recorded","Not recorded","Coronal caries","No bleeding","No pocket","Coronal caries","No bleeding","No pocket",Normal,Sound,Bleeding,"No pocket",Sound,"No bleeding","No pocket",Sound,"No bleeding","No pocket",Sound,"No bleeding","No pocket",Sound,"No bleeding","No pocket",Sound,"No bleeding","No pocket",Sound,"No bleeding","No pocket",Sound,"No bleeding","No pocket",Sound,"No bleeding","No pocket",Sound,"No bleeding","No pocket","Coronal caries","No bleeding","No pocket",Normal,"Coronal caries","No bleeding","No pocket",Unerupted,"Not recorded","Not recorded","0-3 mm","0-3 mm","0-3 mm","0-3 mm","4-5 mm Cemento-enamel Junction (CEJ) within black band","0-3 mm",Normal,"No sign",,Present,3,Present,6,"Enamel fracture only",1,No,No,No,No,0,0,"No crowding","No spacing",0,0,0,2,0,Normal,0,No,Unchecked,Unchecked,Unchecked,Unchecked,Unchecked,Unchecked,Unchecked,Unchecked,Unchecked,Unchecked,Unchecked,Unchecked,Unchecked,Unchecked,Unchecked,Unchecked,Unchecked,Unchecked,Unchecked,Unchecked,Unchecked,Unchecked,Unchecked,Unchecked,Unchecked,Unchecked,Unchecked,Unchecked,Unchecked,Unchecked,Unchecked,Unchecked,Unchecked,Unchecked,Unchecked,Unchecked,Unchecked,Unchecked,Unchecked,Unchecked,Unchecked,Unchecked,Unchecked,Unchecked,Unchecked,Unchecked,Unchecked,Unchecked,Unchecked,Unchecked,Unchecked,Unchecked,Unchecked,Unchecked,Unchecked,Unchecked,Unchecked,Unchecked,Unchecked,Unchecked,Unchecked,Unchecked,Unchecked,Unchecked,Unchecked,Unchecked,Unchecked,Unchecked,Unchecked,Unchecked,Unchecked,Unchecked,,No,,,"Prompt treatment (including scaling) needed",,Complete,Complete
71,,,,,,,,,,,,,,,,,,,,,,,,,,Incomplete,,,,,,,,,,,,,,,,,,,,,,,,,,,,,,,,,,,,,,,,,,,,,,,,,,,,,,,,,,,,,,,,,,,,,,,,,,,,,,,,,,,,,,,,,,,,,,,,,,,,,,,,,,,,,,,,,,,,,,,,,,,,,,,,,,,,,,,,,,,,,,,,,,,,,,,,,,,,,,,,,,,,,,,,,,,,,,,,,,,,,,,,,,,,,,,,,,,,,,,,,,,,,,,,,,,,,,,,,,,,,,,,,,,,,,,,,,,,,,,,,,,,,,,,,,,,,,,,,,,,,,,,,,,,,,,,,,,,,,,,,,,,,,,,,,,,,,,,,,,,,,,,,,,,,,,,,,,,,,,,,,,,,,,,,,,,,,,,
71,Participant,1,,,,,,,,,,,,,,,,,,,,,,,,,15,38,35-44,Male,,"Graduate or higher","Professional Workers, N.E.C.",English,,Yes,"2026-09-05 11:38:09","Shashikant sharma",,,,,Signature,1788589404823.png,,,Ritik,1788589410025.png,,,28.5657744,77.2128521,,"https://www.google.com/maps?q=28.5657744,77.2128521",1788589576968.png,No,Unchecked,Unchecked,Unchecked,Yes,Toothbrush,Unchecked,Checked,Unchecked,Unchecked,Unchecked,,Fluoridated,Once,Twice,Yes,Yes,Unchecked,Unchecked,Unchecked,Unchecked,Unchecked,Unchecked,Unchecked,Checked,Unchecked,Unchecked,Checked,,"public facility",,,Unchecked,Unchecked,Unchecked,Unchecked,Unchecked,Unchecked,Unchecked,Unchecked,Unchecked,Average,,,,,,,,,,,,,,,,,,,,,,,,,,,,,,,,,,,,,,,,,,,,,,,,,Sound,"No bleeding","No pocket",Sound,"No bleeding","No pocket",Sound,"No bleeding","No pocket",Sound,"No bleeding","No pocket",Sound,"No bleeding","No pocket",Normal,"Root caries","No bleeding","No pocket",Normal,Sound,"No bleeding","No pocket",Normal,"Not recorded","Not recorded","Not recorded","not recorded","Filled with caries","No bleeding","No pocket",Normal,Sound,"No bleeding","No pocket",Normal,Sound,"No bleeding","No pocket",Normal,Sound,"No bleeding","No pocket",Normal,Sound,"No bleeding","No pocket",Sound,"No bleeding","No pocket",Sound,"No bleeding","No pocket",Sound,"No bleeding","No pocket",Sound,"No bleeding","No pocket",Sound,"No bleeding","No pocket","Missing other","Not recorded","Not recorded",Normal,Sound,"No bleeding","No pocket",Sound,"No bleeding","No pocket",Sound,"No bleeding","No pocket",Sound,"No bleeding","No pocket",Sound,"No bleeding","No pocket",Sound,"No bleeding","No pocket",Sound,"No bleeding","No pocket",Sound,"No bleeding","No pocket",Sound,"No bleeding","No pocket",Sound,"No bleeding","No pocket",Sound,"No bleeding","No pocket",Normal,Sound,"No bleeding","No pocket",Sound,"No bleeding","No pocket","0-3 mm","0-3 mm","0-3 mm","0-3 mm","0-3 mm","0-3 mm",Normal,"No sign",,Absent,,Present,12,"Missing due to trauma",2,No,No,No,No,0,0,"Crowding present- Lower","No spacing",0,0,0,2,0,Normal,0,No,Unchecked,Unchecked,Unchecked,Unchecked,Unchecked,Unchecked,Unchecked,Unchecked,Unchecked,Unchecked,Unchecked,Unchecked,Unchecked,Unchecked,Unchecked,Unchecked,Unchecked,Unchecked,Unchecked,Unchecked,Unchecked,Unchecked,Unchecked,Unchecked,Unchecked,Unchecked,Unchecked,Unchecked,Unchecked,Unchecked,Unchecked,Unchecked,Unchecked,Unchecked,Unchecked,Unchecked,Unchecked,Unchecked,Unchecked,Unchecked,Unchecked,Unchecked,Unchecked,Unchecked,Unchecked,Unchecked,Unchecked,Unchecked,Unchecked,Unchecked,Unchecked,Unchecked,Unchecked,Unchecked,Unchecked,Unchecked,Unchecked,Unchecked,Unchecked,Unchecked,Unchecked,Unchecked,Unchecked,Unchecked,Unchecked,Unchecked,Unchecked,Unchecked,Unchecked,Unchecked,Unchecked,Unchecked,,No,,,"Immediate (urgent) treatment due to pain or infection of dental and / or oral origin",,Complete,Complete
71,Participant,2,,,,,,,,,,,,,,,,,,,,,,,,,15,39,35-44,Male,,"Graduate or higher","Professional Workers, N.E.C.",English,,Yes,"2026-09-05 11:58:13",Shashikant,,,,,Signature,1788589712449.png,,,Ritik,1788589867327.png,,,28.5657696,77.212828,,"https://www.google.com/maps?q=28.5657696,77.212828",1788589873237.png,No,Unchecked,Unchecked,Unchecked,No,Toothbrush,Unchecked,Checked,Unchecked,Unchecked,Unchecked,,Fluoridated,Once,Twice,Yes,Yes,Unchecked,Unchecked,Unchecked,Unchecked,Unchecked,Unchecked,Unchecked,Checked,Unchecked,Unchecked,Unchecked,,"public facility",,,Unchecked,Unchecked,Unchecked,Unchecked,Unchecked,Unchecked,Unchecked,Unchecked,Unchecked,Average,,,,,,,,,,,,,,,,,,,,,,,,,,,,,,,,,,,,,,,,,,,,,,,,,Sound,"No bleeding","No pocket",Sound,"No bleeding","No pocket",Sound,"No bleeding","No pocket",Sound,"No bleeding","No pocket",Sound,"No bleeding","No pocket",Normal,Sound,"No bleeding","No pocket",Normal,"Not recorded","Not recorded","Not recorded","not recorded",Sound,"No bleeding","No pocket",Normal,"Filled with caries","No bleeding","No pocket",Normal,Sound,"No bleeding","No pocket",Normal,Sound,"No bleeding","No pocket",Normal,Sound,"No bleeding","No pocket",Normal,Sound,"No bleeding","No pocket",Sound,"No bleeding","No pocket",Sound,"No bleeding","No pocket",Sound,"No bleeding","No pocket",Sound,"No bleeding","No pocket",Sound,"No bleeding","No pocket","Missing other","Not recorded","Not recorded","not recorded",Sound,"No bleeding","No pocket",Sound,"No bleeding","No pocket",Sound,"No bleeding","No pocket",Sound,"No bleeding","No pocket",Sound,"No bleeding","No pocket",Sound,"No bleeding","No pocket",Sound,"No bleeding","No pocket",Sound,"No bleeding","No pocket",Sound,"No bleeding","No pocket",Sound,"No bleeding","No pocket",Sound,"No bleeding","No pocket",Normal,Sound,"No bleeding","No pocket",Sound,"No bleeding","No pocket","0-3 mm","0-3 mm","0-3 mm","0-3 mm","0-3 mm","0-3 mm",Mild,"No sign",,Absent,,Present,10,"Missing due to trauma",2,No,No,No,No,0,0,"No crowding","Spacing present- Lower",0,0,0,2,0,Normal,0,No,Unchecked,Unchecked,Unchecked,Unchecked,Unchecked,Unchecked,Unchecked,Unchecked,Unchecked,Unchecked,Unchecked,Unchecked,Unchecked,Unchecked,Unchecked,Unchecked,Unchecked,Unchecked,Unchecked,Unchecked,Unchecked,Unchecked,Unchecked,Unchecked,Unchecked,Unchecked,Unchecked,Unchecked,Unchecked,Unchecked,Unchecked,Unchecked,Unchecked,Unchecked,Unchecked,Unchecked,Unchecked,Unchecked,Unchecked,Unchecked,Unchecked,Unchecked,Unchecked,Unchecked,Unchecked,Unchecked,Unchecked,Unchecked,Unchecked,Unchecked,Unchecked,Unchecked,Unchecked,Unchecked,Unchecked,Unchecked,Unchecked,Unchecked,Unchecked,Unchecked,Unchecked,Unchecked,Unchecked,Unchecked,Unchecked,Unchecked,Unchecked,Unchecked,Unchecked,Unchecked,Unchecked,Unchecked,,No,,,"Immediate (urgent) treatment due to pain or infection of dental and / or oral origin",,Complete,Complete
72,,,,,,,,,,,,,,,,,,,,,,,,,,Incomplete,,,,,,,,,,,,,,,,,,,,,,,,,,,,,,,,,,,,,,,,,,,,,,,,,,,,,,,,,,,,,,,,,,,,,,,,,,,,,,,,,,,,,,,,,,,,,,,,,,,,,,,,,,,,,,,,,,,,,,,,,,,,,,,,,,,,,,,,,,,,,,,,,,,,,,,,,,,,,,,,,,,,,,,,,,,,,,,,,,,,,,,,,,,,,,,,,,,,,,,,,,,,,,,,,,,,,,,,,,,,,,,,,,,,,,,,,,,,,,,,,,,,,,,,,,,,,,,,,,,,,,,,,,,,,,,,,,,,,,,,,,,,,,,,,,,,,,,,,,,,,,,,,,,,,,,,,,,,,,,,,,,,,,,,,,,,,,,,
72,Participant,1,,,,,,,,,,,,,,,,,,,,,,,,,16,68,65-74,Male,,Middle,"Tailors, Dress Makers, Sewers, Upholsterers & Related Workers","हिन्दी (Hindi)",,Yes,"2026-09-05 10:57:32","Naresh kumar",,,,,Signature,1788586630172.png,,,Ritik,1788586640637.png,,,,,,"https://www.google.com/maps?q=,",1788586649753.png,No,Unchecked,Unchecked,Unchecked,No,Toothbrush,Unchecked,Checked,Unchecked,Unchecked,Unchecked,,Fluoridated,Once,Twice,Yes,Yes,Unchecked,Unchecked,Unchecked,Unchecked,Checked,Unchecked,Unchecked,Unchecked,Unchecked,Unchecked,Unchecked,,"public facility",,,Unchecked,Unchecked,Unchecked,Unchecked,Unchecked,Unchecked,Unchecked,Unchecked,Unchecked,Good,,,"All teeth / partially edentulous",,,,,,,,,,,,,,,,,,,,,,,,,,,,,,,,,,,,,,,,,,,,,,"Missing due to caries","Not recorded","Not recorded","Not recorded","Not recorded","Not recorded","Filled no caries","No bleeding","No pocket","Missing due to caries","Not recorded","Not recorded",Sound,"No bleeding","No pocket",Normal,"Filled no caries","No bleeding","No pocket",Normal,Sound,"No bleeding","No pocket",Normal,Sound,"No bleeding","No pocket",Normal,Sound,"No bleeding","No pocket",Normal,Sound,"No bleeding","No pocket",Normal,Sound,"No bleeding","No pocket",Normal,Sound,"No bleeding","No pocket",Normal,Sound,"No bleeding","No pocket","Missing due to caries","Not recorded","Not recorded","Filled with caries","No bleeding","No pocket","Missing due to caries","Not recorded","Not recorded","Coronal caries","No bleeding","No pocket","Missing due to caries","Not recorded","Not recorded","Missing due to caries","Not recorded","Not recorded","not recorded","Missing due to caries","Not recorded","Not recorded",Sound,"No bleeding","No pocket",Sound,"No bleeding","No pocket",Sound,Bleeding,"No pocket",Prosthesis,"Not recorded","Not recorded",Sound,Bleeding,"No pocket",Sound,Bleeding,"No pocket",Sound,Bleeding,"No pocket",Prosthesis,"No bleeding","No pocket",Prosthesis,"No bleeding","No pocket",Prosthesis,"No bleeding","No pocket","not recorded",Prosthesis,"No bleeding","No pocket",Prosthesis,"No bleeding","No pocket","0-3 mm","0-3 mm","0-3 mm","0-3 mm","0-3 mm","0-3 mm",Normal,"No sign",,Present,4,Present,7,"No sign",,No,No,No,No,,,,,,,,,,,,No,Unchecked,Unchecked,Unchecked,Unchecked,Unchecked,Unchecked,Unchecked,Unchecked,Unchecked,Unchecked,Unchecked,Unchecked,Unchecked,Unchecked,Unchecked,Unchecked,Unchecked,Unchecked,Unchecked,Unchecked,Unchecked,Unchecked,Unchecked,Unchecked,Unchecked,Unchecked,Unchecked,Unchecked,Unchecked,Unchecked,Unchecked,Unchecked,Unchecked,Unchecked,Unchecked,Unchecked,Unchecked,Unchecked,Unchecked,Unchecked,Unchecked,Unchecked,Unchecked,Unchecked,Unchecked,Unchecked,Unchecked,Unchecked,Unchecked,Unchecked,Unchecked,Unchecked,Unchecked,Unchecked,Unchecked,Unchecked,Unchecked,Unchecked,Unchecked,Unchecked,Unchecked,Unchecked,Unchecked,Unchecked,Unchecked,Unchecked,Unchecked,Unchecked,Unchecked,Unchecked,Unchecked,Unchecked,,Yes,Bridge,"Both bridge (s) and partial denture (s)","Prompt treatment (including scaling) needed",,Complete,Complete
72,Participant,2,,,,,,,,,,,,,,,,,,,,,,,,,,68,65-74,Male,,Middle,"Tailors, Dress Makers, Sewers, Upholsterers & Related Workers","हिन्दी (Hindi)",,Yes,"2026-09-05 11:25:13","Naresh kumar",,,,,Signature,1788587731058.png,,,Sunayana,1788587738594.png,,,,,,"https://www.google.com/maps?q=,",1788587753092.png,No,Unchecked,Unchecked,Unchecked,No,Toothbrush,Unchecked,Checked,Unchecked,Unchecked,Unchecked,,Fluoridated,Once,Once,Yes,Yes,Checked,Unchecked,Unchecked,Unchecked,Checked,Unchecked,Unchecked,Unchecked,Unchecked,Unchecked,Unchecked,,"public facility",,,Unchecked,Unchecked,Unchecked,Unchecked,Unchecked,Unchecked,Unchecked,Unchecked,Unchecked,Average,,,"All teeth / partially edentulous",,,,,,,,,,,,,,,,,,,,,,,,,,,,,,,,,,,,,,,,,,,,,,"Missing due to caries","Not recorded","Not recorded","Missing due to caries","Not recorded","Not recorded","Filled no caries",Bleeding,"No pocket","Missing due to caries","Not recorded","Not recorded",Sound,"No bleeding","No pocket",Normal,"Filled no caries","No bleeding","No pocket",Normal,Sound,"No bleeding","No pocket",Normal,Sound,"No bleeding","No pocket",Normal,Sound,"No bleeding","No pocket",Normal,Sound,"No bleeding","No pocket",Normal,Sound,"No bleeding","No pocket",Normal,Sound,"No bleeding","No pocket",Normal,Sound,"No bleeding","No pocket","Missing due to caries","Not recorded","Not recorded","Filled no caries","No bleeding","No pocket",Sound,"No bleeding","No pocket",Sound,"No bleeding","No pocket","Missing due to caries","Not recorded","Not recorded","Missing due to caries","Not recorded","Not recorded","not recorded","Missing due to caries","Not recorded","Not recorded","Not recorded","Not recorded","Not recorded",Sound,"No bleeding","No pocket",Sound,"No bleeding","No pocket",Sound,Bleeding,"No pocket",Prosthesis,Bleeding,"No pocket",Sound,"No bleeding","No pocket",Sound,Bleeding,"No pocket",Prosthesis,"No bleeding","No pocket",Prosthesis,"No bleeding","No pocket",Prosthesis,"No bleeding","No pocket","not recorded",Sound,"No bleeding","No pocket",Prosthesis,"No bleeding","No pocket","0-3 mm","0-3 mm","0-3 mm","0-3 mm","0-3 mm","0-3 mm",Normal,"No sign",,Present,3,Present,5,"Enamel fracture only",1,No,No,No,No,,,,,,,,,,,,No,Unchecked,Unchecked,Unchecked,Unchecked,Unchecked,Unchecked,Unchecked,Unchecked,Unchecked,Unchecked,Unchecked,Unchecked,Unchecked,Unchecked,Unchecked,Unchecked,Unchecked,Unchecked,Unchecked,Unchecked,Unchecked,Unchecked,Unchecked,Unchecked,Unchecked,Unchecked,Unchecked,Unchecked,Unchecked,Unchecked,Unchecked,Unchecked,Unchecked,Unchecked,Unchecked,Unchecked,Unchecked,Unchecked,Unchecked,Unchecked,Unchecked,Unchecked,Unchecked,Unchecked,Unchecked,Unchecked,Unchecked,Unchecked,Unchecked,Unchecked,Unchecked,Unchecked,Unchecked,Unchecked,Unchecked,Unchecked,Unchecked,Unchecked,Unchecked,Unchecked,Unchecked,Unchecked,Unchecked,Unchecked,Unchecked,Unchecked,Unchecked,Unchecked,Unchecked,Unchecked,Unchecked,Unchecked,,Yes,"No prosthesis","Both bridge (s) and partial denture (s)","Prompt treatment (including scaling) needed",,Complete,Complete
73,,,,,,,,,,,,,,,,,,,,,,,,,,Incomplete,,,,,,,,,,,,,,,,,,,,,,,,,,,,,,,,,,,,,,,,,,,,,,,,,,,,,,,,,,,,,,,,,,,,,,,,,,,,,,,,,,,,,,,,,,,,,,,,,,,,,,,,,,,,,,,,,,,,,,,,,,,,,,,,,,,,,,,,,,,,,,,,,,,,,,,,,,,,,,,,,,,,,,,,,,,,,,,,,,,,,,,,,,,,,,,,,,,,,,,,,,,,,,,,,,,,,,,,,,,,,,,,,,,,,,,,,,,,,,,,,,,,,,,,,,,,,,,,,,,,,,,,,,,,,,,,,,,,,,,,,,,,,,,,,,,,,,,,,,,,,,,,,,,,,,,,,,,,,,,,,,,,,,,,,,,,,,,,
73,Participant,1,,,,,,,,,,,,,,,,,,,,,,,,,18,6,4-6,Female,,,,"हिन्दी (Hindi)",,Yes,"2026-09-05 09:31:03",,Gauri,Sunita,"Legal Guardian",,Signature,,1788580904224.png,,"Akhilesh Das",1788581208462.png,,,28.5657755,77.2130309,,"https://www.google.com/maps?q=28.5657755,77.2130309",1788580912421.png,,Unchecked,Unchecked,Unchecked,,Toothbrush,Unchecked,Checked,Unchecked,Unchecked,Unchecked,,Fluoridated,Once,"Thrice or more",Yes,Yes,Unchecked,Unchecked,Unchecked,Unchecked,Checked,Unchecked,Unchecked,Unchecked,Unchecked,Unchecked,Unchecked,,"public facility",,,Unchecked,Unchecked,Unchecked,Unchecked,Unchecked,Unchecked,Unchecked,Unchecked,Unchecked,Poor,,,,,,,,,,,,,,,,,,,,,,,,,,,,,,,,,,,,,,,,,,,,,,,,,,,,,,,,,,,,,,,,,,,,,,,,,,,,,,,,,,,,,,,,,,,,,,,,,,,,,,,,,,,,,,,,,,,,,,,,,,,,,,,,,,,,,,,,,,,,,,,,,,,,,,,,,,,,,,,,,,,,,,,,,,,,,,,,,,,,,,,,,,Unchecked,Unchecked,Unchecked,Unchecked,Unchecked,Unchecked,Unchecked,Unchecked,Unchecked,Unchecked,Unchecked,Unchecked,Unchecked,Unchecked,Unchecked,Unchecked,Unchecked,Unchecked,Unchecked,Unchecked,Unchecked,Unchecked,Unchecked,Unchecked,Unchecked,Unchecked,Unchecked,Unchecked,Unchecked,Unchecked,Unchecked,Unchecked,Unchecked,Unchecked,Unchecked,Unchecked,Unchecked,Unchecked,Unchecked,Unchecked,Unchecked,Unchecked,Unchecked,Unchecked,Unchecked,Unchecked,Unchecked,Unchecked,Unchecked,Unchecked,Unchecked,Unchecked,Unchecked,Unchecked,Unchecked,Unchecked,Unchecked,Unchecked,Unchecked,Unchecked,Unchecked,Unchecked,Unchecked,Unchecked,Unchecked,Unchecked,Unchecked,Unchecked,Unchecked,Unchecked,Unchecked,Unchecked,,,,,,,,Incomplete
74,,,,,,,,,,,,,,,,,,,,,,,,,,Incomplete,,,,,,,,,,,,,,,,,,,,,,,,,,,,,,,,,,,,,,,,,,,,,,,,,,,,,,,,,,,,,,,,,,,,,,,,,,,,,,,,,,,,,,,,,,,,,,,,,,,,,,,,,,,,,,,,,,,,,,,,,,,,,,,,,,,,,,,,,,,,,,,,,,,,,,,,,,,,,,,,,,,,,,,,,,,,,,,,,,,,,,,,,,,,,,,,,,,,,,,,,,,,,,,,,,,,,,,,,,,,,,,,,,,,,,,,,,,,,,,,,,,,,,,,,,,,,,,,,,,,,,,,,,,,,,,,,,,,,,,,,,,,,,,,,,,,,,,,,,,,,,,,,,,,,,,,,,,,,,,,,,,,,,,,,,,,,,,,
74,Participant,1,,,,,,,,,,,,,,,,,,,,,,,,,19,38,35-44,Female,,"Graduate or higher","DK (Don't Know)","हिन्दी (Hindi)",,,,,,,,,,,,,,,,,28.5657755,77.2130309,,"https://www.google.com/maps?q=28.5657755,77.2130309",,,Unchecked,Unchecked,Unchecked,,,Unchecked,Unchecked,Unchecked,Unchecked,Unchecked,,,,,,,Unchecked,Unchecked,Unchecked,Unchecked,Unchecked,Unchecked,Unchecked,Unchecked,Unchecked,Unchecked,Unchecked,,,,,Unchecked,Unchecked,Unchecked,Unchecked,Unchecked,Unchecked,Unchecked,Unchecked,Unchecked,,,,,,,,,,,,,,,,,,,,,,,,,,,,,,,,,,,,,,,,,,,,,,,,,,,,,,,,,,,,,,,,,,,,,,,,,,,,,,,,,,,,,,,,,,,,,,,,,,,,,,,,,,,,,,,,,,,,,,,,,,,,,,,,,,,,,,,,,,,,,,,,,,,,,,,,,,,,,,,,,,,,,,,,,,,,,,,,,,,,,,,,,,,Unchecked,Unchecked,Unchecked,Unchecked,Unchecked,Unchecked,Unchecked,Unchecked,Unchecked,Unchecked,Unchecked,Unchecked,Unchecked,Unchecked,Unchecked,Unchecked,Unchecked,Unchecked,Unchecked,Unchecked,Unchecked,Unchecked,Unchecked,Unchecked,Unchecked,Unchecked,Unchecked,Unchecked,Unchecked,Unchecked,Unchecked,Unchecked,Unchecked,Unchecked,Unchecked,Unchecked,Unchecked,Unchecked,Unchecked,Unchecked,Unchecked,Unchecked,Unchecked,Unchecked,Unchecked,Unchecked,Unchecked,Unchecked,Unchecked,Unchecked,Unchecked,Unchecked,Unchecked,Unchecked,Unchecked,Unchecked,Unchecked,Unchecked,Unchecked,Unchecked,Unchecked,Unchecked,Unchecked,Unchecked,Unchecked,Unchecked,Unchecked,Unchecked,Unchecked,Unchecked,Unchecked,Unchecked,,,,,,,,Incomplete
75,,,,,,,,,,,,,,,,,,,,,,,,,,Incomplete,,,,,,,,,,,,,,,,,,,,,,,,,,,,,,,,,,,,,,,,,,,,,,,,,,,,,,,,,,,,,,,,,,,,,,,,,,,,,,,,,,,,,,,,,,,,,,,,,,,,,,,,,,,,,,,,,,,,,,,,,,,,,,,,,,,,,,,,,,,,,,,,,,,,,,,,,,,,,,,,,,,,,,,,,,,,,,,,,,,,,,,,,,,,,,,,,,,,,,,,,,,,,,,,,,,,,,,,,,,,,,,,,,,,,,,,,,,,,,,,,,,,,,,,,,,,,,,,,,,,,,,,,,,,,,,,,,,,,,,,,,,,,,,,,,,,,,,,,,,,,,,,,,,,,,,,,,,,,,,,,,,,,,,,,,,,,,,,
75,Participant,1,,,,,,,,,,,,,,,,,,,,,,,,,18,39,35-44,Female,,"Graduate or higher","Housewife or homemaker","हिन्दी (Hindi)",,Yes,"2026-09-05 11:08:19",Ganga,,,,,Signature,1788586720519.png,,,Trupti,1788589232208.png,,,28.5657755,77.2130309,,"https://www.google.com/maps?q=28.5657755,77.2130309",1788586727063.png,No,Unchecked,Unchecked,Unchecked,No,Toothbrush,Unchecked,Checked,Checked,Unchecked,Unchecked,,Non-fluoridated,Twice,"Thrice or more",Yes,Yes,Unchecked,Unchecked,Unchecked,Checked,Unchecked,Unchecked,Unchecked,Unchecked,Unchecked,Unchecked,Unchecked,,"private clinic",,1000,Unchecked,Unchecked,Unchecked,Unchecked,Unchecked,Unchecked,Unchecked,Unchecked,Unchecked,Average,,,,,,,,,,,,,,,,,,,,,,,,,,,,,,,,,,,,,,,,,,,,,,,,,Unerupted,"Not recorded","Not recorded",Sound,"No bleeding","No pocket","Missing other","Not recorded","Not recorded",Sound,"No bleeding","No pocket",Sound,"No bleeding","No pocket",Normal,Sound,Bleeding,"No pocket",Normal,Sound,Bleeding,"No pocket",Normal,Sound,Bleeding,"No pocket",Normal,Sound,Bleeding,"No pocket",Normal,Sound,Bleeding,"No pocket",Normal,Sound,Bleeding,"No pocket",Normal,Sound,Bleeding,"No pocket",Normal,Sound,Bleeding,"No pocket","Filled no caries",Bleeding,"No pocket",Sound,Bleeding,"No pocket",Unerupted,"Not recorded","Not recorded","Missing other","Not recorded","Not recorded",Sound,"No bleeding","No pocket","Filled no caries","No bleeding","Pocket 6 mm or more",Normal,Sound,"No bleeding","No pocket",Sound,"No bleeding","No pocket",Sound,"No bleeding","No pocket",Sound,Bleeding,"No pocket",Sound,Bleeding,"No pocket",Sound,Bleeding,"No pocket",Sound,Bleeding,"No pocket",Sound,Bleeding,"No pocket",Sound,"No bleeding","No pocket","Coronal caries","No bleeding","No pocket","Filled no caries","No bleeding","Not recorded",Normal,"Filled no caries","No bleeding","No pocket","Missing other","Not recorded","Not recorded","0-3 mm","0-3 mm","0-3 mm","0-3 mm","0-3 mm","0-3 mm","Very mild","No sign",,Present,1,Present,5,"Enamel fracture only",1,No,No,No,No,0,0,"Crowding present- Lower","No spacing",0,0,2,2,0,"Half cusp",0,No,Unchecked,Unchecked,Unchecked,Unchecked,Unchecked,Unchecked,Unchecked,Unchecked,Unchecked,Unchecked,Unchecked,Unchecked,Unchecked,Unchecked,Unchecked,Unchecked,Unchecked,Unchecked,Unchecked,Unchecked,Unchecked,Unchecked,Unchecked,Unchecked,Unchecked,Unchecked,Unchecked,Unchecked,Unchecked,Unchecked,Unchecked,Unchecked,Unchecked,Unchecked,Unchecked,Unchecked,Unchecked,Unchecked,Unchecked,Unchecked,Unchecked,Unchecked,Unchecked,Unchecked,Unchecked,Unchecked,Unchecked,Unchecked,Unchecked,Unchecked,Unchecked,Unchecked,Unchecked,Unchecked,Unchecked,Unchecked,Unchecked,Unchecked,Unchecked,Unchecked,Unchecked,Unchecked,Unchecked,Unchecked,Unchecked,Unchecked,Unchecked,Unchecked,Unchecked,Unchecked,Unchecked,Unchecked,,No,,,"Prompt treatment (including scaling) needed",,Complete,Complete
75,Participant,2,,,,,,,,,,,,,,,,,,,,,,,,,,39,35-44,Female,,"Graduate or higher","Housewife or homemaker","हिन्दी (Hindi)",,Yes,"2026-09-05 11:51:09",Ganga,,,,,Signature,1788589295315.png,,,Sonaxi,1788589305518.png,,,28.5657755,77.2130309,,"https://www.google.com/maps?q=28.5657755,77.2130309",1788589863026.png,No,Unchecked,Unchecked,Unchecked,No,Toothbrush,Unchecked,Checked,Checked,Unchecked,Unchecked,,,,,,,Unchecked,Unchecked,Unchecked,Unchecked,Unchecked,Unchecked,Unchecked,Unchecked,Unchecked,Unchecked,Unchecked,,,,,Unchecked,Unchecked,Unchecked,Unchecked,Unchecked,Unchecked,Unchecked,Unchecked,Unchecked,,,,,,,,,,,,,,,,,,,,,,,,,,,,,,,,,,,,,,,,,,,,,,,,,,Unerupted,"Not recorded","Not recorded",Sound,"No bleeding","Not recorded","Missing other","Not recorded","Not recorded",Sound,"No bleeding","No pocket",Sound,Bleeding,"No pocket",Normal,Sound,"No bleeding","No pocket",Normal,"Coronal caries",Bleeding,"No pocket",Normal,Sound,"No bleeding","No pocket",Normal,,,,,,,,,,,,,,,,,,,,"Coronal caries",,,,,,,,,,,,,,,,,,,,,,,,,,,,,,,,,,,,,,,,,,,,,,,,,,,,,,,,,,,,,,,,,,,,,,,,,,,,,,,,,,,,,,,,,,Unchecked,Unchecked,Unchecked,Unchecked,Unchecked,Unchecked,Unchecked,Unchecked,Unchecked,Unchecked,Unchecked,Unchecked,Unchecked,Unchecked,Unchecked,Unchecked,Unchecked,Unchecked,Unchecked,Unchecked,Unchecked,Unchecked,Unchecked,Unchecked,Unchecked,Unchecked,Unchecked,Unchecked,Unchecked,Unchecked,Unchecked,Unchecked,Unchecked,Unchecked,Unchecked,Unchecked,Unchecked,Unchecked,Unchecked,Unchecked,Unchecked,Unchecked,Unchecked,Unchecked,Unchecked,Unchecked,Unchecked,Unchecked,Unchecked,Unchecked,Unchecked,Unchecked,Unchecked,Unchecked,Unchecked,Unchecked,Unchecked,Unchecked,Unchecked,Unchecked,Unchecked,Unchecked,Unchecked,Unchecked,Unchecked,Unchecked,Unchecked,Unchecked,Unchecked,Unchecked,Unchecked,Unchecked,,,,,,,,Incomplete
76,,,,,,,,,,,,,,,,,,,,,,,,,,Incomplete,,,,,,,,,,,,,,,,,,,,,,,,,,,,,,,,,,,,,,,,,,,,,,,,,,,,,,,,,,,,,,,,,,,,,,,,,,,,,,,,,,,,,,,,,,,,,,,,,,,,,,,,,,,,,,,,,,,,,,,,,,,,,,,,,,,,,,,,,,,,,,,,,,,,,,,,,,,,,,,,,,,,,,,,,,,,,,,,,,,,,,,,,,,,,,,,,,,,,,,,,,,,,,,,,,,,,,,,,,,,,,,,,,,,,,,,,,,,,,,,,,,,,,,,,,,,,,,,,,,,,,,,,,,,,,,,,,,,,,,,,,,,,,,,,,,,,,,,,,,,,,,,,,,,,,,,,,,,,,,,,,,,,,,,,,,,,,,,
76,Participant,1,,,,,,,,,,,,,,,,,,,,,,,,,19,35,35-44,Female,,Middle,"Housewife or homemaker","हिन्दी (Hindi)",,Yes,"2026-09-05 11:27:10",Sanjana,,,,,Signature,1788587857579.png,,,Akhilesh,1788587884168.png,,,28.5657755,77.2130309,,"https://www.google.com/maps?q=28.5657755,77.2130309",1788587872197.png,No,Unchecked,Unchecked,Unchecked,No,Toothbrush,Unchecked,Checked,Unchecked,Unchecked,Unchecked,,Non-fluoridated,Once,Twice,No,No,Unchecked,Unchecked,Unchecked,Unchecked,Unchecked,Unchecked,Unchecked,Unchecked,Unchecked,Unchecked,Unchecked,,,,,Unchecked,Unchecked,Unchecked,Unchecked,Unchecked,Unchecked,Unchecked,Checked,Unchecked,Excellent,,,,,,,,,,,,,,,,,,,,,,,,,,,,,,,,,,,,,,,,,,,,,,,,,"Coronal caries","No bleeding","No pocket",Sound,"No bleeding","No pocket",Sound,"No bleeding","No pocket",Sound,"No bleeding","No pocket",Sound,"No bleeding","No pocket","diffuse opacity",Sound,"No bleeding","No pocket","diffuse opacity",Sound,"No bleeding","No pocket","diffuse opacity",Sound,"No bleeding","No pocket","diffuse opacity",Sound,"No bleeding","No pocket",Normal,Sound,"No bleeding","No pocket","diffuse opacity",Sound,"No bleeding","No pocket","diffuse opacity",Sound,"No bleeding","No pocket","diffuse opacity",Sound,"No bleeding","No pocket",Sound,"No bleeding","No pocket",,,,,,,,,,,,,,,,,,,,,,,,,,,,,,,,,,,,,,,,,,,,,,,,,,,,,,,,,,,,,,,,,,,,,,,,,,,,,,,,,,,,,,,,Unchecked,Unchecked,Unchecked,Unchecked,Unchecked,Unchecked,Unchecked,Unchecked,Unchecked,Unchecked,Unchecked,Unchecked,Unchecked,Unchecked,Unchecked,Unchecked,Unchecked,Unchecked,Unchecked,Unchecked,Unchecked,Unchecked,Unchecked,Unchecked,Unchecked,Unchecked,Unchecked,Unchecked,Unchecked,Unchecked,Unchecked,Unchecked,Unchecked,Unchecked,Unchecked,Unchecked,Unchecked,Unchecked,Unchecked,Unchecked,Unchecked,Unchecked,Unchecked,Unchecked,Unchecked,Unchecked,Unchecked,Unchecked,Unchecked,Unchecked,Unchecked,Unchecked,Unchecked,Unchecked,Unchecked,Unchecked,Unchecked,Unchecked,Unchecked,Unchecked,Unchecked,Unchecked,Unchecked,Unchecked,Unchecked,Unchecked,Unchecked,Unchecked,Unchecked,Unchecked,Unchecked,Unchecked,,,,,,,,Incomplete
77,,,,,,,,,,,,,,,,,,,,,,,,,,Incomplete,,,,,,,,,,,,,,,,,,,,,,,,,,,,,,,,,,,,,,,,,,,,,,,,,,,,,,,,,,,,,,,,,,,,,,,,,,,,,,,,,,,,,,,,,,,,,,,,,,,,,,,,,,,,,,,,,,,,,,,,,,,,,,,,,,,,,,,,,,,,,,,,,,,,,,,,,,,,,,,,,,,,,,,,,,,,,,,,,,,,,,,,,,,,,,,,,,,,,,,,,,,,,,,,,,,,,,,,,,,,,,,,,,,,,,,,,,,,,,,,,,,,,,,,,,,,,,,,,,,,,,,,,,,,,,,,,,,,,,,,,,,,,,,,,,,,,,,,,,,,,,,,,,,,,,,,,,,,,,,,,,,,,,,,,,,,,,,,
77,Participant,1,,,,,,,,,,,,,,,,,,,,,,,,,12,35,35-44,Male,,"Higher Secondary","House Keepers, Matron And Stewards (Domestic & Institutional)",English,,Yes,"2026-09-03 10:32:59","Sumit kumar",,,,,Signature,1788411844740.png,,,"Anup kumar",1788412147809.png,,,,,,"https://www.google.com/maps?q=,",1788412263479.png,No,Unchecked,Unchecked,Unchecked,No,Toothbrush,Unchecked,Checked,Unchecked,Unchecked,Unchecked,,unknown,Twice,"Did not consume",Yes,Yes,Unchecked,Unchecked,Unchecked,Unchecked,Unchecked,Unchecked,Checked,Unchecked,Unchecked,Unchecked,Unchecked,,"public facility",,,Unchecked,Unchecked,Unchecked,Unchecked,Unchecked,Unchecked,Unchecked,Unchecked,Unchecked,Good,,,,,,,,,,,,,,,,,,,,,,,,,,,,,,,,,,,,,,,,,,,,,,,,,Sound,"No bleeding","No pocket",Sound,"No bleeding","No pocket",Sound,"No bleeding","No pocket",Sound,"No bleeding","No pocket",Sound,"No bleeding","No pocket",Normal,Sound,"No bleeding","No pocket",Normal,Sound,"No bleeding","No pocket",Normal,Sound,"No bleeding","No pocket",Normal,Sound,"No bleeding","No pocket",Normal,Sound,"No bleeding","No pocket",Normal,Sound,"No bleeding","No pocket",Normal,Sound,"No bleeding","No pocket",Normal,"Not recorded","No bleeding","No pocket","Not recorded","Not recorded","Not recorded",Sound,"No bleeding","No pocket",Sound,"No bleeding","No pocket",Sound,"No bleeding","No pocket",Sound,"No bleeding","No pocket","Not recorded","Not recorded","Not recorded","not recorded",Sound,"No bleeding","No pocket",Sound,"No bleeding","No pocket",Sound,"No bleeding","No pocket",Sound,"No bleeding","No pocket",Sound,"No bleeding","No pocket",Sound,"No bleeding","No pocket",Sound,"No bleeding","No pocket",Sound,"No bleeding","No pocket",Sound,"No bleeding","No pocket",Sound,"No bleeding","No pocket","Not recorded","Not recorded","Not recorded","not recorded",Sound,"No bleeding","No pocket","Coronal caries","No bleeding","No pocket","0-3 mm","0-3 mm","0-3 mm","0-3 mm","0-3 mm","0-3 mm",Normal,"No sign",,Absent,,Absent,,"No sign",,No,No,No,No,0,0,"No crowding","Spacing present- Upper",0,0,0,3,3,Normal,0,No,Unchecked,Unchecked,Unchecked,Unchecked,Unchecked,Unchecked,Unchecked,Unchecked,Unchecked,Unchecked,Unchecked,Unchecked,Unchecked,Unchecked,Unchecked,Unchecked,Unchecked,Unchecked,Unchecked,Unchecked,Unchecked,Unchecked,Unchecked,Unchecked,Unchecked,Unchecked,Unchecked,Unchecked,Unchecked,Unchecked,Unchecked,Unchecked,Unchecked,Unchecked,Unchecked,Unchecked,Unchecked,Unchecked,Unchecked,Unchecked,Unchecked,Unchecked,Unchecked,Unchecked,Unchecked,Unchecked,Unchecked,Unchecked,Unchecked,Unchecked,Unchecked,Unchecked,Unchecked,Unchecked,Unchecked,Unchecked,Unchecked,Unchecked,Unchecked,Unchecked,Unchecked,Unchecked,Unchecked,Unchecked,Unchecked,Unchecked,Unchecked,Unchecked,Unchecked,Unchecked,Unchecked,Unchecked,,No,,,"Prompt treatment (including scaling) needed",,Complete,Complete
78,,,,,,,,,,,,,,,,,,,,,,,,,,Incomplete,,,,,,,,,,,,,,,,,,,,,,,,,,,,,,,,,,,,,,,,,,,,,,,,,,,,,,,,,,,,,,,,,,,,,,,,,,,,,,,,,,,,,,,,,,,,,,,,,,,,,,,,,,,,,,,,,,,,,,,,,,,,,,,,,,,,,,,,,,,,,,,,,,,,,,,,,,,,,,,,,,,,,,,,,,,,,,,,,,,,,,,,,,,,,,,,,,,,,,,,,,,,,,,,,,,,,,,,,,,,,,,,,,,,,,,,,,,,,,,,,,,,,,,,,,,,,,,,,,,,,,,,,,,,,,,,,,,,,,,,,,,,,,,,,,,,,,,,,,,,,,,,,,,,,,,,,,,,,,,,,,,,,,,,,,,,,,,,
78,Participant,1,,,,,,,,,,,,,,,,,,,,,,,,,12,44,35-44,Male,,"Graduate or higher",Teachers,English,,Yes,"2026-09-03 11:25:37",Lakanlal,,,,,Signature,1788414960158.png,,,"Anup kumar",1788415895721.png,,,,,,"https://www.google.com/maps?q=,",,No,Unchecked,Unchecked,Unchecked,No,Toothbrush,Unchecked,Checked,Unchecked,Unchecked,Unchecked,,Non-fluoridated,Once,"Thrice or more",Yes,Yes,Checked,Unchecked,Unchecked,Unchecked,Unchecked,Unchecked,Unchecked,Unchecked,Unchecked,Checked,Unchecked,,"private clinic",,,Unchecked,Unchecked,Unchecked,Unchecked,Unchecked,Unchecked,Unchecked,Unchecked,Unchecked,Average,,,,,,,,,,,,,,,,,,,,,,,,,,,,,,,,,,,,,,,,,,,,,,,,,"Missing due to caries","Not recorded","Not recorded","Coronal caries","No bleeding","No pocket",Sound,"No bleeding","No pocket","Missing due to caries","Not recorded","Not recorded",Sound,"No bleeding","No pocket",Normal,Unerupted,"Not recorded","Not recorded","not recorded",Unerupted,"Not recorded","Not recorded","not recorded",Sound,"No bleeding","No pocket","diffuse opacity",Sound,"No bleeding","No pocket","diffuse opacity",Unerupted,"Not recorded","Not recorded",Normal,Sound,"No bleeding","No pocket",Normal,Sound,"No bleeding","No pocket",Normal,"Coronal caries","No bleeding","No pocket",Sound,"No bleeding","No pocket","Coronal caries","No bleeding","No pocket",Unerupted,"Not recorded","Not recorded",Unerupted,"Not recorded","Not recorded","Filled with caries","No bleeding","No pocket",Sound,"No bleeding","No pocket",Normal,"Coronal caries","No bleeding","No pocket",Sound,"No bleeding","No pocket",Sound,"No bleeding","No pocket",Sound,"No bleeding","No pocket",Sound,"No bleeding","No pocket",Sound,"No bleeding","No pocket",Sound,"No bleeding","No pocket",Sound,"No bleeding","No pocket",Sound,"No bleeding","No pocket","Coronal caries","No bleeding","No pocket","Filled no caries","No bleeding","No pocket",Normal,"Missing due to caries","Not recorded","Not recorded",Unerupted,"Not recorded","Not recorded","0-3 mm","0-3 mm","0-3 mm","0-3 mm","0-3 mm","0-3 mm",Normal,"No sign",,Present,1,Present,9,"No sign",,No,No,No,No,3,0,"No crowding","Spacing present in Upper and Lower arches",5,0,0,2,1,Normal,0,No,Unchecked,Unchecked,Unchecked,Unchecked,Unchecked,Unchecked,Unchecked,Unchecked,Unchecked,Unchecked,Unchecked,Unchecked,Unchecked,Unchecked,Unchecked,Unchecked,Unchecked,Unchecked,Unchecked,Unchecked,Unchecked,Unchecked,Unchecked,Unchecked,Unchecked,Unchecked,Unchecked,Unchecked,Unchecked,Unchecked,Unchecked,Unchecked,Unchecked,Unchecked,Unchecked,Unchecked,Unchecked,Unchecked,Unchecked,Unchecked,Unchecked,Unchecked,Unchecked,Unchecked,Unchecked,Unchecked,Unchecked,Unchecked,Unchecked,Unchecked,Unchecked,Unchecked,Unchecked,Unchecked,Unchecked,Unchecked,Unchecked,Unchecked,Unchecked,Unchecked,Unchecked,Unchecked,Unchecked,Unchecked,Unchecked,Unchecked,Unchecked,Unchecked,Unchecked,Unchecked,Unchecked,Unchecked,,No,,,"Immediate (urgent) treatment due to pain or infection of dental and / or oral origin",,Complete,Complete
78,Participant,2,,,,,,,,,,,,,,,,,,,,,,,,,,44,35-44,Male,,"Graduate or higher",Teachers,English,,Yes,"2026-09-03 12:03:07",Lakhanlal,,,,,Signature,1788417219599.png,,,Srinahi,1788417294056.png,,,,,,"https://www.google.com/maps?q=,",1788417206176.png,No,Unchecked,Unchecked,Unchecked,No,Toothbrush,Unchecked,Checked,Unchecked,Unchecked,Unchecked,,Non-fluoridated,Once,"Thrice or more",Yes,Yes,Checked,Unchecked,Unchecked,Unchecked,Unchecked,Unchecked,Unchecked,Unchecked,Unchecked,Checked,Unchecked,,"private clinic",,,Unchecked,Unchecked,Unchecked,Unchecked,Unchecked,Unchecked,Unchecked,Unchecked,Unchecked,Average,,,,,,,,,,,,,,,,,,,,,,,,,,,,,,,,,,,,,,,,,,,,,,,,,"Missing due to caries","Not recorded","Not recorded","Coronal caries","No bleeding","No pocket",Sound,"No bleeding","No pocket","Missing due to caries","Not recorded","Not recorded","Coronal caries","No bleeding","No pocket",Normal,"Not recorded","Not recorded","Not recorded","not recorded",Unerupted,"Not recorded","Not recorded","not recorded",Sound,"No bleeding","No pocket","diffuse opacity",Sound,"No bleeding","No pocket","diffuse opacity",Unerupted,"Not recorded","Not recorded","not recorded",Sound,"No bleeding","No pocket","diffuse opacity",Sound,"No bleeding","No pocket","diffuse opacity","Coronal caries","No bleeding","No pocket","Coronal caries","No bleeding","No pocket","Root caries","No bleeding","No pocket",Unerupted,"Not recorded","Not recorded",Unerupted,"Not recorded","Not recorded","Filled with caries","No bleeding","No pocket",Sound,"No bleeding","No pocket","demarcated opacity",Sound,"No bleeding","No pocket",Sound,"No bleeding","No pocket",Sound,"No bleeding","No pocket",Sound,"No bleeding","No pocket",Sound,"No bleeding","No pocket",Sound,"No bleeding","No pocket",Sound,"No bleeding","No pocket",Sound,"No bleeding","No pocket",Sound,"No bleeding","No pocket","Coronal caries","No bleeding","No pocket",Sound,"No bleeding","No pocket",Normal,"Missing due to caries","Not recorded","Not recorded",Unerupted,"Not recorded","Not recorded","0-3 mm","0-3 mm","0-3 mm","0-3 mm","0-3 mm","0-3 mm",Normal,"No sign",,Present,2,Present,6,"No sign",,No,No,No,No,0,0,"Crowding present- Lower","Spacing present in Upper and Lower arches",3,3,2,3,0,"Half cusp",0,No,Unchecked,Unchecked,Unchecked,Unchecked,Unchecked,Unchecked,Unchecked,Unchecked,Unchecked,Unchecked,Unchecked,Unchecked,Unchecked,Unchecked,Unchecked,Unchecked,Unchecked,Unchecked,Unchecked,Unchecked,Unchecked,Unchecked,Unchecked,Unchecked,Unchecked,Unchecked,Unchecked,Unchecked,Unchecked,Unchecked,Unchecked,Unchecked,Unchecked,Unchecked,Unchecked,Unchecked,Unchecked,Unchecked,Unchecked,Unchecked,Unchecked,Unchecked,Unchecked,Unchecked,Unchecked,Unchecked,Unchecked,Unchecked,Unchecked,Unchecked,Unchecked,Unchecked,Unchecked,Unchecked,Unchecked,Unchecked,Unchecked,Unchecked,Unchecked,Unchecked,Unchecked,Unchecked,Unchecked,Unchecked,Unchecked,Unchecked,Unchecked,Unchecked,Unchecked,Unchecked,Unchecked,Unchecked,,No,,,"Immediate (urgent) treatment due to pain or infection of dental and / or oral origin",,Complete,Complete
79,,,,,,,,,,,,,,,,,,,,,,,,,,Incomplete,,,,,,,,,,,,,,,,,,,,,,,,,,,,,,,,,,,,,,,,,,,,,,,,,,,,,,,,,,,,,,,,,,,,,,,,,,,,,,,,,,,,,,,,,,,,,,,,,,,,,,,,,,,,,,,,,,,,,,,,,,,,,,,,,,,,,,,,,,,,,,,,,,,,,,,,,,,,,,,,,,,,,,,,,,,,,,,,,,,,,,,,,,,,,,,,,,,,,,,,,,,,,,,,,,,,,,,,,,,,,,,,,,,,,,,,,,,,,,,,,,,,,,,,,,,,,,,,,,,,,,,,,,,,,,,,,,,,,,,,,,,,,,,,,,,,,,,,,,,,,,,,,,,,,,,,,,,,,,,,,,,,,,,,,,,,,,,,
79,Participant,1,,,,,,,,,,,,,,,,,,,,,,,,,21,15,12-15,Female,,,,"हिन्दी (Hindi)",Yes,Yes,"2026-09-05 13:26:53","Anshika shukla",,"Mahendra kumar shukla",Father,,Signature,1788595068866.png,,,,,,,,,,"https://www.google.com/maps?q=,",1788595090545.png,No,Unchecked,Unchecked,Unchecked,,Toothbrush,Unchecked,Checked,Unchecked,Unchecked,Unchecked,,Fluoridated,Once,Once,No,No,Unchecked,Unchecked,Unchecked,Unchecked,Unchecked,Unchecked,Unchecked,Unchecked,Unchecked,Unchecked,Unchecked,,,,,Unchecked,Unchecked,Unchecked,Unchecked,Unchecked,Unchecked,Unchecked,Checked,Unchecked,Good,,"Permanent only",,,,,,,,,,,,,,,,,,,,,,,,,,,,,,,,,,,,,,,,,,,,,,,,,,Sound,"No bleeding",,Sound,"No bleeding",,Sound,"No bleeding",,Sound,"No bleeding",,Normal,Sound,"No bleeding",,Normal,Sound,"No bleeding",,Normal,Sound,"No bleeding",,Normal,Sound,"No bleeding",,Normal,Sound,"No bleeding",,Normal,Sound,"No bleeding",,Normal,Sound,"No bleeding",,Normal,Sound,"No bleeding",,Sound,"No bleeding",,Sound,"No bleeding",,,,,,,,"Coronal caries","No bleeding",,Sound,"No bleeding",,Normal,Sound,"No bleeding",,Sound,"No bleeding",,Sound,"No bleeding",,Sound,"No bleeding",,Sound,"No bleeding",,Sound,"No bleeding",,Sound,"No bleeding",,Sound,"No bleeding",,Sound,"No bleeding",,Sound,"No bleeding",,Sound,"No bleeding",,Normal,Sound,"No bleeding",,,,,,,,,,,Normal,"No sign",,,,,,"No sign",,,,,,0,0,"Crowding present- Lower","No spacing",0,1,2,2.5,0,Normal,0,No,Unchecked,Unchecked,Unchecked,Unchecked,Unchecked,Unchecked,Unchecked,Unchecked,Unchecked,Unchecked,Unchecked,Unchecked,Unchecked,Unchecked,Unchecked,Unchecked,Unchecked,Unchecked,Unchecked,Unchecked,Unchecked,Unchecked,Unchecked,Unchecked,Unchecked,Unchecked,Unchecked,Unchecked,Unchecked,Unchecked,Unchecked,Unchecked,Unchecked,Unchecked,Unchecked,Unchecked,Unchecked,Unchecked,Unchecked,Unchecked,Unchecked,Unchecked,Unchecked,Unchecked,Unchecked,Unchecked,Unchecked,Unchecked,Unchecked,Unchecked,Unchecked,Unchecked,Unchecked,Unchecked,Unchecked,Unchecked,Unchecked,Unchecked,Unchecked,Unchecked,Unchecked,Unchecked,Unchecked,Unchecked,Unchecked,Unchecked,Unchecked,Unchecked,Unchecked,Unchecked,Unchecked,Unchecked,,,,,"Prompt treatment (including scaling) needed",Nil,Complete,Complete
79,Participant,2,,,,,,,,,,,,,,,,,,,,,,,,,01,15,12-15,Female,,,,"हिन्दी (Hindi)",Yes,Yes,"2026-09-05 13:41:43",Anshika,,Mahendrapal,Father,,Signature,1788596150492.png,,,,,,,,,,"https://www.google.com/maps?q=,",1788595954260.png,No,Unchecked,Unchecked,Unchecked,,Toothbrush,Unchecked,Checked,Unchecked,Unchecked,Unchecked,,Fluoridated,Once,Once,No,No,Unchecked,Unchecked,Unchecked,Unchecked,Unchecked,Unchecked,Unchecked,Unchecked,Unchecked,Unchecked,Unchecked,,,,,Unchecked,Unchecked,Unchecked,Unchecked,Unchecked,Unchecked,Unchecked,Unchecked,Checked,Good,,"Permanent only",,,,,,,,,,,,,,,,,,,,,,,,,,,,,,,,,,,,,,,,,,,,,,,,,,Sound,"No bleeding",,Sound,"No bleeding",,Sound,"No bleeding",,Sound,"No bleeding",,Normal,Sound,"No bleeding",,Normal,Sound,"No bleeding",,Normal,Sound,"No bleeding",,Normal,Sound,"No bleeding",,Normal,Sound,"No bleeding",,Normal,Sound,"No bleeding",,Normal,Sound,"No bleeding",,Normal,Sound,"No bleeding",,Sound,"No bleeding",,Sound,"No bleeding",,,,,,,,"Coronal caries","No bleeding",,Sound,"No bleeding",,Normal,Sound,"No bleeding",,Sound,"No bleeding",,Sound,"No bleeding",,Sound,"No bleeding",,Sound,"No bleeding",,Sound,"No bleeding",,Sound,"No bleeding",,Sound,"No bleeding",,Sound,"No bleeding",,Sound,"No bleeding",,Sound,"No bleeding",,Normal,Sound,"No bleeding",,,,,,,,,,,Normal,"No sign",,,,,,"No sign",,,,,,0,0,"Crowding present- Lower","No spacing",0,0,1,2,0,Normal,0,No,Unchecked,Unchecked,Unchecked,Unchecked,Unchecked,Unchecked,Unchecked,Unchecked,Unchecked,Unchecked,Unchecked,Unchecked,Unchecked,Unchecked,Unchecked,Unchecked,Unchecked,Unchecked,Unchecked,Unchecked,Unchecked,Unchecked,Unchecked,Unchecked,Unchecked,Unchecked,Unchecked,Unchecked,Unchecked,Unchecked,Unchecked,Unchecked,Unchecked,Unchecked,Unchecked,Unchecked,Unchecked,Unchecked,Unchecked,Unchecked,Unchecked,Unchecked,Unchecked,Unchecked,Unchecked,Unchecked,Unchecked,Unchecked,Unchecked,Unchecked,Unchecked,Unchecked,Unchecked,Unchecked,Unchecked,Unchecked,Unchecked,Unchecked,Unchecked,Unchecked,Unchecked,Unchecked,Unchecked,Unchecked,Unchecked,Unchecked,Unchecked,Unchecked,Unchecked,Unchecked,Unchecked,Unchecked,,,,,"Prompt treatment (including scaling) needed",Nil,Complete,Complete
80,,,8,,"Willing to participate",,,,,,,,,,,,,,,,,,,,,Complete,,,,,,,,,,,,,,,,,,,,,,,,,,,,,,,,,,,,,,,,,,,,,,,,,,,,,,,,,,,,,,,,,,,,,,,,,,,,,,,,,,,,,,,,,,,,,,,,,,,,,,,,,,,,,,,,,,,,,,,,,,,,,,,,,,,,,,,,,,,,,,,,,,,,,,,,,,,,,,,,,,,,,,,,,,,,,,,,,,,,,,,,,,,,,,,,,,,,,,,,,,,,,,,,,,,,,,,,,,,,,,,,,,,,,,,,,,,,,,,,,,,,,,,,,,,,,,,,,,,,,,,,,,,,,,,,,,,,,,,,,,,,,,,,,,,,,,,,,,,,,,,,,,,,,,,,,,,,,,,,,,,,,,,,,,,,,,,,
80,Participant,1,,,,,,,,,,,,,,,,,,,,,,,,,21,35,35-44,Male,,Secondary,"Transport Equipment Operators (Driver)","हिन्दी (Hindi)",,Yes,"2026-09-05 14:06:13","Manish sahini",,,,,Signature,1788597449702.png,,,,,,,,,,"https://www.google.com/maps?q=,",1788597460415.png,Yes,Unchecked,Unchecked,Checked,Yes,Toothbrush,Unchecked,Checked,Unchecked,Unchecked,Unchecked,,Fluoridated,Once,Twice,No,No,Unchecked,Unchecked,Unchecked,Unchecked,Unchecked,Unchecked,Unchecked,Unchecked,Unchecked,Unchecked,Unchecked,,,,,Unchecked,Unchecked,Unchecked,Unchecked,Unchecked,Unchecked,Unchecked,Checked,Unchecked,Good,,,,,,,,,,,,,,,,,,,,,,,,,,,,,,,,,,,,,,,,,,,,,,,,,"Coronal caries",Bleeding,"No pocket",Sound,Bleeding,"No pocket",Sound,Bleeding,"No pocket",Sound,"No bleeding","No pocket",Sound,"No bleeding","No pocket",Normal,Sound,"No bleeding","No pocket",Normal,Sound,"No bleeding","No pocket",Normal,Sound,"No bleeding","No pocket",Normal,Sound,"No bleeding","No pocket",Normal,Sound,"No bleeding","No pocket",Normal,Sound,"No bleeding","No pocket",Normal,Sound,"No bleeding","No pocket",Normal,Sound,"No bleeding","No pocket",Sound,"No bleeding","No pocket",Sound,"No bleeding","No pocket",Unerupted,"Not recorded","Not recorded",Sound,"No bleeding","Not recorded",Sound,"No bleeding","No pocket",Sound,"No bleeding","No pocket",Normal,Sound,"No bleeding","No pocket",Sound,"No bleeding","No pocket",Sound,"No bleeding","No pocket",Sound,"No bleeding","No pocket",Sound,Bleeding,"No pocket",Sound,"No bleeding","No pocket",Sound,Bleeding,"No pocket",Sound,Bleeding,"No pocket",Sound,"No bleeding","No pocket",Sound,"No bleeding","No pocket","Coronal caries","No bleeding","No pocket",Normal,"Coronal caries","No bleeding","No pocket","Coronal caries","No bleeding","Not recorded","0-3 mm","0-3 mm","0-3 mm","0-3 mm","4-5 mm Cemento-enamel Junction (CEJ) within black band","0-3 mm",Normal,"No sign",,Absent,,Present,4,"Enamel fracture only",1,No,No,No,No,0,0,"Crowding present in Upper and Lower arches","No spacing",0,2,3.5,2,0,Normal,0,No,Unchecked,Unchecked,Unchecked,Unchecked,Unchecked,Unchecked,Unchecked,Unchecked,Unchecked,Unchecked,Unchecked,Unchecked,Unchecked,Unchecked,Unchecked,Unchecked,Unchecked,Unchecked,Unchecked,Unchecked,Unchecked,Unchecked,Unchecked,Unchecked,Unchecked,Unchecked,Unchecked,Unchecked,Unchecked,Unchecked,Unchecked,Unchecked,Unchecked,Unchecked,Unchecked,Unchecked,Unchecked,Unchecked,Unchecked,Unchecked,Unchecked,Unchecked,Unchecked,Unchecked,Unchecked,Unchecked,Unchecked,Unchecked,Unchecked,Unchecked,Unchecked,Unchecked,Unchecked,Unchecked,Unchecked,Unchecked,Unchecked,Unchecked,Unchecked,Unchecked,Unchecked,Unchecked,Unchecked,Unchecked,Unchecked,Unchecked,Unchecked,Unchecked,Unchecked,Unchecked,Unchecked,Unchecked,,No,,,"Prompt treatment (including scaling) needed",Nil,Complete,Complete
80,Participant,2,,,,,,,,,,,,,,,,,,,,,,,,,01,35,35-44,Male,,Secondary,"Transport Equipment Operators (Driver)","हिन्दी (Hindi)",,Yes,"2026-09-05 14:24:51",Manish,,,,,Signature,1788598527959.png,,,,,,,,,,"https://www.google.com/maps?q=,",1788598537866.png,Yes,Checked,Checked,Checked,Yes,Toothbrush,Unchecked,Checked,Unchecked,Unchecked,Unchecked,,Fluoridated,Once,"Thrice or more",No,No,Unchecked,Unchecked,Unchecked,Unchecked,Unchecked,Unchecked,Unchecked,Unchecked,Unchecked,Unchecked,Unchecked,,,,,Unchecked,Unchecked,Unchecked,Unchecked,Unchecked,Unchecked,Unchecked,Unchecked,Checked,Average,,,,,,,,,,,,,,,,,,,,,,,,,,,,,,,,,,,,,,,,,,,,,,,,,Sound,"No bleeding","No pocket",Sound,"No bleeding","No pocket",Sound,"No bleeding","No pocket",Sound,"No bleeding","No pocket",Sound,"No bleeding","No pocket",Normal,Sound,"No bleeding","No pocket",Normal,Sound,"No bleeding","No pocket",Normal,Sound,"No bleeding","No pocket",Normal,Sound,"No bleeding","No pocket",Normal,Sound,"No bleeding","No pocket",Normal,Sound,"No bleeding","No pocket",Normal,Sound,"No bleeding","No pocket",Normal,Sound,"No bleeding","No pocket",Sound,"No bleeding","No pocket",Sound,"No bleeding","No pocket",Unerupted,"Not recorded","Not recorded",Sound,"No bleeding","Not recorded","Coronal caries","No bleeding","No pocket",Sound,"No bleeding","No pocket",Normal,Sound,"No bleeding","No pocket",Sound,"No bleeding","No pocket",Sound,"No bleeding","No pocket",Sound,"No bleeding","No pocket",Sound,"No bleeding","No pocket",Sound,"No bleeding","No pocket",Sound,"No bleeding","No pocket",Sound,"No bleeding","No pocket",Sound,"No bleeding","No pocket",Sound,"No bleeding","No pocket",Sound,"No bleeding","No pocket",Normal,"Coronal caries","No bleeding","No pocket",Sound,"No bleeding","Not recorded","0-3 mm","0-3 mm","0-3 mm","0-3 mm","4-5 mm Cemento-enamel Junction (CEJ) within black band","0-3 mm",Normal,"No sign",,Absent,,Present,4,"Enamel fracture only",1,No,No,No,No,0,0,"Crowding present in Upper and Lower arches","No spacing",0,1,4,2,0,Normal,0,No,Unchecked,Unchecked,Unchecked,Unchecked,Unchecked,Unchecked,Unchecked,Unchecked,Unchecked,Unchecked,Unchecked,Unchecked,Unchecked,Unchecked,Unchecked,Unchecked,Unchecked,Unchecked,Unchecked,Unchecked,Unchecked,Unchecked,Unchecked,Unchecked,Unchecked,Unchecked,Unchecked,Unchecked,Unchecked,Unchecked,Unchecked,Unchecked,Unchecked,Unchecked,Unchecked,Unchecked,Unchecked,Unchecked,Unchecked,Unchecked,Unchecked,Unchecked,Unchecked,Unchecked,Unchecked,Unchecked,Unchecked,Unchecked,Unchecked,Unchecked,Unchecked,Unchecked,Unchecked,Unchecked,Unchecked,Unchecked,Unchecked,Unchecked,Unchecked,Unchecked,Unchecked,Unchecked,Unchecked,Unchecked,Unchecked,Unchecked,Unchecked,Unchecked,Unchecked,Unchecked,Unchecked,Unchecked,,No,,,"Prompt treatment (including scaling) needed",Nil,Complete,Complete
81,,,,,,,,,,,,,,,,,,,,,,,,,,Incomplete,,,,,,,,,,,,,,,,,,,,,,,,,,,,,,,,,,,,,,,,,,,,,,,,,,,,,,,,,,,,,,,,,,,,,,,,,,,,,,,,,,,,,,,,,,,,,,,,,,,,,,,,,,,,,,,,,,,,,,,,,,,,,,,,,,,,,,,,,,,,,,,,,,,,,,,,,,,,,,,,,,,,,,,,,,,,,,,,,,,,,,,,,,,,,,,,,,,,,,,,,,,,,,,,,,,,,,,,,,,,,,,,,,,,,,,,,,,,,,,,,,,,,,,,,,,,,,,,,,,,,,,,,,,,,,,,,,,,,,,,,,,,,,,,,,,,,,,,,,,,,,,,,,,,,,,,,,,,,,,,,,,,,,,,,,,,,,,,
81,Participant,1,,,,,,,,,,,,,,,,,,,,,,,,,12,12,12-15,Male,,,,English,Yes,Yes,"2026-09-05 13:26:00","Ansh shukla",,"Mahendra kumar",Father,,Signature,1788595017328.png,,,,,,,,,,"https://www.google.com/maps?q=,",1788595027042.png,No,Unchecked,Unchecked,Unchecked,,Toothbrush,Unchecked,Checked,Unchecked,Unchecked,Unchecked,,Fluoridated,Once,"Thrice or more",Yes,Yes,Checked,Unchecked,Unchecked,Checked,Unchecked,Unchecked,Unchecked,Unchecked,Unchecked,Unchecked,Unchecked,,"private clinic",,3500,Unchecked,Unchecked,Unchecked,Unchecked,Unchecked,Unchecked,Unchecked,Unchecked,Unchecked,Good,,"Permanent only",,,,,,,,,,,,,,,,,,,,,,,,,,,,,,,,,,,,,,,,,,,,,,,,,,Unerupted,"Not recorded",,"Filled no caries","No bleeding",,Sound,"No bleeding",,Sound,"No bleeding",,Normal,Sound,"No bleeding",,Normal,Sound,"No bleeding",,Normal,Sound,"No bleeding",,Normal,Sound,"No bleeding",,Normal,Sound,"No bleeding",,Normal,Sound,"No bleeding",,Normal,Sound,"No bleeding",,Normal,Sound,"No bleeding",,Sound,"No bleeding",,Sound,"No bleeding",,,,,,,,Sound,"No bleeding",,Sound,"No bleeding",,"diffuse opacity",Sound,"No bleeding",,Sound,"No bleeding",,Sound,"No bleeding",,Sound,"No bleeding",,Sound,"No bleeding",,Sound,"No bleeding",,Sound,"No bleeding",,Sound,"No bleeding",,Sound,"No bleeding",,Sound,"No bleeding",,Sound,"No bleeding",,Normal,Sound,"No bleeding",,,,,,,,,,,Normal,"No sign",,,,,,"No sign",,,,,,0,0,"Crowding present- Lower","Spacing present- Upper",0,1,1,5,5,Normal,0,No,Unchecked,Unchecked,Unchecked,Unchecked,Unchecked,Unchecked,Unchecked,Unchecked,Unchecked,Unchecked,Unchecked,Unchecked,Unchecked,Unchecked,Unchecked,Unchecked,Unchecked,Unchecked,Unchecked,Unchecked,Unchecked,Unchecked,Unchecked,Unchecked,Unchecked,Unchecked,Unchecked,Unchecked,Unchecked,Unchecked,Unchecked,Unchecked,Unchecked,Unchecked,Unchecked,Unchecked,Unchecked,Unchecked,Unchecked,Unchecked,Unchecked,Unchecked,Unchecked,Unchecked,Unchecked,Unchecked,Unchecked,Unchecked,Unchecked,Unchecked,Unchecked,Unchecked,Unchecked,Unchecked,Unchecked,Unchecked,Unchecked,Unchecked,Unchecked,Unchecked,Unchecked,Unchecked,Unchecked,Unchecked,Unchecked,Unchecked,Unchecked,Unchecked,Unchecked,Unchecked,Unchecked,Unchecked,,,,,"Prompt treatment (including scaling) needed",,Complete,Complete
81,Participant,2,,,,,,,,,,,,,,,,,,,,,,,,,1,12,12-15,Male,,,,"हिन्दी (Hindi)",Yes,Yes,"2026-09-05 13:35:44",Ansh,,Mahender,Father,,Signature,1788595580157.png,,,,,,,,,,"https://www.google.com/maps?q=,",1788595590312.png,No,Unchecked,Unchecked,Unchecked,,Toothbrush,Unchecked,Checked,Unchecked,Unchecked,Unchecked,,Fluoridated,Once,"Thrice or more",Yes,Yes,Unchecked,Unchecked,Unchecked,Checked,Unchecked,Unchecked,Unchecked,Unchecked,Unchecked,Unchecked,Unchecked,,"private clinic",,3500,Unchecked,Unchecked,Unchecked,Unchecked,Unchecked,Unchecked,Unchecked,Unchecked,Unchecked,Good,,"Permanent only",,,,,,,,,,,,,,,,,,,,,,,,,,,,,,,,,,,,,,,,,,,,,,,,,,Unerupted,"Not recorded",,"Filled no caries","No bleeding",,Sound,"No bleeding",,Sound,"No bleeding",,Normal,Sound,"No bleeding",,Normal,Sound,"No bleeding",,Normal,Sound,"No bleeding",,Normal,Sound,"No bleeding",,Normal,Sound,"No bleeding",,Normal,Sound,"No bleeding",,Normal,Sound,"No bleeding",,Normal,Sound,"No bleeding",,Sound,"No bleeding",,Sound,"No bleeding",,,,,,,,Sound,"No bleeding",,Sound,"No bleeding",,"diffuse opacity",Sound,"No bleeding",,Sound,"No bleeding",,Sound,"No bleeding",,Sound,"No bleeding",,Sound,"No bleeding",,Sound,"No bleeding",,Sound,"No bleeding",,Sound,"No bleeding",,Sound,"No bleeding",,Sound,"No bleeding",,Sound,"No bleeding",,Normal,Sound,"No bleeding",,,,,,,,,,,Normal,"No sign",,,,,,"No sign",,,,,,0,0,"Crowding present- Lower","Spacing present- Upper",0,1,1,4,0,Normal,0,No,Unchecked,Unchecked,Unchecked,Unchecked,Unchecked,Unchecked,Unchecked,Unchecked,Unchecked,Unchecked,Unchecked,Unchecked,Unchecked,Unchecked,Unchecked,Unchecked,Unchecked,Unchecked,Unchecked,Unchecked,Unchecked,Unchecked,Unchecked,Unchecked,Unchecked,Unchecked,Unchecked,Unchecked,Unchecked,Unchecked,Unchecked,Unchecked,Unchecked,Unchecked,Unchecked,Unchecked,Unchecked,Unchecked,Unchecked,Unchecked,Unchecked,Unchecked,Unchecked,Unchecked,Unchecked,Unchecked,Unchecked,Unchecked,Unchecked,Unchecked,Unchecked,Unchecked,Unchecked,Unchecked,Unchecked,Unchecked,Unchecked,Unchecked,Unchecked,Unchecked,Unchecked,Unchecked,Unchecked,Unchecked,Unchecked,Unchecked,Unchecked,Unchecked,Unchecked,Unchecked,Unchecked,Unchecked,,,,,"Prompt treatment (including scaling) needed","16 rct treated without cap , ",Complete,Complete
82,,,,,,,,,,,,,,,,,,,,,,,,,,Incomplete,,,,,,,,,,,,,,,,,,,,,,,,,,,,,,,,,,,,,,,,,,,,,,,,,,,,,,,,,,,,,,,,,,,,,,,,,,,,,,,,,,,,,,,,,,,,,,,,,,,,,,,,,,,,,,,,,,,,,,,,,,,,,,,,,,,,,,,,,,,,,,,,,,,,,,,,,,,,,,,,,,,,,,,,,,,,,,,,,,,,,,,,,,,,,,,,,,,,,,,,,,,,,,,,,,,,,,,,,,,,,,,,,,,,,,,,,,,,,,,,,,,,,,,,,,,,,,,,,,,,,,,,,,,,,,,,,,,,,,,,,,,,,,,,,,,,,,,,,,,,,,,,,,,,,,,,,,,,,,,,,,,,,,,,,,,,,,,,
82,Participant,1,,,,,,,,,,,,,,,,,,,,,,,,,12,5,4-6,Female,,,,English,,Yes,"2026-09-05 13:56:14",,Shruti,Swety,Mother,,Signature,,1788597041035.png,,,,,,,,,"https://www.google.com/maps?q=,",1788597012891.png,,Unchecked,Unchecked,Unchecked,,Toothbrush,Unchecked,Checked,Unchecked,Unchecked,Unchecked,,Non-fluoridated,Once,"Thrice or more",No,No,Unchecked,Unchecked,Unchecked,Unchecked,Unchecked,Unchecked,Unchecked,Unchecked,Unchecked,Unchecked,Unchecked,,,,,Unchecked,Unchecked,Unchecked,Unchecked,Unchecked,Unchecked,Unchecked,Checked,Unchecked,Good,"Deciduous teeth only",,,Sound,"No bleeding",Sound,"No bleeding",Sound,"No bleeding",Sound,"No bleeding",Sound,"No bleeding",Sound,"No bleeding",Sound,"No bleeding",Sound,"No bleeding",Sound,"No bleeding",Sound,"No bleeding",Sound,"No bleeding",Sound,"No bleeding",Sound,"No bleeding",Sound,"No bleeding",Sound,"No bleeding",Sound,"No bleeding",Sound,"No bleeding",Sound,"No bleeding",Sound,"No bleeding",Sound,"No bleeding",Normal,Normal,Normal,Normal,"DMH absent",,,,,,,,,,,,,,,,,,,,,,,,,,,,,,,,,,,,,,,,,,,,,,,,,,,,,,,,,,,,,,,,,,,,,,,,,,,,,,,,,,,,,,,,,,,,,,,,,,,,,,,,,,,,,,,,,,"No sign",,,,,,"No sign",,,,,,,,,,,,,,,,,No,Unchecked,Unchecked,Unchecked,Unchecked,Unchecked,Unchecked,Unchecked,Unchecked,Unchecked,Unchecked,Unchecked,Unchecked,Unchecked,Unchecked,Unchecked,Unchecked,Unchecked,Unchecked,Unchecked,Unchecked,Unchecked,Unchecked,Unchecked,Unchecked,Unchecked,Unchecked,Unchecked,Unchecked,Unchecked,Unchecked,Unchecked,Unchecked,Unchecked,Unchecked,Unchecked,Unchecked,Unchecked,Unchecked,Unchecked,Unchecked,Unchecked,Unchecked,Unchecked,Unchecked,Unchecked,Unchecked,Unchecked,Unchecked,Unchecked,Unchecked,Unchecked,Unchecked,Unchecked,Unchecked,Unchecked,Unchecked,Unchecked,Unchecked,Unchecked,Unchecked,Unchecked,Unchecked,Unchecked,Unchecked,Unchecked,Unchecked,Unchecked,Unchecked,Unchecked,Unchecked,Unchecked,Unchecked,,,,,"no treatment needed",,Complete,Complete
82,Participant,2,,,,,,,,,,,,,,,,,,,,,,,,,1,5,4-6,Female,,,,"हिन्दी (Hindi)",,Yes,"2026-09-05 14:01:43",,Shruti,Sweety,Mother,,Signature,,1788597136011.png,,,,,,,,,"https://www.google.com/maps?q=,",1788597148318.png,,Unchecked,Unchecked,Unchecked,,Toothbrush,Unchecked,Checked,Unchecked,Unchecked,Unchecked,,Fluoridated,Once,Once,No,No,Unchecked,Unchecked,Unchecked,Unchecked,Unchecked,Unchecked,Unchecked,Unchecked,Unchecked,Unchecked,Unchecked,,,,,Unchecked,Unchecked,Unchecked,Unchecked,Unchecked,Unchecked,Unchecked,Unchecked,Checked,Excellent,"Deciduous teeth only",,,Sound,"No bleeding",Sound,"No bleeding",Sound,"No bleeding",Sound,"No bleeding",Sound,"No bleeding",Sound,"No bleeding",Sound,"No bleeding",Sound,"No bleeding",Sound,"No bleeding",Sound,"No bleeding",Sound,"No bleeding",Sound,"No bleeding",Sound,"No bleeding",Sound,"No bleeding",Sound,"No bleeding",Sound,"No bleeding",Sound,"No bleeding",Sound,"No bleeding",Sound,"No bleeding",Sound,"No bleeding",Normal,Normal,Normal,Normal,"DMH absent",,,,,,,,,,,,,,,,,,,,,,,,,,,,,,,,,,,,,,,,,,,,,,,,,,,,,,,,,,,,,,,,,,,,,,,,,,,,,,,,,,,,,,,,,,,,,,,,,,,,,,,,,,,,,,,,,,"No sign",,,,,,"No sign",,,,,,,,,,,,,,,,,No,Unchecked,Unchecked,Unchecked,Unchecked,Unchecked,Unchecked,Unchecked,Unchecked,Unchecked,Unchecked,Unchecked,Unchecked,Unchecked,Unchecked,Unchecked,Unchecked,Unchecked,Unchecked,Unchecked,Unchecked,Unchecked,Unchecked,Unchecked,Unchecked,Unchecked,Unchecked,Unchecked,Unchecked,Unchecked,Unchecked,Unchecked,Unchecked,Unchecked,Unchecked,Unchecked,Unchecked,Unchecked,Unchecked,Unchecked,Unchecked,Unchecked,Unchecked,Unchecked,Unchecked,Unchecked,Unchecked,Unchecked,Unchecked,Unchecked,Unchecked,Unchecked,Unchecked,Unchecked,Unchecked,Unchecked,Unchecked,Unchecked,Unchecked,Unchecked,Unchecked,Unchecked,Unchecked,Unchecked,Unchecked,Unchecked,Unchecked,Unchecked,Unchecked,Unchecked,Unchecked,Unchecked,Unchecked,,,,,"Preventive or routine treatment needed",Nil,Complete,Complete
83,,,,,,,,,,,,,,,,,,,,,,,,,,Incomplete,,,,,,,,,,,,,,,,,,,,,,,,,,,,,,,,,,,,,,,,,,,,,,,,,,,,,,,,,,,,,,,,,,,,,,,,,,,,,,,,,,,,,,,,,,,,,,,,,,,,,,,,,,,,,,,,,,,,,,,,,,,,,,,,,,,,,,,,,,,,,,,,,,,,,,,,,,,,,,,,,,,,,,,,,,,,,,,,,,,,,,,,,,,,,,,,,,,,,,,,,,,,,,,,,,,,,,,,,,,,,,,,,,,,,,,,,,,,,,,,,,,,,,,,,,,,,,,,,,,,,,,,,,,,,,,,,,,,,,,,,,,,,,,,,,,,,,,,,,,,,,,,,,,,,,,,,,,,,,,,,,,,,,,,,,,,,,,,
83,Participant,1,,,,,,,,,,,,,,,,,,,,,,,,,12,13,12-15,Male,,,,"हिन्दी (Hindi)",Yes,Yes,"2026-09-05 14:06:08",Love,,Manish,Father,,Signature,1788597406936.png,,,,,,,,,,"https://www.google.com/maps?q=,",1788597420818.png,No,Unchecked,Unchecked,Unchecked,,Toothbrush,Unchecked,Checked,Unchecked,Unchecked,Unchecked,,Fluoridated,Once,"Thrice or more",Yes,No,Unchecked,Unchecked,Unchecked,Unchecked,Unchecked,Unchecked,Unchecked,Unchecked,Unchecked,Unchecked,Unchecked,,,,,Unchecked,Unchecked,Unchecked,Unchecked,Unchecked,Unchecked,Unchecked,Checked,Unchecked,Good,,"Permanent only",,,,,,,,,,,,,,,,,,,,,,,,,,,,,,,,,,,,,,,,,,,,,,,,,,Sound,"No bleeding",,Sound,"No bleeding",,Sound,"No bleeding",,Sound,"No bleeding",,Normal,Sound,"No bleeding",,Normal,Sound,"No bleeding",,Normal,Sound,"No bleeding",,Normal,Sound,"No bleeding",,Normal,Sound,"No bleeding",,Normal,Sound,"No bleeding",,Normal,Sound,"No bleeding",,Normal,Sound,"No bleeding",,Sound,"No bleeding",,Sound,"No bleeding",,,,,,,,Sound,"No bleeding",,"Coronal caries","No bleeding",,Normal,Sound,"No bleeding",,Sound,"No bleeding",,Sound,"No bleeding",,Sound,"No bleeding",,Sound,"No bleeding",,Sound,Bleeding,,Sound,"No bleeding",,Sound,"No bleeding",,Sound,"No bleeding",,Sound,"No bleeding",,"Coronal caries","No bleeding",,Normal,Sound,"No bleeding",,,,,,,,,,,"Very mild","No sign",,,,,,"Enamel+dentine fracture",2,,,,,0,0,"Crowding present- Lower","Spacing present- Upper",0,1,1,1,1,"Half cusp",0,No,Unchecked,Unchecked,Unchecked,Unchecked,Unchecked,Unchecked,Unchecked,Unchecked,Unchecked,Unchecked,Unchecked,Unchecked,Unchecked,Unchecked,Unchecked,Unchecked,Unchecked,Unchecked,Unchecked,Unchecked,Unchecked,Unchecked,Unchecked,Unchecked,Unchecked,Unchecked,Unchecked,Unchecked,Unchecked,Unchecked,Unchecked,Unchecked,Unchecked,Unchecked,Unchecked,Unchecked,Unchecked,Unchecked,Unchecked,Unchecked,Unchecked,Unchecked,Unchecked,Unchecked,Unchecked,Unchecked,Unchecked,Unchecked,Unchecked,Unchecked,Unchecked,Unchecked,Unchecked,Unchecked,Unchecked,Unchecked,Unchecked,Unchecked,Unchecked,Unchecked,Unchecked,Unchecked,Unchecked,Unchecked,Unchecked,Unchecked,Unchecked,Unchecked,Unchecked,Unchecked,Unchecked,Unchecked,,,,,"Prompt treatment (including scaling) needed",,Complete,Complete
83,Participant,2,,,,,,,,,,,,,,,,,,,,,,,,,01,13,12-15,Male,,,,"हिन्दी (Hindi)",Yes,Yes,"2026-09-05 14:16:59",Love,,Krishna,Mother,,Signature,1788598048670.png,1788598058793.png,,,,,,,,,"https://www.google.com/maps?q=,",1788598065995.png,No,Unchecked,Unchecked,Unchecked,,"did not clean",Checked,Unchecked,Unchecked,Unchecked,Unchecked,,,"Did not clean",Twice,No,No,Unchecked,Unchecked,Unchecked,Unchecked,Unchecked,Unchecked,Unchecked,Unchecked,Unchecked,Unchecked,Unchecked,,,,,Unchecked,Unchecked,Unchecked,Unchecked,Unchecked,Unchecked,Unchecked,Unchecked,Checked,Good,,"Permanent only",,,,,,,,,,,,,,,,,,,,,,,,,,,,,,,,,,,,,,,,,,,,,,,,,,Sound,"No bleeding",,Sound,"No bleeding",,Sound,"No bleeding",,Sound,"No bleeding",,Normal,Sound,"No bleeding",,Normal,Sound,"No bleeding",,Normal,Sound,"No bleeding",,"demarcated opacity",Sound,"No bleeding",,Normal,Sound,"No bleeding",,Normal,Sound,"No bleeding",,Normal,Sound,"No bleeding",,Normal,Sound,"No bleeding",,Sound,"No bleeding",,Sound,"No bleeding",,,,,,,,Sound,"No bleeding",,Sound,"No bleeding",,Normal,Sound,"No bleeding",,Sound,"No bleeding",,Sound,"No bleeding",,Sound,"No bleeding",,Sound,"No bleeding",,Sound,"No bleeding",,Sound,"No bleeding",,Sound,"No bleeding",,Sound,"No bleeding",,Sound,"No bleeding",,Sound,"No bleeding",,Normal,Sound,"No bleeding",,,,,,,,,,,Normal,"No sign",,,,,,"Enamel+dentine fracture",1,,,,,0,0,"Crowding present- Lower","No spacing",0,0,1,2,0,Normal,0,No,Unchecked,Unchecked,Unchecked,Unchecked,Unchecked,Unchecked,Unchecked,Unchecked,Unchecked,Unchecked,Unchecked,Unchecked,Unchecked,Unchecked,Unchecked,Unchecked,Unchecked,Unchecked,Unchecked,Unchecked,Unchecked,Unchecked,Unchecked,Unchecked,Unchecked,Unchecked,Unchecked,Unchecked,Unchecked,Unchecked,Unchecked,Unchecked,Unchecked,Unchecked,Unchecked,Unchecked,Unchecked,Unchecked,Unchecked,Unchecked,Unchecked,Unchecked,Unchecked,Unchecked,Unchecked,Unchecked,Unchecked,Unchecked,Unchecked,Unchecked,Unchecked,Unchecked,Unchecked,Unchecked,Unchecked,Unchecked,Unchecked,Unchecked,Unchecked,Unchecked,Unchecked,Unchecked,Unchecked,Unchecked,Unchecked,Unchecked,Unchecked,Unchecked,Unchecked,Unchecked,Unchecked,Unchecked,,,,,"Prompt treatment (including scaling) needed",Nil,Complete,Complete
84,,,,,,,,,,,,,,,,,,,,,,,,,,Incomplete,,,,,,,,,,,,,,,,,,,,,,,,,,,,,,,,,,,,,,,,,,,,,,,,,,,,,,,,,,,,,,,,,,,,,,,,,,,,,,,,,,,,,,,,,,,,,,,,,,,,,,,,,,,,,,,,,,,,,,,,,,,,,,,,,,,,,,,,,,,,,,,,,,,,,,,,,,,,,,,,,,,,,,,,,,,,,,,,,,,,,,,,,,,,,,,,,,,,,,,,,,,,,,,,,,,,,,,,,,,,,,,,,,,,,,,,,,,,,,,,,,,,,,,,,,,,,,,,,,,,,,,,,,,,,,,,,,,,,,,,,,,,,,,,,,,,,,,,,,,,,,,,,,,,,,,,,,,,,,,,,,,,,,,,,,,,,,,,
84,Participant,1,,,,,,,,,,,,,,,,,,,,,,,,,14,35,35-44,Male,,"Graduate or higher","Salesmen, Shop Assistants And Related Workers",English,,Yes,"2026-09-05 14:32:09",Deepak,,,,,Signature,1788598950637.png,,,,,,,28.4475251,77.7035177,,"https://www.google.com/maps?q=28.4475251,77.7035177",1788598959318.png,No,Unchecked,Unchecked,Unchecked,No,Toothbrush,Unchecked,Checked,Unchecked,Unchecked,Unchecked,,Fluoridated,Once,"Thrice or more",No,No,Unchecked,Unchecked,Unchecked,Unchecked,Unchecked,Unchecked,Unchecked,Unchecked,Unchecked,Unchecked,Unchecked,,,,,Unchecked,Unchecked,Unchecked,Unchecked,Unchecked,Unchecked,Unchecked,Unchecked,Unchecked,Good,,,,,,,,,,,,,,,,,,,,,,,,,,,,,,,,,,,,,,,,,,,,,,,,,Unerupted,"Not recorded","Not recorded",Sound,"No bleeding","No pocket",Sound,"No bleeding","No pocket",Sound,"No bleeding","No pocket",Sound,"No bleeding","No pocket",Normal,Sound,"No bleeding","No pocket",Normal,Sound,"No bleeding","No pocket",Normal,Sound,"No bleeding","No pocket",Normal,Sound,"No bleeding","No pocket","demarcated opacity",Sound,"No bleeding","No pocket",Normal,Sound,,"No pocket",Normal,Sound,"No bleeding","No pocket",Normal,Sound,"No bleeding","No pocket",Sound,"No bleeding","No pocket",Sound,"No bleeding","No pocket",Unerupted,"Not recorded","Not recorded",Unerupted,"Not recorded","Not recorded",Sound,"No bleeding","No pocket",Sound,"No bleeding","No pocket",Normal,Sound,"No bleeding","Pocket of 4-5 mm",Sound,"No bleeding","No pocket",Sound,"No bleeding","Pocket of 4-5 mm",Sound,"No bleeding","No pocket",Sound,"No bleeding","No pocket",Sound,Bleeding,"No pocket",Sound,"No bleeding","No pocket",Sound,"No bleeding","No pocket",Sound,"No bleeding","No pocket",Sound,Bleeding,"No pocket",Sound,"No bleeding","No pocket",Normal,Sound,"No bleeding","No pocket",Unerupted,"Not recorded","Not recorded","0-3 mm","0-3 mm","0-3 mm","0-3 mm","0-3 mm","0-3 mm",Normal,"No sign",,Absent,,Present,12,"Enamel fracture only",1,Yes,No,No,Yes,0,0,"No crowding","No spacing",0,0,0,2,0,Normal,0,No,Unchecked,Unchecked,Unchecked,Unchecked,Unchecked,Unchecked,Unchecked,Unchecked,Unchecked,Unchecked,Unchecked,Unchecked,Unchecked,Unchecked,Unchecked,Unchecked,Unchecked,Unchecked,Unchecked,Unchecked,Unchecked,Unchecked,Unchecked,Unchecked,Unchecked,Unchecked,Unchecked,Unchecked,Unchecked,Unchecked,Unchecked,Unchecked,Unchecked,Unchecked,Unchecked,Unchecked,Unchecked,Unchecked,Unchecked,Unchecked,Unchecked,Unchecked,Unchecked,Unchecked,Unchecked,Unchecked,Unchecked,Unchecked,Unchecked,Unchecked,Unchecked,Unchecked,Unchecked,Unchecked,Unchecked,Unchecked,Unchecked,Unchecked,Unchecked,Unchecked,Unchecked,Unchecked,Unchecked,Unchecked,Unchecked,Unchecked,Unchecked,Unchecked,Unchecked,Unchecked,Unchecked,Unchecked,,No,,,"Preventive or routine treatment needed",Nil,Complete,Complete
84,Participant,2,,,,,,,,,,,,,,,,,,,,,,,,,03,35,35-44,Male,,"Graduate or higher","Salesmen, Shop Assistants And Related Workers",English,,Yes,"2026-09-05 14:43:13",Deepak,,,,,Signature,1788599613440.png,,,,,,,28.4475279,77.7035156,,"https://www.google.com/maps?q=28.4475279,77.7035156",1788599623859.png,No,Unchecked,Unchecked,Unchecked,No,Toothbrush,Unchecked,Checked,Unchecked,Unchecked,Unchecked,,Fluoridated,Once,"Thrice or more",No,No,Unchecked,Unchecked,Unchecked,Unchecked,Unchecked,Unchecked,Unchecked,Unchecked,Unchecked,Unchecked,Unchecked,,,,,Unchecked,Unchecked,Unchecked,Unchecked,Unchecked,Unchecked,Unchecked,Unchecked,Unchecked,Good,,,,,,,,,,,,,,,,,,,,,,,,,,,,,,,,,,,,,,,,,,,,,,,,,Unerupted,"Not recorded","Not recorded",Sound,"No bleeding","No pocket",Sound,"No bleeding","No pocket",Sound,"No bleeding","No pocket",Sound,"No bleeding","No pocket",Normal,Sound,"No bleeding","No pocket",Normal,Sound,"No bleeding","No pocket",Normal,Sound,"No bleeding","No pocket",Normal,Sound,"No bleeding","No pocket",Normal,Sound,"No bleeding","No pocket",Normal,Sound,"No bleeding","No pocket",Normal,Sound,"No bleeding","No pocket",Normal,Sound,"No bleeding","No pocket",Sound,"No bleeding","No pocket",Sound,"No bleeding","No pocket",Unerupted,"Not recorded","Not recorded",Unerupted,"Not recorded","Not recorded",Sound,"No bleeding","No pocket",Sound,"No bleeding","No pocket",Normal,Sound,"No bleeding","Pocket of 4-5 mm",Sound,"No bleeding","No pocket",Sound,"No bleeding","No pocket",Sound,"No bleeding","No pocket",Sound,"No bleeding","No pocket",Sound,"No bleeding","No pocket",Sound,"No bleeding","No pocket",Sound,Bleeding,"No pocket",Sound,Bleeding,"No pocket",Sound,"No bleeding","No pocket",Sound,"No bleeding","No pocket",Normal,Sound,"No bleeding","No pocket",Unerupted,"Not recorded","Not recorded","0-3 mm","0-3 mm","0-3 mm","0-3 mm","0-3 mm","0-3 mm",Normal,"No sign",,Absent,,Present,6,"Enamel fracture only",1,Yes,No,No,Yes,0,0,"No crowding","No spacing",0,0,0,2,0,Normal,0,No,Unchecked,Unchecked,Unchecked,Unchecked,Unchecked,Unchecked,Unchecked,Unchecked,Unchecked,Unchecked,Unchecked,Unchecked,Unchecked,Unchecked,Unchecked,Unchecked,Unchecked,Unchecked,Unchecked,Unchecked,Unchecked,Unchecked,Unchecked,Unchecked,Unchecked,Unchecked,Unchecked,Unchecked,Unchecked,Unchecked,Unchecked,Unchecked,Unchecked,Unchecked,Unchecked,Unchecked,Unchecked,Unchecked,Unchecked,Unchecked,Unchecked,Unchecked,Unchecked,Unchecked,Unchecked,Unchecked,Unchecked,Unchecked,Unchecked,Unchecked,Unchecked,Unchecked,Unchecked,Unchecked,Unchecked,Unchecked,Unchecked,Unchecked,Unchecked,Unchecked,Unchecked,Unchecked,Unchecked,Unchecked,Unchecked,Unchecked,Unchecked,Unchecked,Unchecked,Unchecked,Unchecked,Unchecked,,No,,,"Prompt treatment (including scaling) needed",,Complete,Complete
85,,,6,13,"Willing to participate",,,,,,,,,,,,,,,,,,,,,Complete,,,,,,,,,,,,,,,,,,,,,,,,,,,,,,,,,,,,,,,,,,,,,,,,,,,,,,,,,,,,,,,,,,,,,,,,,,,,,,,,,,,,,,,,,,,,,,,,,,,,,,,,,,,,,,,,,,,,,,,,,,,,,,,,,,,,,,,,,,,,,,,,,,,,,,,,,,,,,,,,,,,,,,,,,,,,,,,,,,,,,,,,,,,,,,,,,,,,,,,,,,,,,,,,,,,,,,,,,,,,,,,,,,,,,,,,,,,,,,,,,,,,,,,,,,,,,,,,,,,,,,,,,,,,,,,,,,,,,,,,,,,,,,,,,,,,,,,,,,,,,,,,,,,,,,,,,,,,,,,,,,,,,,,,,,,,,,,,
85,Participant,1,,,,,,,,,,,,,,,,,,,,,,,,,14,40,35-44,Female,,"Graduate or higher","Social Scientists And Related Workers",English,,Yes,"2026-09-06 08:36:00",Pooja,,,,,Signature,1788663990622.png,,,,,,,,,,,1788663997255.png,No,Unchecked,Unchecked,Unchecked,No,Toothbrush,Unchecked,Checked,Unchecked,Unchecked,Unchecked,,Fluoridated,Twice,Twice,Yes,Yes,Checked,Unchecked,Unchecked,Checked,Unchecked,Unchecked,Unchecked,Unchecked,Unchecked,Unchecked,Unchecked,,"private clinic",,250,Unchecked,Unchecked,Unchecked,Unchecked,Unchecked,Unchecked,Unchecked,Unchecked,Unchecked,Average,,,,,,,,,,,,,,,,,,,,,,,,,,,,,,,,,,,,,,,,,,,,,,,,,"Coronal caries","No bleeding","No pocket",Sound,"No bleeding","No pocket",Sound,"No bleeding","No pocket",Sound,"No bleeding","No pocket",Sound,"No bleeding","No pocket",Normal,Sound,"No bleeding","No pocket",Normal,Sound,"No bleeding","No pocket",Normal,Sound,"No bleeding","No pocket",Normal,Sound,"No bleeding","No pocket",Normal,Sound,"No bleeding","No pocket",Normal,Sound,"No bleeding","No pocket",Normal,Sound,"No bleeding","No pocket",Normal,Sound,Bleeding,"No pocket",Sound,"No bleeding","No pocket",Sound,"No bleeding","No pocket","Coronal caries",Bleeding,"No pocket","Coronal caries","No bleeding","No pocket",Sound,"No bleeding","No pocket",Sound,"No bleeding","No pocket",Normal,Sound,"No bleeding","No pocket",Sound,"No bleeding","No pocket",Sound,"No bleeding","No pocket",Sound,"No bleeding","No pocket",Sound,"No bleeding","No pocket",Sound,"No bleeding","No pocket",Sound,"No bleeding","No pocket",Sound,Bleeding,"No pocket",Sound,"No bleeding","No pocket",Sound,"No bleeding","No pocket","Filled with caries","No bleeding","No pocket",Normal,Sound,"No bleeding","No pocket","Coronal caries","No bleeding","No pocket","0-3 mm","0-3 mm","0-3 mm","0-3 mm","0-3 mm","0-3 mm",Normal,"No sign",,Absent,,Present,6,"No sign",,Yes,No,No,No,0,0,"Crowding present- Lower","No spacing",0,0,2,1,0,Normal,0,No,Unchecked,Unchecked,Unchecked,Unchecked,Unchecked,Unchecked,Unchecked,Unchecked,Unchecked,Unchecked,Unchecked,Unchecked,Unchecked,Unchecked,Unchecked,Unchecked,Unchecked,Unchecked,Unchecked,Unchecked,Unchecked,Unchecked,Unchecked,Unchecked,Unchecked,Unchecked,Unchecked,Unchecked,Unchecked,Unchecked,Unchecked,Unchecked,Unchecked,Unchecked,Unchecked,Unchecked,Unchecked,Unchecked,Unchecked,Unchecked,Unchecked,Unchecked,Unchecked,Unchecked,Unchecked,Unchecked,Unchecked,Unchecked,Unchecked,Unchecked,Unchecked,Unchecked,Unchecked,Unchecked,Unchecked,Unchecked,Unchecked,Unchecked,Unchecked,Unchecked,Unchecked,Unchecked,Unchecked,Unchecked,Unchecked,Unchecked,Unchecked,Unchecked,Unchecked,Unchecked,Unchecked,Unchecked,,No,,,"Prompt treatment (including scaling) needed",Nil,Complete,Complete
86,,,,,,,,,,,,,,,,,,,,,,,,,,Incomplete,,,,,,,,,,,,,,,,,,,,,,,,,,,,,,,,,,,,,,,,,,,,,,,,,,,,,,,,,,,,,,,,,,,,,,,,,,,,,,,,,,,,,,,,,,,,,,,,,,,,,,,,,,,,,,,,,,,,,,,,,,,,,,,,,,,,,,,,,,,,,,,,,,,,,,,,,,,,,,,,,,,,,,,,,,,,,,,,,,,,,,,,,,,,,,,,,,,,,,,,,,,,,,,,,,,,,,,,,,,,,,,,,,,,,,,,,,,,,,,,,,,,,,,,,,,,,,,,,,,,,,,,,,,,,,,,,,,,,,,,,,,,,,,,,,,,,,,,,,,,,,,,,,,,,,,,,,,,,,,,,,,,,,,,,,,,,,,,
86,Participant,1,,,,,,,,,,,,,,,,,,,,,,,,,18,35,35-44,Male,,"Graduate or higher","Protective Service Workers","हिन्दी (Hindi)",,Yes,"2026-09-07 10:44:07","Ajeet patel",,,,,Signature,1788758096613.png,,,Harendra,1788759180306.png,,,28.5657936,77.2128853,,"https://www.google.com/maps?q=28.5657936,77.2128853",1788758102632.png,No,Unchecked,Unchecked,Unchecked,Yes,Toothbrush,Unchecked,Checked,Unchecked,Unchecked,Unchecked,,Fluoridated,Once,Twice,No,No,Unchecked,Unchecked,Unchecked,Unchecked,Unchecked,Unchecked,Unchecked,Unchecked,Unchecked,Unchecked,Unchecked,,,,,Unchecked,Unchecked,Unchecked,Unchecked,Unchecked,Unchecked,Unchecked,Checked,Unchecked,Good,,,,,,,,,,,,,,,,,,,,,,,,,,,,,,,,,,,,,,,,,,,,,,,,,Unerupted,"Not recorded","Not recorded",Sound,"No bleeding","No pocket",Sound,"No bleeding","No pocket",Sound,"No bleeding","No pocket",Sound,"No bleeding","No pocket","demarcated opacity",Sound,"No bleeding","No pocket","demarcated opacity",Sound,"No bleeding","No pocket","demarcated opacity",Sound,"No bleeding","No pocket",Normal,Sound,"No bleeding","No pocket",Normal,Sound,"No bleeding","No pocket",Normal,Sound,"No bleeding","No pocket","demarcated opacity",Sound,"No bleeding","No pocket","demarcated opacity",Sound,"No bleeding","No pocket",Sound,"No bleeding","No pocket",Sound,"No bleeding","No pocket",Sound,"No bleeding","Not recorded",Sound,"No bleeding","No pocket",Sound,"No bleeding","No pocket",Sound,"No bleeding","No pocket",Normal,Sound,"No bleeding","No pocket",Sound,"No bleeding","No pocket",Sound,"No bleeding","No pocket",Sound,"No bleeding","No pocket",Sound,"No bleeding","No pocket",Sound,"No bleeding","No pocket",Sound,"No bleeding","No pocket",Sound,"No bleeding","No pocket",Sound,"No bleeding","No pocket",Sound,"No bleeding","No pocket","Coronal caries","No bleeding","No pocket",Normal,Sound,"No bleeding","No pocket",Sound,"No bleeding","No pocket","0-3 mm","0-3 mm","0-3 mm","0-3 mm","0-3 mm","0-3 mm",Questionable,"No sign",,Absent,,Present,7,"No sign",,No,No,No,No,0,0,"No crowding","Spacing present- Upper",1,0,1,2,0,Normal,0,No,Unchecked,Unchecked,Unchecked,Unchecked,Unchecked,Unchecked,Unchecked,Unchecked,Unchecked,Unchecked,Unchecked,Unchecked,Unchecked,Unchecked,Unchecked,Unchecked,Unchecked,Unchecked,Unchecked,Unchecked,Unchecked,Unchecked,Unchecked,Unchecked,Unchecked,Unchecked,Unchecked,Unchecked,Unchecked,Unchecked,Unchecked,Unchecked,Unchecked,Unchecked,Unchecked,Unchecked,Unchecked,Unchecked,Unchecked,Unchecked,Unchecked,Unchecked,Unchecked,Unchecked,Unchecked,Unchecked,Unchecked,Unchecked,Unchecked,Unchecked,Unchecked,Unchecked,Unchecked,Unchecked,Unchecked,Unchecked,Unchecked,Unchecked,Unchecked,Unchecked,Unchecked,Unchecked,Unchecked,Unchecked,Unchecked,Unchecked,Unchecked,Unchecked,Unchecked,Unchecked,Unchecked,Unchecked,,No,,,"Prompt treatment (including scaling) needed",,Complete,Complete
86,Participant,2,,,,,,,,,,,,,,,,,,,,,,,,,,35,35-44,Male,,"Graduate or higher","Protective Service Workers",English,,Yes,"2026-09-07 11:06:24","Ajeet patel",,,,,Signature,1788759411345.png,,,Akhilesh,1788759432913.png,,,28.5657803,77.2128733,,"https://www.google.com/maps?q=28.5657803,77.2128733",1788759421875.png,No,Unchecked,Unchecked,Unchecked,No,Toothbrush,Unchecked,Checked,Unchecked,Unchecked,Unchecked,,Fluoridated,Once,Once,No,No,Unchecked,Unchecked,Unchecked,Unchecked,Unchecked,Unchecked,Unchecked,Unchecked,Unchecked,Unchecked,Unchecked,,,,,Unchecked,Unchecked,Unchecked,Unchecked,Unchecked,Unchecked,Unchecked,Checked,Unchecked,Good,,,,,,,,,,,,,,,,,,,,,,,,,,,,,,,,,,,,,,,,,,,,,,,,,Unerupted,"Not recorded","Not recorded",Sound,"No bleeding","No pocket",Sound,"No bleeding","No pocket",Sound,"No bleeding","No pocket",Sound,"No bleeding","No pocket","diffuse opacity",Sound,"No bleeding","No pocket",Normal,Sound,"No bleeding","No pocket",Normal,Sound,"No bleeding","No pocket",Normal,Sound,"No bleeding","No pocket",Normal,Sound,"No bleeding","No pocket",Normal,Sound,"No bleeding","No pocket","demarcated opacity",Sound,"No bleeding","No pocket","demarcated opacity",Sound,"No bleeding","No pocket",Sound,"No bleeding","No pocket",Sound,"No bleeding","No pocket",Sound,"No bleeding","No pocket","Coronal caries","No bleeding","No pocket",Sound,"No bleeding","No pocket",Sound,"No bleeding","No pocket",Normal,Sound,"No bleeding","No pocket",Sound,"No bleeding","No pocket",Sound,"No bleeding","No pocket",Sound,"No bleeding","No pocket",Sound,"No bleeding","No pocket",Sound,"No bleeding","No pocket",Sound,"No bleeding","No pocket",Sound,"No bleeding","No pocket",Sound,"No bleeding","No pocket",Sound,"No bleeding","No pocket",Sound,"No bleeding","No pocket",Normal,"Coronal caries","No bleeding","No pocket","Coronal caries","No bleeding","No pocket","0-3 mm","0-3 mm","0-3 mm","0-3 mm","0-3 mm","0-3 mm",Normal,"No sign",,Present,6,Present,4,"No sign",,No,No,No,No,0,0,"No crowding","No spacing",1,0,0,2,0,"Half cusp",0,No,Unchecked,Unchecked,Unchecked,Unchecked,Unchecked,Unchecked,Unchecked,Unchecked,Unchecked,Unchecked,Unchecked,Unchecked,Unchecked,Unchecked,Unchecked,Unchecked,Unchecked,Unchecked,Unchecked,Unchecked,Unchecked,Unchecked,Unchecked,Unchecked,Unchecked,Unchecked,Unchecked,Unchecked,Unchecked,Unchecked,Unchecked,Unchecked,Unchecked,Unchecked,Unchecked,Unchecked,Unchecked,Unchecked,Unchecked,Unchecked,Unchecked,Unchecked,Unchecked,Unchecked,Unchecked,Unchecked,Unchecked,Unchecked,Unchecked,Unchecked,Unchecked,Unchecked,Unchecked,Unchecked,Unchecked,Unchecked,Unchecked,Unchecked,Unchecked,Unchecked,Unchecked,Unchecked,Unchecked,Unchecked,Unchecked,Unchecked,Unchecked,Unchecked,Unchecked,Unchecked,Unchecked,Unchecked,,No,,,"Prompt treatment (including scaling) needed",,Complete,Complete
87,,,,,,,,,,,,,,,,,,,,,,,,,,Incomplete,,,,,,,,,,,,,,,,,,,,,,,,,,,,,,,,,,,,,,,,,,,,,,,,,,,,,,,,,,,,,,,,,,,,,,,,,,,,,,,,,,,,,,,,,,,,,,,,,,,,,,,,,,,,,,,,,,,,,,,,,,,,,,,,,,,,,,,,,,,,,,,,,,,,,,,,,,,,,,,,,,,,,,,,,,,,,,,,,,,,,,,,,,,,,,,,,,,,,,,,,,,,,,,,,,,,,,,,,,,,,,,,,,,,,,,,,,,,,,,,,,,,,,,,,,,,,,,,,,,,,,,,,,,,,,,,,,,,,,,,,,,,,,,,,,,,,,,,,,,,,,,,,,,,,,,,,,,,,,,,,,,,,,,,,,,,,,,,
87,Participant,1,,,,,,,,,,,,,,,,,,,,,,,,,19,35,35-44,Female,,Primary,"House Keepers, Matron And Stewards (Domestic & Institutional)","हिन्दी (Hindi)",,Yes,"2026-09-07 11:23:33","Tabbusum khatun",,,,,Signature,1788760459491.png,,,Akhilesh,1788760469845.png,,,28.5657048,77.2127793,,"https://www.google.com/maps?q=28.5657048,77.2127793",1788760481459.png,No,Unchecked,Unchecked,Unchecked,No,Toothbrush,Unchecked,Checked,Unchecked,Unchecked,Unchecked,,Fluoridated,Once,Once,Yes,Yes,Checked,Unchecked,Unchecked,Unchecked,Unchecked,Unchecked,Unchecked,Unchecked,Unchecked,Unchecked,Unchecked,,"private clinic",,40,Unchecked,Unchecked,Unchecked,Unchecked,Unchecked,Unchecked,Unchecked,Unchecked,Unchecked,Average,,,,,,,,,,,,,,,,,,,,,,,,,,,,,,,,,,,,,,,,,,,,,,,,,"Both coronal and root caries","No bleeding","Pocket of 4-5 mm",Sound,"No bleeding","No pocket",Sound,"No bleeding","No pocket",Sound,"No bleeding","No pocket",Sound,"No bleeding","No pocket",Normal,Sound,"No bleeding","No pocket",Normal,Sound,"No bleeding","No pocket",Normal,Sound,"No bleeding","No pocket",Normal,Sound,"No bleeding","No pocket",Normal,Sound,"No bleeding","No pocket",Normal,Sound,"No bleeding","No pocket",Normal,Sound,"No bleeding","No pocket",Normal,Sound,"No bleeding","No pocket",Sound,"No bleeding","No pocket",Sound,"No bleeding","No pocket","Missing due to caries","Not recorded","Not recorded",Unerupted,"Not recorded","Not recorded","Coronal caries","No bleeding","No pocket","Coronal caries","No bleeding","No pocket",Normal,Sound,"No bleeding","No pocket",Sound,"No bleeding","Not recorded",Sound,"No bleeding","Not recorded",Sound,"No bleeding","Pocket of 4-5 mm",Sound,"No bleeding","Not recorded",Sound,"No bleeding","Not recorded",Sound,"No bleeding","Not recorded",Sound,"No bleeding","No pocket",Sound,"No bleeding","Pocket of 4-5 mm",Sound,"No bleeding","No pocket",Sound,"No bleeding","No pocket",Normal,"Coronal caries","No bleeding","No pocket",Unerupted,"Not recorded","Not recorded","0-3 mm","0-3 mm","0-3 mm","0-3 mm","4-5 mm Cemento-enamel Junction (CEJ) within black band","0-3 mm",Normal,"No sign",,Present,16,Present,4,"No sign",,No,No,No,Yes,0,0,"Crowding present- Upper","No spacing",0,1,0,2,0,Normal,4,No,Unchecked,Unchecked,Unchecked,Unchecked,Unchecked,Unchecked,Unchecked,Unchecked,Unchecked,Unchecked,Unchecked,Unchecked,Unchecked,Unchecked,Unchecked,Unchecked,Unchecked,Unchecked,Unchecked,Unchecked,Unchecked,Unchecked,Unchecked,Unchecked,Unchecked,Unchecked,Unchecked,Unchecked,Unchecked,Unchecked,Unchecked,Unchecked,Unchecked,Unchecked,Unchecked,Unchecked,Unchecked,Unchecked,Unchecked,Unchecked,Unchecked,Unchecked,Unchecked,Unchecked,Unchecked,Unchecked,Unchecked,Unchecked,Unchecked,Unchecked,Unchecked,Unchecked,Unchecked,Unchecked,Unchecked,Unchecked,Unchecked,Unchecked,Unchecked,Unchecked,Unchecked,Unchecked,Unchecked,Unchecked,Unchecked,Unchecked,Unchecked,Unchecked,Unchecked,Unchecked,Unchecked,Unchecked,,No,,,"Prompt treatment (including scaling) needed","Could not record due to heavy. Calculus",Complete,Complete
87,Participant,2,,,,,,,,,,,,,,,,,,,,,,,,,,,,,,,,,,,,,,,,,,,,,,1788762172549.png,,,,,,,,,Unchecked,Unchecked,Unchecked,,,Unchecked,Unchecked,Unchecked,Unchecked,Unchecked,,,,,,,Unchecked,Unchecked,Unchecked,Unchecked,Unchecked,Unchecked,Unchecked,Unchecked,Unchecked,Unchecked,Unchecked,,,,,Unchecked,Unchecked,Unchecked,Unchecked,Unchecked,Unchecked,Unchecked,Unchecked,Unchecked,,,,,,,,,,,,,,,,,,,,,,,,,,,,,,,,,,,,,,,,,,,,,,,,,,,,,,,,,,,,,,,,,,,,,,,,,,,,,,,,,,,,,,,,,,,,,,,,,,,,,,,,,,,,,,,,,,,,,,,,,,,,,,,,,,,,,,,,,,,,,,,,,,,,,,,,,,,,,,,,,,,,,,,,,,,,,,,,,,,,,,,,,,,Unchecked,Unchecked,Unchecked,Unchecked,Unchecked,Unchecked,Unchecked,Unchecked,Unchecked,Unchecked,Unchecked,Unchecked,Unchecked,Unchecked,Unchecked,Unchecked,Unchecked,Unchecked,Unchecked,Unchecked,Unchecked,Unchecked,Unchecked,Unchecked,Unchecked,Unchecked,Unchecked,Unchecked,Unchecked,Unchecked,Unchecked,Unchecked,Unchecked,Unchecked,Unchecked,Unchecked,Unchecked,Unchecked,Unchecked,Unchecked,Unchecked,Unchecked,Unchecked,Unchecked,Unchecked,Unchecked,Unchecked,Unchecked,Unchecked,Unchecked,Unchecked,Unchecked,Unchecked,Unchecked,Unchecked,Unchecked,Unchecked,Unchecked,Unchecked,Unchecked,Unchecked,Unchecked,Unchecked,Unchecked,Unchecked,Unchecked,Unchecked,Unchecked,Unchecked,Unchecked,Unchecked,Unchecked,,,,,,,,Incomplete
88,,,,,,,,,,,,,,,,,,,,,,,,,,Incomplete,,,,,,,,,,,,,,,,,,,,,,,,,,,,,,,,,,,,,,,,,,,,,,,,,,,,,,,,,,,,,,,,,,,,,,,,,,,,,,,,,,,,,,,,,,,,,,,,,,,,,,,,,,,,,,,,,,,,,,,,,,,,,,,,,,,,,,,,,,,,,,,,,,,,,,,,,,,,,,,,,,,,,,,,,,,,,,,,,,,,,,,,,,,,,,,,,,,,,,,,,,,,,,,,,,,,,,,,,,,,,,,,,,,,,,,,,,,,,,,,,,,,,,,,,,,,,,,,,,,,,,,,,,,,,,,,,,,,,,,,,,,,,,,,,,,,,,,,,,,,,,,,,,,,,,,,,,,,,,,,,,,,,,,,,,,,,,,,
88,Participant,1,,,,,,,,,,,,,,,,,,,,,,,,,19,42,35-44,Female,,Middle,"House Keepers, Matron And Stewards (Domestic & Institutional)","हिन्दी (Hindi)",,Yes,"2026-09-07 12:04:18",Kalpana,,,,,Signature,1788762891804.png,,,Akhilesh,1788762902098.png,,,28.5657085,77.2127789,,"https://www.google.com/maps?q=28.5657085,77.2127789",1788762908752.png,No,Unchecked,Unchecked,Unchecked,No,Toothbrush,Unchecked,Checked,Unchecked,Unchecked,Unchecked,,Fluoridated,Twice,Once,Yes,Yes,Checked,Unchecked,Unchecked,Unchecked,Unchecked,Unchecked,Unchecked,Unchecked,Unchecked,Unchecked,Unchecked,,"private clinic",,6000,Unchecked,Unchecked,Unchecked,Unchecked,Unchecked,Unchecked,Unchecked,Unchecked,Unchecked,Average,,,,,,,,,,,,,,,,,,,,,,,,,,,,,,,,,,,,,,,,,,,,,,,,,Unerupted,"Not recorded","Not recorded",Sound,"No bleeding","No pocket",Sound,"No bleeding","No pocket",Sound,"No bleeding","No pocket",Sound,"No bleeding","No pocket",Normal,Sound,"No bleeding","No pocket",Normal,Sound,"No bleeding","No pocket",Normal,Sound,"No bleeding","No pocket",Normal,Sound,"No bleeding","No pocket",Normal,Sound,"No bleeding","No pocket",Normal,Sound,"No bleeding","No pocket",Normal,Sound,"No bleeding","No pocket",Normal,Sound,"No bleeding","No pocket",Sound,"No bleeding","No pocket",Sound,"No bleeding","No pocket","Coronal caries","No bleeding","No pocket","Coronal caries","No bleeding","No pocket","Coronal caries","No bleeding","No pocket","Filled no caries","No bleeding","No pocket",Normal,Sound,"No bleeding","No pocket",Sound,"No bleeding","No pocket",Sound,"No bleeding","No pocket",Sound,"No bleeding","No pocket",Sound,"No bleeding","No pocket",Sound,"No bleeding","No pocket",Sound,"No bleeding","No pocket",Sound,"No bleeding","No pocket",Sound,"No bleeding","No pocket","Filled no caries","No bleeding","No pocket","Filled no caries","No bleeding","No pocket",Normal,"Filled no caries","No bleeding","No pocket","Filled no caries","No bleeding","No pocket","0-3 mm","0-3 mm","0-3 mm","0-3 mm","0-3 mm","0-3 mm",Normal,"No sign",,Present,13,Absent,,"No sign",,No,No,No,No,0,0,"Crowding present- Lower","No spacing",0,0,2,1,0,"Half cusp",0,No,Unchecked,Unchecked,Unchecked,Unchecked,Unchecked,Unchecked,Unchecked,Unchecked,Unchecked,Unchecked,Unchecked,Unchecked,Unchecked,Unchecked,Unchecked,Unchecked,Unchecked,Unchecked,Unchecked,Unchecked,Unchecked,Unchecked,Unchecked,Unchecked,Unchecked,Unchecked,Unchecked,Unchecked,Unchecked,Unchecked,Unchecked,Unchecked,Unchecked,Unchecked,Unchecked,Unchecked,Unchecked,Unchecked,Unchecked,Unchecked,Unchecked,Unchecked,Unchecked,Unchecked,Unchecked,Unchecked,Unchecked,Unchecked,Unchecked,Unchecked,Unchecked,Unchecked,Unchecked,Unchecked,Unchecked,Unchecked,Unchecked,Unchecked,Unchecked,Unchecked,Unchecked,Unchecked,Unchecked,Unchecked,Unchecked,Unchecked,Unchecked,Unchecked,Unchecked,Unchecked,Unchecked,Unchecked,,No,,,"Prompt treatment (including scaling) needed",,Complete,Complete
89,,,,,,,,,,,,,,,,,,,,,,,,,,Incomplete,,,,,,,,,,,,,,,,,,,,,,,,,,,,,,,,,,,,,,,,,,,,,,,,,,,,,,,,,,,,,,,,,,,,,,,,,,,,,,,,,,,,,,,,,,,,,,,,,,,,,,,,,,,,,,,,,,,,,,,,,,,,,,,,,,,,,,,,,,,,,,,,,,,,,,,,,,,,,,,,,,,,,,,,,,,,,,,,,,,,,,,,,,,,,,,,,,,,,,,,,,,,,,,,,,,,,,,,,,,,,,,,,,,,,,,,,,,,,,,,,,,,,,,,,,,,,,,,,,,,,,,,,,,,,,,,,,,,,,,,,,,,,,,,,,,,,,,,,,,,,,,,,,,,,,,,,,,,,,,,,,,,,,,,,,,,,,,,
89,Participant,1,,,,,,,,,,,,,,,,,,,,,,,,,,42,35-44,Female,,Middle,"Housewife or homemaker","हिन्दी (Hindi)",,Yes,"2026-09-07 12:22:35",Kalpana,,,,,Signature,1788764003893.png,,,Akhilesh,1788764014552.png,,,28.5657081,77.2127787,,"https://www.google.com/maps?q=28.5657081,77.2127787",1788764437253.png,No,Unchecked,Unchecked,Unchecked,No,Toothbrush,Unchecked,Checked,Unchecked,Unchecked,Unchecked,,Fluoridated,Once,Once,Yes,Yes,Checked,Unchecked,Unchecked,Unchecked,Unchecked,Unchecked,Unchecked,Unchecked,Unchecked,Unchecked,Unchecked,,"private clinic",,6000,Unchecked,Unchecked,Unchecked,Unchecked,Unchecked,Unchecked,Unchecked,Unchecked,Unchecked,Average,,,,,,,,,,,,,,,,,,,,,,,,,,,,,,,,,,,,,,,,,,,,,,,,,Unerupted,"Not recorded","Not recorded","Coronal caries","No bleeding","No pocket",Sound,"No bleeding","No pocket",Sound,"No bleeding","No pocket",Sound,"No bleeding","No pocket",Normal,Sound,"No bleeding","No pocket","diffuse opacity",Sound,"No bleeding","No pocket","demarcated opacity",Sound,"No bleeding","No pocket","demarcated opacity",Sound,"No bleeding","No pocket","demarcated opacity",Sound,"No bleeding","No pocket",Normal,Sound,"No bleeding","No pocket","diffuse opacity and hypoplasia",Sound,"No bleeding","No pocket",Normal,Sound,"No bleeding","No pocket",Sound,"No bleeding","No pocket","Coronal caries","No bleeding","No pocket","Coronal caries","No bleeding","No pocket","Coronal caries","No bleeding","No pocket","Coronal caries","No bleeding","No pocket","Filled with caries","No bleeding","No pocket",Normal,Sound,"No bleeding","No pocket",Sound,"No bleeding","No pocket",Sound,"No bleeding","No pocket",Sound,"No bleeding","No pocket",Sound,"No bleeding","No pocket",Sound,"No bleeding","No pocket",Sound,"No bleeding","No pocket",Sound,"No bleeding","No pocket",Sound,"No bleeding","No pocket","Filled no caries","No bleeding","No pocket","Filled no caries","No bleeding","No pocket",Normal,"Filled no caries","No bleeding","No pocket","Filled with caries","No bleeding","No pocket","0-3 mm","0-3 mm","0-3 mm","0-3 mm","0-3 mm","0-3 mm",Normal,"No sign",,Present,4,Present,2,"No sign",,No,No,No,No,0,0,"Crowding present- Lower","No spacing",0,0,2,3,0,"Half cusp",0,No,Unchecked,Unchecked,Unchecked,Unchecked,Unchecked,Unchecked,Unchecked,Unchecked,Unchecked,Unchecked,Unchecked,Unchecked,Unchecked,Unchecked,Unchecked,Unchecked,Unchecked,Unchecked,Unchecked,Unchecked,Unchecked,Unchecked,Unchecked,Unchecked,Unchecked,Unchecked,Unchecked,Unchecked,Unchecked,Unchecked,Unchecked,Unchecked,Unchecked,Unchecked,Unchecked,Unchecked,Unchecked,Unchecked,Unchecked,Unchecked,Unchecked,Unchecked,Unchecked,Unchecked,Unchecked,Unchecked,Unchecked,Unchecked,Unchecked,Unchecked,Unchecked,Unchecked,Unchecked,Unchecked,Unchecked,Unchecked,Unchecked,Unchecked,Unchecked,Unchecked,Unchecked,Unchecked,Unchecked,Unchecked,Unchecked,Unchecked,Unchecked,Unchecked,Unchecked,Unchecked,Unchecked,Unchecked,,No,,,"Prompt treatment (including scaling) needed",,Complete,Complete
90,,,,,,,,,,,,,,,,,,,,,,,,,,Incomplete,,,,,,,,,,,,,,,,,,,,,,,,,,,,,,,,,,,,,,,,,,,,,,,,,,,,,,,,,,,,,,,,,,,,,,,,,,,,,,,,,,,,,,,,,,,,,,,,,,,,,,,,,,,,,,,,,,,,,,,,,,,,,,,,,,,,,,,,,,,,,,,,,,,,,,,,,,,,,,,,,,,,,,,,,,,,,,,,,,,,,,,,,,,,,,,,,,,,,,,,,,,,,,,,,,,,,,,,,,,,,,,,,,,,,,,,,,,,,,,,,,,,,,,,,,,,,,,,,,,,,,,,,,,,,,,,,,,,,,,,,,,,,,,,,,,,,,,,,,,,,,,,,,,,,,,,,,,,,,,,,,,,,,,,,,,,,,,,
90,Participant,1,,,,,,,,,,,,,,,,,,,,,,,,,16,64,65-74,Male,,Secondary,"Labourers (Labourers, N.E.C.)","हिन्दी (Hindi)",,Yes,"2026-09-05 10:20:01","Gulshar ahemaf",,,,,Signature,1788585320578.png,,,Deb,1788585337995.png,,,,,,"https://www.google.com/maps?q=,",1788585343059.png,No,Unchecked,Unchecked,Unchecked,No,Toothbrush,Unchecked,Checked,Unchecked,Unchecked,Unchecked,,Fluoridated,Twice,Once,Yes,Yes,Unchecked,Unchecked,Checked,Unchecked,Unchecked,Checked,Unchecked,Unchecked,Unchecked,Unchecked,Unchecked,,"public facility",,,Unchecked,Unchecked,Unchecked,Unchecked,Unchecked,Unchecked,Unchecked,Unchecked,Unchecked,Average,,,"All teeth / partially edentulous",,,,,,,,,,,,,,,,,,,,,,,,,,,,,,,,,,,,,,,,,,,,,,Sound,"No bleeding","No pocket",Sound,"No bleeding","No pocket",Sound,"No bleeding","No pocket",Sound,"No bleeding","No pocket","Root caries","No bleeding","No pocket",Normal,Sound,"No bleeding","No pocket",Normal,"Missing other","Not recorded","Not recorded","not recorded",Sound,"No bleeding","No pocket",Normal,"Root caries","No bleeding","No pocket",Normal,Sound,"No bleeding","No pocket",Normal,Sound,"No bleeding","No pocket",Normal,Sound,"No bleeding","No pocket",Normal,Sound,"No bleeding","No pocket",Sound,"No bleeding","No pocket",Sound,"No bleeding","No pocket",Sound,"No bleeding","No pocket",Sound,"No bleeding","No pocket",Sound,"No bleeding","No pocket",Sound,Bleeding,"No pocket",Normal,Sound,"No bleeding","No pocket",Sound,"No bleeding","No pocket",Sound,"No bleeding","No pocket",Sound,"No bleeding","No pocket",Sound,"No bleeding","No pocket",Sound,"No bleeding","No pocket",Sound,"No bleeding","No pocket",Sound,"No bleeding","No pocket","Root caries","No bleeding","No pocket",Sound,"No bleeding","No pocket",Sound,"No bleeding","No pocket",Normal,Sound,Bleeding,"Pocket of 4-5 mm",Sound,Bleeding,"Pocket of 4-5 mm","0-3 mm","0-3 mm","0-3 mm","4-5 mm Cemento-enamel Junction (CEJ) within black band","0-3 mm","4-5 mm Cemento-enamel Junction (CEJ) within black band",Normal,"No sign",,Present,5,Present,10,"No sign",,No,No,No,No,,,,,,,,,,,,No,Unchecked,Unchecked,Unchecked,Unchecked,Unchecked,Unchecked,Unchecked,Unchecked,Unchecked,Unchecked,Unchecked,Unchecked,Unchecked,Unchecked,Unchecked,Unchecked,Unchecked,Unchecked,Unchecked,Unchecked,Unchecked,Unchecked,Unchecked,Unchecked,Unchecked,Unchecked,Unchecked,Unchecked,Unchecked,Unchecked,Unchecked,Unchecked,Unchecked,Unchecked,Unchecked,Unchecked,Unchecked,Unchecked,Unchecked,Unchecked,Unchecked,Unchecked,Unchecked,Unchecked,Unchecked,Unchecked,Unchecked,Unchecked,Unchecked,Unchecked,Unchecked,Unchecked,Unchecked,Unchecked,Unchecked,Unchecked,Unchecked,Unchecked,Unchecked,Unchecked,Unchecked,Unchecked,Unchecked,Unchecked,Unchecked,Unchecked,Unchecked,Unchecked,Unchecked,Unchecked,Unchecked,Unchecked,,No,,,"Prompt treatment (including scaling) needed",,Complete,Complete
91,,,,,,,,,,,,,,,,,,,,,,,,,,Incomplete,,,,,,,,,,,,,,,,,,,,,,,,,,,,,,,,,,,,,,,,,,,,,,,,,,,,,,,,,,,,,,,,,,,,,,,,,,,,,,,,,,,,,,,,,,,,,,,,,,,,,,,,,,,,,,,,,,,,,,,,,,,,,,,,,,,,,,,,,,,,,,,,,,,,,,,,,,,,,,,,,,,,,,,,,,,,,,,,,,,,,,,,,,,,,,,,,,,,,,,,,,,,,,,,,,,,,,,,,,,,,,,,,,,,,,,,,,,,,,,,,,,,,,,,,,,,,,,,,,,,,,,,,,,,,,,,,,,,,,,,,,,,,,,,,,,,,,,,,,,,,,,,,,,,,,,,,,,,,,,,,,,,,,,,,,,,,,,,
91,Participant,1,,,,,,,,,,,,,,,,,,,,,,,,,15,12,12-15,Male,,,,English,Yes,Yes,"2026-09-07 11:47:51",Ritul,,Saraswati,Other,Grandmother,Signature,1788762020804.png,,,Ritik,1788762040796.png,,,,,,"https://www.google.com/maps?q=,",1788764938920.png,No,Unchecked,Unchecked,Unchecked,,Toothbrush,Unchecked,Checked,Unchecked,Unchecked,Unchecked,,Fluoridated,Once,"Thrice or more",Yes,Yes,Checked,Unchecked,Unchecked,Unchecked,Unchecked,Unchecked,Checked,Unchecked,Unchecked,Unchecked,Unchecked,,"public facility",,,Unchecked,Unchecked,Unchecked,Unchecked,Unchecked,Unchecked,Unchecked,Unchecked,Unchecked,Average,,"Mixed dentition",,Sound,"No bleeding","Not recorded","Not recorded",Sound,"No bleeding",,,,,,,,,Sound,"No bleeding",Sound,"No bleeding",Caries,"No bleeding",Sound,"No bleeding",Caries,"No bleeding",Sound,"No bleeding",,,,,,,,,Sound,"No bleeding",Caries,"No bleeding",Sound,"No bleeding",,,,,,,,,Unerupted,"Not recorded",,Sound,"No bleeding",,Unerupted,"Not recorded",,"Coronal caries","No bleeding",,Normal,Unerupted,"Not recorded",,"not recorded",Sound,"Not recorded",,"demarcated opacity",Sound,"No bleeding",,"demarcated opacity",Sound,"No bleeding",,"demarcated opacity",Sound,"No bleeding",,"demarcated opacity",Unerupted,"Not recorded",,"not recorded",Unerupted,"Not recorded",,"not recorded",Sound,"No bleeding",,Sound,"No bleeding",,Unerupted,"Not recorded",,,,,,,,Unerupted,"Not recorded",,"Coronal caries","No bleeding",,Normal,Unerupted,"Not recorded",,Sound,"No bleeding",,Unerupted,"Not recorded",,Sound,"Not recorded",,Sound,"No bleeding",,Sound,"No bleeding",,Sound,"No bleeding",,Unerupted,"Not recorded",,Sound,"No bleeding",,Unerupted,"Not recorded",,Sound,"No bleeding",,Normal,Unerupted,"Not recorded",,,,,,,,,,,Mild,"No sign",,,,,,"No sign",,,,,,0,0,"No crowding","No spacing",0,0,0,5,0,"Half cusp",0,No,Unchecked,Unchecked,Unchecked,Unchecked,Unchecked,Unchecked,Unchecked,Unchecked,Unchecked,Unchecked,Unchecked,Unchecked,Unchecked,Unchecked,Unchecked,Unchecked,Unchecked,Unchecked,Unchecked,Unchecked,Unchecked,Unchecked,Unchecked,Unchecked,Unchecked,Unchecked,Unchecked,Unchecked,Unchecked,Unchecked,Unchecked,Unchecked,Unchecked,Unchecked,Unchecked,Unchecked,Unchecked,Unchecked,Unchecked,Unchecked,Unchecked,Unchecked,Unchecked,Unchecked,Unchecked,Unchecked,Unchecked,Unchecked,Unchecked,Unchecked,Unchecked,Unchecked,Unchecked,Unchecked,Unchecked,Unchecked,Unchecked,Unchecked,Unchecked,Unchecked,Unchecked,Unchecked,Unchecked,Unchecked,Unchecked,Unchecked,Unchecked,Unchecked,Unchecked,Unchecked,Unchecked,Unchecked,,,,,"Prompt treatment (including scaling) needed",,Complete,Complete
91,Participant,2,,,,,,,,,,,,,,,,,,,,,,,,,,12,12-15,Male,,,,English,Yes,Yes,"2026-09-07 12:45:41",Ritul,,Saraswati,Other,Grandmother,Signature,1788765376265.png,1788765909917.png,,Ritik,1788765388329.png,,,,,,"https://www.google.com/maps?q=,",1788765920144.png,No,Unchecked,Unchecked,Unchecked,,Toothbrush,Unchecked,Checked,Unchecked,Unchecked,Unchecked,,Fluoridated,Once,"Thrice or more",Yes,Yes,Checked,Unchecked,Unchecked,Unchecked,Unchecked,Unchecked,Checked,Unchecked,Unchecked,Unchecked,Unchecked,,"public facility",,,Unchecked,Unchecked,Unchecked,Unchecked,Unchecked,Unchecked,Unchecked,Unchecked,Unchecked,Poor,,"Mixed dentition",,Sound,"No bleeding",Sound,"No bleeding",Sound,"No bleeding",,,,,,,,,Sound,"No bleeding",Sound,"No bleeding",Caries,"No bleeding",Sound,"No bleeding",Caries,"No bleeding",Sound,"No bleeding",,,,,,,,,Sound,"No bleeding",Caries,"No bleeding",Sound,"No bleeding",,,,,,,,,Unerupted,"Not recorded",,Sound,"No bleeding",,Unerupted,"Not recorded",,"Coronal caries","No bleeding",,Normal,Unerupted,"Not recorded",,Normal,Unerupted,"Not recorded",,Normal,Sound,"No bleeding",,Normal,Sound,"No bleeding",,Normal,Sound,"No bleeding",,Normal,Unerupted,"Not recorded",,Normal,Unerupted,"Not recorded",,Normal,Sound,"No bleeding",,Sound,"No bleeding",,Sound,"No bleeding",,,,,,,,Sound,"No bleeding",,"Coronal caries","No bleeding",,Normal,Unerupted,"Not recorded",,Sound,"No bleeding",,Unerupted,"Not recorded",,Sound,"No bleeding",,Sound,"No bleeding",,Sound,"No bleeding",,Sound,"No bleeding",,Unerupted,"Not recorded",,Sound,"No bleeding",,Unerupted,"Not recorded",,Sound,"No bleeding",,Normal,Unerupted,"No bleeding",,,,,,,,,,,Moderate,"No sign",,,,,,"No sign",,,,,,0,0,"No crowding","No spacing",0,0,0,5,0,"Half cusp",0,No,Unchecked,Unchecked,Unchecked,Unchecked,Unchecked,Unchecked,Unchecked,Unchecked,Unchecked,Unchecked,Unchecked,Unchecked,Unchecked,Unchecked,Unchecked,Unchecked,Unchecked,Unchecked,Unchecked,Unchecked,Unchecked,Unchecked,Unchecked,Unchecked,Unchecked,Unchecked,Unchecked,Unchecked,Unchecked,Unchecked,Unchecked,Unchecked,Unchecked,Unchecked,Unchecked,Unchecked,Unchecked,Unchecked,Unchecked,Unchecked,Unchecked,Unchecked,Unchecked,Unchecked,Unchecked,Unchecked,Unchecked,Unchecked,Unchecked,Unchecked,Unchecked,Unchecked,Unchecked,Unchecked,Unchecked,Unchecked,Unchecked,Unchecked,Unchecked,Unchecked,Unchecked,Unchecked,Unchecked,Unchecked,Unchecked,Unchecked,Unchecked,Unchecked,Unchecked,Unchecked,Unchecked,Unchecked,,,,,"Immediate (urgent) treatment due to pain or infection of dental and / or oral origin",,Complete,Complete
92,,,,,,,,,,,,,,,,,,,,,,,,,,Incomplete,,,,,,,,,,,,,,,,,,,,,,,,,,,,,,,,,,,,,,,,,,,,,,,,,,,,,,,,,,,,,,,,,,,,,,,,,,,,,,,,,,,,,,,,,,,,,,,,,,,,,,,,,,,,,,,,,,,,,,,,,,,,,,,,,,,,,,,,,,,,,,,,,,,,,,,,,,,,,,,,,,,,,,,,,,,,,,,,,,,,,,,,,,,,,,,,,,,,,,,,,,,,,,,,,,,,,,,,,,,,,,,,,,,,,,,,,,,,,,,,,,,,,,,,,,,,,,,,,,,,,,,,,,,,,,,,,,,,,,,,,,,,,,,,,,,,,,,,,,,,,,,,,,,,,,,,,,,,,,,,,,,,,,,,,,,,,,,,
92,Participant,1,,,,,,,,,,,,,,,,,,,,,,,,,16,12,12-15,Male,,,,English,Yes,Yes,"2026-09-07 14:18:30",Ajit,,Sugi,Mother,,Signature,1788770977828.png,1788771001546.png,,Anoop,1788771014308.png,,,,,,"https://www.google.com/maps?q=,",1788771020409.png,No,Unchecked,Unchecked,Unchecked,,Toothbrush,Unchecked,Checked,Unchecked,Unchecked,Unchecked,,Non-fluoridated,Once,Twice,Yes,Yes,Checked,Unchecked,Unchecked,Unchecked,Unchecked,Unchecked,Unchecked,Checked,Unchecked,Unchecked,Unchecked,,"public facility",,,Unchecked,Unchecked,Unchecked,Unchecked,Unchecked,Unchecked,Unchecked,Unchecked,Unchecked,Good,,"Mixed dentition",,Sound,"No bleeding","Not recorded","Not recorded","Not recorded","Not recorded",,,,,,,,,"Not recorded","Not recorded","Not recorded","Not recorded",Sound,"No bleeding",Sound,"No bleeding","Not recorded","Not recorded","Not recorded","Not recorded",,,,,,,,,"Not recorded","Not recorded","Not recorded","Not recorded",Sound,"No bleeding",,,,,,,,,Unerupted,"Not recorded",,Sound,"No bleeding",,Unerupted,"Not recorded",,Sound,"No bleeding",,Normal,Sound,"No bleeding",,Normal,Sound,"No bleeding",,Normal,Sound,"No bleeding",,Normal,Sound,"No bleeding",,Normal,Sound,"No bleeding",,Normal,Sound,"No bleeding",,Normal,Sound,"No bleeding",,Normal,Unerupted,"Not recorded",,Sound,"No bleeding",,Unerupted,"Not recorded",,,,,,,,Unerupted,"Not recorded",,Sound,"No bleeding",,Normal,Unerupted,"Not recorded",,Sound,"No bleeding",,Sound,"No bleeding",,Sound,"No bleeding",,Sound,"No bleeding",,Sound,"No bleeding",,Sound,"No bleeding",,Sound,"No bleeding",,Sound,"No bleeding",,Unerupted,"Not recorded",,Sound,"No bleeding",,Normal,Sound,"No bleeding",,,,,,,,,,,Normal,"No sign",,,,,,"Pulp involvement",1,,,,,0,0,"No crowding","No spacing",0,0,0,2,0,Normal,0,No,Unchecked,Unchecked,Unchecked,Unchecked,Unchecked,Unchecked,Unchecked,Unchecked,Unchecked,Unchecked,Unchecked,Unchecked,Unchecked,Unchecked,Unchecked,Unchecked,Unchecked,Unchecked,Unchecked,Unchecked,Unchecked,Unchecked,Unchecked,Unchecked,Unchecked,Unchecked,Unchecked,Unchecked,Unchecked,Unchecked,Unchecked,Unchecked,Unchecked,Unchecked,Unchecked,Unchecked,Unchecked,Unchecked,Unchecked,Unchecked,Unchecked,Unchecked,Unchecked,Unchecked,Unchecked,Unchecked,Unchecked,Unchecked,Unchecked,Unchecked,Unchecked,Unchecked,Unchecked,Unchecked,Unchecked,Unchecked,Unchecked,Unchecked,Unchecked,Unchecked,Unchecked,Unchecked,Unchecked,Unchecked,Unchecked,Unchecked,Unchecked,Unchecked,Unchecked,Unchecked,Unchecked,Unchecked,,,,,"Immediate (urgent) treatment due to pain or infection of dental and / or oral origin",,Complete,Complete
92,Participant,2,,,,,,,,,,,,,,,,,,,,,,,,,,12,12-15,Male,,,,"हिन्दी (Hindi)",Yes,Yes,"2026-09-07 14:34:15",Ajit,,Surgi,Mother,,Signature,1788771880094.png,1788771887019.png,,Anoop,1788771898235.png,,1788772743354.png,,,,"https://www.google.com/maps?q=,",1788771904283.png,No,Unchecked,Unchecked,Unchecked,,Toothbrush,Unchecked,Checked,Unchecked,Unchecked,Unchecked,,Non-fluoridated,Once,Twice,Yes,Yes,Checked,Unchecked,Unchecked,Unchecked,Unchecked,Unchecked,Unchecked,Unchecked,Unchecked,Unchecked,Unchecked,,"public facility",,,Unchecked,Unchecked,Unchecked,Unchecked,Unchecked,Unchecked,Unchecked,Unchecked,Unchecked,,,"Mixed dentition",,Sound,"No bleeding","Not recorded","Not recorded",Sound,"No bleeding",,,,,,,,,Sound,"No bleeding","Not recorded","Not recorded",Sound,"No bleeding",Sound,"Not recorded","Not recorded","Not recorded",Sound,"No bleeding",,,,,,,,,Sound,"No bleeding","Not recorded","Not recorded",Sound,"No bleeding",,,,,,,,,Unerupted,"Not recorded",,Sound,"No bleeding",,Unerupted,"Not recorded",,Sound,"No bleeding",,Normal,"Not recorded","Not recorded",,"not recorded",Sound,"No bleeding",,Normal,Sound,"No bleeding",,Normal,Sound,"No bleeding",,Normal,Sound,"No bleeding",,Normal,"Not recorded","Not recorded",,"not recorded","Not recorded","Not recorded",,"not recorded",Sound,"No bleeding",,Sound,"No bleeding",,Unerupted,"Not recorded",,,,,,,,Unerupted,"Not recorded",,Sound,"No bleeding",,Normal,Sound,"No bleeding",,Unerupted,"Not recorded",,Sound,"No bleeding",,Sound,"No bleeding",,Sound,"No bleeding",,Sound,"No bleeding",,Sound,"No bleeding",,Sound,"No bleeding",,Sound,"No bleeding",,Unerupted,"Not recorded",,"Not recorded","Not recorded",,"not recorded",Sound,"No bleeding",,,,,,,,,,,Normal,"No sign",,,,,,"Pulp involvement",1,,,,,0,0,"No crowding","No spacing",0,0,0,3,0,Normal,0,No,Unchecked,Unchecked,Unchecked,Unchecked,Unchecked,Unchecked,Unchecked,Unchecked,Unchecked,Unchecked,Unchecked,Unchecked,Unchecked,Unchecked,Unchecked,Unchecked,Unchecked,Unchecked,Unchecked,Unchecked,Unchecked,Unchecked,Unchecked,Unchecked,Unchecked,Unchecked,Unchecked,Unchecked,Unchecked,Unchecked,Unchecked,Unchecked,Unchecked,Unchecked,Unchecked,Unchecked,Unchecked,Unchecked,Unchecked,Unchecked,Unchecked,Unchecked,Unchecked,Unchecked,Unchecked,Unchecked,Unchecked,Unchecked,Unchecked,Unchecked,Unchecked,Unchecked,Unchecked,Unchecked,Unchecked,Unchecked,Unchecked,Unchecked,Unchecked,Unchecked,Unchecked,Unchecked,Unchecked,Unchecked,Unchecked,Unchecked,Unchecked,Unchecked,Unchecked,Unchecked,Unchecked,Unchecked,,,,,"Prompt treatment (including scaling) needed",,Complete,Complete
93,,,,,,,,,,,,,,,,,,,,,,,,,,Incomplete,,,,,,,,,,,,,,,,,,,,,,,,,,,,,,,,,,,,,,,,,,,,,,,,,,,,,,,,,,,,,,,,,,,,,,,,,,,,,,,,,,,,,,,,,,,,,,,,,,,,,,,,,,,,,,,,,,,,,,,,,,,,,,,,,,,,,,,,,,,,,,,,,,,,,,,,,,,,,,,,,,,,,,,,,,,,,,,,,,,,,,,,,,,,,,,,,,,,,,,,,,,,,,,,,,,,,,,,,,,,,,,,,,,,,,,,,,,,,,,,,,,,,,,,,,,,,,,,,,,,,,,,,,,,,,,,,,,,,,,,,,,,,,,,,,,,,,,,,,,,,,,,,,,,,,,,,,,,,,,,,,,,,,,,,,,,,,,,
93,Participant,1,,,,,,,,,,,,,,,,,,,,,,,,,18,40,35-44,Female,,Middle,"Housewife or homemaker","हिन्दी (Hindi)",,Yes,"2026-09-07 14:20:01",Seema,,,,,Signature,1788771026964.png,,,Ritik,1788772064737.png,,,28.5656902,77.2127679,,"https://www.google.com/maps?q=28.5656902,77.2127679",1788771034045.png,No,Unchecked,Unchecked,Unchecked,No,Toothbrush,Unchecked,Checked,Unchecked,Unchecked,Unchecked,,Non-fluoridated,Once,"Did not consume",Yes,No,Unchecked,Unchecked,Unchecked,Unchecked,Unchecked,Unchecked,Unchecked,Unchecked,Unchecked,Unchecked,Unchecked,,,,,Unchecked,Unchecked,Unchecked,Unchecked,Unchecked,Unchecked,Checked,Checked,Unchecked,Excellent,,,,,,,,,,,,,,,,,,,,,,,,,,,,,,,,,,,,,,,,,,,,,,,,,"Both coronal and root caries","No bleeding","No pocket",Sound,"No bleeding","No pocket",Sound,"No bleeding","No pocket",Sound,"No bleeding","No pocket",Sound,"No bleeding","No pocket","demarcated opacity",Sound,"No bleeding","No pocket",Normal,Sound,"No bleeding","No pocket",Normal,Sound,"No bleeding","No pocket",Normal,Sound,"No bleeding","No pocket",Normal,Sound,"No bleeding","No pocket","demarcated opacity",Sound,"No bleeding","No pocket",Normal,Sound,"No bleeding","No pocket",Normal,Sound,"No bleeding","No pocket",Sound,"No bleeding","No pocket",Sound,"No bleeding","No pocket","Both coronal and root caries","No bleeding","No pocket","Coronal caries","No bleeding","No pocket",Sound,"No bleeding","No pocket",Sound,"No bleeding","No pocket",Normal,Sound,"No bleeding","No pocket",Sound,"No bleeding","No pocket",Sound,"No bleeding","No pocket",Sound,"No bleeding","No pocket",Sound,"No bleeding","No pocket",Sound,"No bleeding","No pocket",Sound,"No bleeding","No pocket",Sound,"No bleeding","No pocket",Sound,"No bleeding","No pocket",Sound,"No bleeding","No pocket",Sound,"No bleeding","No pocket",Normal,Sound,"No bleeding","No pocket","Both coronal and root caries","No bleeding","No pocket","0-3 mm","0-3 mm","0-3 mm","0-3 mm","0-3 mm","0-3 mm",Normal,"No sign",,Absent,,Present,12,"No sign",,No,No,No,No,0,0,"No crowding","No spacing",0,0,1,3,0,"Half cusp",0,No,Unchecked,Unchecked,Unchecked,Unchecked,Unchecked,Unchecked,Unchecked,Unchecked,Unchecked,Unchecked,Unchecked,Unchecked,Unchecked,Unchecked,Unchecked,Unchecked,Unchecked,Unchecked,Unchecked,Unchecked,Unchecked,Unchecked,Unchecked,Unchecked,Unchecked,Unchecked,Unchecked,Unchecked,Unchecked,Unchecked,Unchecked,Unchecked,Unchecked,Unchecked,Unchecked,Unchecked,Unchecked,Unchecked,Unchecked,Unchecked,Unchecked,Unchecked,Unchecked,Unchecked,Unchecked,Unchecked,Unchecked,Unchecked,Unchecked,Unchecked,Unchecked,Unchecked,Unchecked,Unchecked,Unchecked,Unchecked,Unchecked,Unchecked,Unchecked,Unchecked,Unchecked,Unchecked,Unchecked,Unchecked,Unchecked,Unchecked,Unchecked,Unchecked,Unchecked,Unchecked,Unchecked,Unchecked,,No,,,"Immediate (urgent) treatment due to pain or infection of dental and / or oral origin",,Complete,Complete
93,Participant,2,,,,,,,,,,,,,,,,,,,,,,,,,,40,35-44,Female,,Middle,"Housewife or homemaker","हिन्दी (Hindi)",,Yes,"2026-09-07 14:44:25",Seema,,,,,Signature,,,,,,,,28.5657755,77.2130309,,"https://www.google.com/maps?q=28.5657755,77.2130309",,No,Unchecked,Unchecked,Unchecked,No,Toothbrush,Unchecked,Checked,Unchecked,Unchecked,Unchecked,,Non-fluoridated,Once,Once,No,No,Unchecked,Unchecked,Unchecked,Unchecked,Unchecked,Unchecked,Unchecked,Unchecked,Unchecked,Unchecked,Unchecked,,,,,Unchecked,Unchecked,Unchecked,Unchecked,Unchecked,Unchecked,Unchecked,Checked,Unchecked,Excellent,,,,,,,,,,,,,,,,,,,,,,,,,,,,,,,,,,,,,,,,,,,,,,,,,"Both coronal and root caries","No bleeding","No pocket",Sound,"No bleeding","No pocket",Sound,"No bleeding","No pocket",Sound,"No bleeding","No pocket",Sound,"No bleeding","No pocket","demarcated opacity",Sound,"No bleeding","No pocket",Normal,Sound,"No bleeding","No pocket",Normal,Sound,"No bleeding","No pocket",Normal,Sound,"No bleeding","No pocket",Normal,Sound,"No bleeding","No pocket",Normal,Sound,"No bleeding","No pocket",Normal,Sound,"No bleeding","No pocket",Normal,Sound,"No bleeding","No pocket",Sound,"No bleeding","No pocket",Sound,"No bleeding","No pocket","Both coronal and root caries","No bleeding","No pocket","Coronal caries","No bleeding","No pocket",Sound,"No bleeding","No pocket",Sound,"No bleeding","No pocket",Normal,Sound,"No bleeding","No pocket",Sound,"No bleeding","No pocket",Sound,"No bleeding","No pocket",Sound,"No bleeding","No pocket",Sound,"No bleeding","No pocket",Sound,Bleeding,"No pocket",Sound,Bleeding,"No pocket",Sound,"No bleeding","No pocket",Sound,"No bleeding","No pocket",Sound,"No bleeding","No pocket",Sound,"No bleeding","No pocket",Normal,Sound,"No bleeding","No pocket","Both coronal and root caries","No bleeding","No pocket","0-3 mm","0-3 mm","0-3 mm","0-3 mm","0-3 mm","0-3 mm",Normal,"No sign",,Absent,,Present,10,"No sign",,No,No,No,No,0,0,"No crowding","No spacing",0,0,1,3,0,"Half cusp",0,Yes,Unchecked,Unchecked,Unchecked,Unchecked,Unchecked,Unchecked,Unchecked,Unchecked,Unchecked,Unchecked,Unchecked,Unchecked,Unchecked,Unchecked,Unchecked,Unchecked,Unchecked,Unchecked,Unchecked,Unchecked,Unchecked,Unchecked,Unchecked,Unchecked,Unchecked,Unchecked,Unchecked,Unchecked,Unchecked,Unchecked,Unchecked,Unchecked,Unchecked,Unchecked,Unchecked,Unchecked,Unchecked,Unchecked,Unchecked,Unchecked,Unchecked,Unchecked,Unchecked,Unchecked,Unchecked,Unchecked,Unchecked,Unchecked,Unchecked,Unchecked,Unchecked,Unchecked,Unchecked,Unchecked,Unchecked,Unchecked,Unchecked,Unchecked,Unchecked,Unchecked,Unchecked,Unchecked,Unchecked,Unchecked,Unchecked,Unchecked,Unchecked,Unchecked,Unchecked,Unchecked,Unchecked,Unchecked,"Lichenoid reaction",No,,,"Immediate (urgent) treatment due to pain or infection of dental and / or oral origin",,Complete,Complete
94,,,,,,,,,,,,,,,,,,,,,,,,,,Incomplete,,,,,,,,,,,,,,,,,,,,,,,,,,,,,,,,,,,,,,,,,,,,,,,,,,,,,,,,,,,,,,,,,,,,,,,,,,,,,,,,,,,,,,,,,,,,,,,,,,,,,,,,,,,,,,,,,,,,,,,,,,,,,,,,,,,,,,,,,,,,,,,,,,,,,,,,,,,,,,,,,,,,,,,,,,,,,,,,,,,,,,,,,,,,,,,,,,,,,,,,,,,,,,,,,,,,,,,,,,,,,,,,,,,,,,,,,,,,,,,,,,,,,,,,,,,,,,,,,,,,,,,,,,,,,,,,,,,,,,,,,,,,,,,,,,,,,,,,,,,,,,,,,,,,,,,,,,,,,,,,,,,,,,,,,,,,,,,,
94,Participant,1,,,,,,,,,,,,,,,,,,,,,,,,,20,35,35-44,Male,,"Higher Secondary","Transport Equipment Operators (Driver)","हिन्दी (Hindi)",,Yes,"2026-09-07 14:23:42",Taukib,,,,,Signature,1788771271770.png,,,Akhilesh,1788771293862.png,,1788771281739.png,,,,"https://www.google.com/maps?q=,",,No,Unchecked,Unchecked,Unchecked,No,Toothbrush,Unchecked,Checked,Unchecked,Unchecked,Unchecked,,Fluoridated,Twice,Twice,No,No,Unchecked,Unchecked,Unchecked,Unchecked,Unchecked,Unchecked,Unchecked,Unchecked,Unchecked,Unchecked,Unchecked,,,,,Unchecked,Unchecked,Unchecked,Unchecked,Unchecked,Unchecked,Unchecked,Checked,Unchecked,Good,,,,,,,,,,,,,,,,,,,,,,,,,,,,,,,,,,,,,,,,,,,,,,,,,Sound,"No bleeding","No pocket",Sound,"No bleeding","No pocket",Sound,"No bleeding","No pocket","Coronal caries",Bleeding,"No pocket",Sound,"No bleeding","No pocket","demarcated opacity",Sound,Bleeding,"No pocket",Normal,Sound,"No bleeding","Pocket of 4-5 mm",Normal,Sound,"No bleeding","No pocket",Normal,"Missing other","Not recorded","Not recorded","not recorded",Sound,"No bleeding","No pocket",Normal,Sound,"No bleeding","No pocket",Normal,Sound,"No bleeding","No pocket",Normal,Sound,"No bleeding","No pocket","Coronal caries","No bleeding","No pocket","Coronal caries","No bleeding","No pocket","Coronal caries","No bleeding","No pocket","Coronal caries","No bleeding","No pocket","Coronal caries","No bleeding","No pocket",Sound,"No bleeding","No pocket",Normal,Sound,"No bleeding","No pocket",Sound,"No bleeding","No pocket",Sound,"No bleeding","No pocket",Sound,"No bleeding","No pocket",Sound,"No bleeding","No pocket",Sound,"No bleeding","No pocket",Sound,"No bleeding","No pocket",Sound,"No bleeding","No pocket",Sound,"No bleeding","No pocket",Sound,"No bleeding","No pocket",Sound,"No bleeding","No pocket",Normal,"Coronal caries","No bleeding","No pocket",Unerupted,"Not recorded","Not recorded","0-3 mm","0-3 mm","0-3 mm","0-3 mm","0-3 mm","0-3 mm",Normal,"No sign",,Present,3,Present,6,"No sign",,No,No,No,No,0,0,"No crowding","No spacing",0,1,2,1,2,"Full cusp",0,No,Unchecked,Unchecked,Unchecked,Unchecked,Unchecked,Unchecked,Unchecked,Unchecked,Unchecked,Unchecked,Unchecked,Unchecked,Unchecked,Unchecked,Unchecked,Unchecked,Unchecked,Unchecked,Unchecked,Unchecked,Unchecked,Unchecked,Unchecked,Unchecked,Unchecked,Unchecked,Unchecked,Unchecked,Unchecked,Unchecked,Unchecked,Unchecked,Unchecked,Unchecked,Unchecked,Unchecked,Unchecked,Unchecked,Unchecked,Unchecked,Unchecked,Unchecked,Unchecked,Unchecked,Unchecked,Unchecked,Unchecked,Unchecked,Unchecked,Unchecked,Unchecked,Unchecked,Unchecked,Unchecked,Unchecked,Unchecked,Unchecked,Unchecked,Unchecked,Unchecked,Unchecked,Unchecked,Unchecked,Unchecked,Unchecked,Unchecked,Unchecked,Unchecked,Unchecked,Unchecked,Unchecked,Unchecked,,No,,,"Prompt treatment (including scaling) needed",,Complete,Complete
94,Participant,2,,,,,,,,,,,,,,,,,,,,,,,,,,35,35-44,Male,,"Higher Secondary",Painters,English,,Yes,"2026-09-07 15:02:18",Taukib,,,,,Signature,1788774089413.png,,,Akhilesh,1788774107478.png,,,,,,"https://www.google.com/maps?q=,",1788774097980.png,No,Unchecked,Unchecked,Unchecked,No,Toothbrush,Unchecked,Checked,Unchecked,Unchecked,Unchecked,,Fluoridated,Twice,Twice,No,No,Unchecked,Unchecked,Unchecked,Unchecked,Unchecked,Unchecked,Unchecked,Unchecked,Unchecked,Unchecked,Unchecked,,,,,Unchecked,Unchecked,Unchecked,Unchecked,Unchecked,Unchecked,Unchecked,Checked,Unchecked,Good,,,,,,,,,,,,,,,,,,,,,,,,,,,,,,,,,,,,,,,,,,,,,,,,,Sound,"No bleeding","No pocket",Sound,"No bleeding","No pocket",Sound,"No bleeding","No pocket","Coronal caries","No bleeding","No pocket",Sound,"No bleeding","No pocket","demarcated opacity",Sound,Bleeding,"No pocket",Normal,Sound,Bleeding,"Pocket of 4-5 mm",Normal,Sound,"No bleeding","No pocket",Normal,"Missing other","Not recorded","Not recorded",Normal,Sound,"No bleeding","No pocket",Normal,Sound,"No bleeding","No pocket",Normal,Sound,Bleeding,"No pocket",Normal,Sound,"No bleeding","No pocket","Coronal caries","No bleeding","No pocket","Coronal caries","No bleeding","No pocket","Coronal caries",Bleeding,"No pocket","Coronal caries","No bleeding","No pocket","Coronal caries","No bleeding","No pocket",Sound,"No bleeding","No pocket",Normal,Sound,"No bleeding","No pocket",Sound,"No bleeding","No pocket",Sound,"No bleeding","No pocket",Sound,Bleeding,"No pocket",Sound,"No bleeding","No pocket",Sound,"No bleeding","No pocket",Sound,"No bleeding","No pocket",Sound,"No bleeding","No pocket",Sound,"No bleeding","No pocket",Sound,"No bleeding","No pocket",Sound,"No bleeding","No pocket",Normal,Sound,Bleeding,"No pocket",Unerupted,"Not recorded","Not recorded","0-3 mm","0-3 mm","0-3 mm","0-3 mm","0-3 mm","0-3 mm",Normal,"No sign",,Present,3,Present,6,"Missing due to trauma",2,No,No,No,No,0,0,"No crowding","No spacing",0,1,2,3,2,Normal,0,No,Unchecked,Unchecked,Unchecked,Unchecked,Unchecked,Unchecked,Unchecked,Unchecked,Unchecked,Unchecked,Unchecked,Unchecked,Unchecked,Unchecked,Unchecked,Unchecked,Unchecked,Unchecked,Unchecked,Unchecked,Unchecked,Unchecked,Unchecked,Unchecked,Unchecked,Unchecked,Unchecked,Unchecked,Unchecked,Unchecked,Unchecked,Unchecked,Unchecked,Unchecked,Unchecked,Unchecked,Unchecked,Unchecked,Unchecked,Unchecked,Unchecked,Unchecked,Unchecked,Unchecked,Unchecked,Unchecked,Unchecked,Unchecked,Unchecked,Unchecked,Unchecked,Unchecked,Unchecked,Unchecked,Unchecked,Unchecked,Unchecked,Unchecked,Unchecked,Unchecked,Unchecked,Unchecked,Unchecked,Unchecked,Unchecked,Unchecked,Unchecked,Unchecked,Unchecked,Unchecked,Unchecked,Unchecked,,No,,,"Prompt treatment (including scaling) needed",,Complete,Complete
95,,,,,,,,,,,,,,,,,,,,,,,,,,Incomplete,,,,,,,,,,,,,,,,,,,,,,,,,,,,,,,,,,,,,,,,,,,,,,,,,,,,,,,,,,,,,,,,,,,,,,,,,,,,,,,,,,,,,,,,,,,,,,,,,,,,,,,,,,,,,,,,,,,,,,,,,,,,,,,,,,,,,,,,,,,,,,,,,,,,,,,,,,,,,,,,,,,,,,,,,,,,,,,,,,,,,,,,,,,,,,,,,,,,,,,,,,,,,,,,,,,,,,,,,,,,,,,,,,,,,,,,,,,,,,,,,,,,,,,,,,,,,,,,,,,,,,,,,,,,,,,,,,,,,,,,,,,,,,,,,,,,,,,,,,,,,,,,,,,,,,,,,,,,,,,,,,,,,,,,,,,,,,,,
95,Participant,1,,,,,,,,,,,,,,,,,,,,,,,,,20,35,35-44,Female,,Middle,"Housewife or homemaker",English,,Yes,"2026-09-05 11:34:31",Shobha,,,,,Signature,1788588299484.png,,,"Anup kumar",1788589074593.png,,,,,,"https://www.google.com/maps?q=,",1788588314496.png,No,Unchecked,Unchecked,Unchecked,No,Toothbrush,Unchecked,Checked,Unchecked,Unchecked,Unchecked,,Fluoridated,Once,Once,Yes,No,Unchecked,Unchecked,Unchecked,Unchecked,Unchecked,Unchecked,Unchecked,Unchecked,Unchecked,Unchecked,Unchecked,,,,,Unchecked,Unchecked,Unchecked,Unchecked,Unchecked,Unchecked,Unchecked,Checked,Checked,Good,,,,,,,,,,,,,,,,,,,,,,,,,,,,,,,,,,,,,,,,,,,,,,,,,Sound,"No bleeding","No pocket",Sound,"No bleeding","No pocket",Sound,"No bleeding","Pocket of 4-5 mm",Sound,Bleeding,"No pocket",Sound,"No bleeding","No pocket",Normal,Sound,"No bleeding","No pocket",Normal,Sound,"No bleeding","No pocket",Normal,Sound,"No bleeding","No pocket",Normal,Sound,"No bleeding","No pocket",Normal,Sound,"No bleeding","No pocket",Normal,Sound,"No bleeding","No pocket",Normal,Sound,"No bleeding","No pocket",Normal,Sound,"No bleeding","No pocket",Sound,"No bleeding","No pocket",Sound,"No bleeding","No pocket",Sound,"No bleeding","No pocket",Sound,"No bleeding","No pocket",Sound,"No bleeding","No pocket",Sound,"No bleeding","No pocket",Normal,Sound,"No bleeding","No pocket",Sound,"No bleeding","No pocket",Sound,"No bleeding","Pocket of 4-5 mm",Sound,"No bleeding","No pocket",Sound,Bleeding,"No pocket",Sound,"No bleeding","Pocket of 4-5 mm",Sound,"No bleeding","Pocket of 4-5 mm",Sound,"No bleeding","No pocket",Sound,"No bleeding","No pocket",Sound,"No bleeding","No pocket",Sound,"No bleeding","No pocket",Normal,Sound,"No bleeding","No pocket",Sound,"No bleeding","No pocket","0-3 mm","0-3 mm","0-3 mm","0-3 mm","0-3 mm","0-3 mm",Normal,"No sign",,Absent,,Absent,,"No sign",,Yes,No,No,No,0,0,"No crowding","No spacing",0,0,2,2,2,"Half cusp",5,No,Unchecked,Unchecked,Unchecked,Unchecked,Unchecked,Unchecked,Unchecked,Unchecked,Unchecked,Unchecked,Unchecked,Unchecked,Unchecked,Unchecked,Unchecked,Unchecked,Unchecked,Unchecked,Unchecked,Unchecked,Unchecked,Unchecked,Unchecked,Unchecked,Unchecked,Unchecked,Unchecked,Unchecked,Unchecked,Unchecked,Unchecked,Unchecked,Unchecked,Unchecked,Unchecked,Unchecked,Unchecked,Unchecked,Unchecked,Unchecked,Unchecked,Unchecked,Unchecked,Unchecked,Unchecked,Unchecked,Unchecked,Unchecked,Unchecked,Unchecked,Unchecked,Unchecked,Unchecked,Unchecked,Unchecked,Unchecked,Unchecked,Unchecked,Unchecked,Unchecked,Unchecked,Unchecked,Unchecked,Unchecked,Unchecked,Unchecked,Unchecked,Unchecked,Unchecked,Unchecked,Unchecked,Unchecked,,No,,,"Prompt treatment (including scaling) needed",,Complete,Complete
96,,,,,,,,,,,,,,,,,,,,,,,,,,Incomplete,,,,,,,,,,,,,,,,,,,,,,,,,,,,,,,,,,,,,,,,,,,,,,,,,,,,,,,,,,,,,,,,,,,,,,,,,,,,,,,,,,,,,,,,,,,,,,,,,,,,,,,,,,,,,,,,,,,,,,,,,,,,,,,,,,,,,,,,,,,,,,,,,,,,,,,,,,,,,,,,,,,,,,,,,,,,,,,,,,,,,,,,,,,,,,,,,,,,,,,,,,,,,,,,,,,,,,,,,,,,,,,,,,,,,,,,,,,,,,,,,,,,,,,,,,,,,,,,,,,,,,,,,,,,,,,,,,,,,,,,,,,,,,,,,,,,,,,,,,,,,,,,,,,,,,,,,,,,,,,,,,,,,,,,,,,,,,,,
96,Participant,1,,,,,,,,,,,,,,,,,,,,,,,,,11,35,35-44,Female,,Middle,"Housewife or homemaker",English,,Yes,"2026-09-05 11:51:28",Shobha,,,,,Signature,1788589312189.png,,,,,,,,,,"https://www.google.com/maps?q=,",1788589326221.png,No,Unchecked,Unchecked,Unchecked,No,Toothbrush,Unchecked,Checked,Unchecked,Unchecked,Unchecked,,Fluoridated,Once,Once,No,No,Unchecked,Unchecked,Unchecked,Unchecked,Unchecked,Unchecked,Unchecked,Unchecked,Unchecked,Unchecked,Unchecked,,,,,Unchecked,Unchecked,Unchecked,Unchecked,Unchecked,Checked,Unchecked,Checked,Unchecked,Good,,,,,,,,,,,,,,,,,,,,,,,,,,,,,,,,,,,,,,,,,,,,,,,,,Sound,"No bleeding","No pocket",Sound,"No bleeding","No pocket",Sound,"No bleeding","No pocket",Sound,Bleeding,"No pocket",Sound,Bleeding,"No pocket",Normal,Sound,"No bleeding",,,,"No bleeding","No pocket",Normal,Sound,"No bleeding","No pocket",Normal,Sound,"No bleeding","No pocket",Normal,Sound,"No bleeding","No pocket",Normal,Sound,"No bleeding","No pocket",Normal,Sound,"No bleeding","No pocket",Normal,Sound,"No bleeding","No pocket",Sound,"No bleeding","No pocket",Sound,"No bleeding","No pocket",Sound,"No bleeding","No pocket",Sound,"No bleeding","No pocket",Sound,"No bleeding","No pocket",Sound,"No bleeding","No pocket",Normal,Sound,"No bleeding","No pocket",Sound,"No bleeding","No pocket",Sound,"No bleeding","No pocket",Sound,"No bleeding","No pocket",Sound,"No bleeding","No pocket",Sound,"No bleeding","No pocket",Sound,"No bleeding","No pocket",Sound,"No bleeding","No pocket",Sound,"No bleeding","No pocket",Sound,"No bleeding","No pocket",Sound,"No bleeding","No pocket",Normal,Sound,"No bleeding","No pocket",Sound,"No bleeding","No pocket","0-3 mm","0-3 mm","0-3 mm","0-3 mm","0-3 mm","0-3 mm",Normal,"No sign",,Present,5,Absent,,"No sign",,No,No,No,No,0,0,"No crowding","No spacing",0,0,0,2,0,"Full cusp",0,No,Unchecked,Unchecked,Unchecked,Unchecked,Unchecked,Unchecked,Unchecked,Unchecked,Unchecked,Unchecked,Unchecked,Unchecked,Unchecked,Unchecked,Unchecked,Unchecked,Unchecked,Unchecked,Unchecked,Unchecked,Unchecked,Unchecked,Unchecked,Unchecked,Unchecked,Unchecked,Unchecked,Unchecked,Unchecked,Unchecked,Unchecked,Unchecked,Unchecked,Unchecked,Unchecked,Unchecked,Unchecked,Unchecked,Unchecked,Unchecked,Unchecked,Unchecked,Unchecked,Unchecked,Unchecked,Unchecked,Unchecked,Unchecked,Unchecked,Unchecked,Unchecked,Unchecked,Unchecked,Unchecked,Unchecked,Unchecked,Unchecked,Unchecked,Unchecked,Unchecked,Unchecked,Unchecked,Unchecked,Unchecked,Unchecked,Unchecked,Unchecked,Unchecked,Unchecked,Unchecked,Unchecked,Unchecked,,No,,,"Preventive or routine treatment needed",,Complete,Complete
97,,,,,,,,,,,,,,,,,,,,,,,,,,Incomplete,,,,,,,,,,,,,,,,,,,,,,,,,,,,,,,,,,,,,,,,,,,,,,,,,,,,,,,,,,,,,,,,,,,,,,,,,,,,,,,,,,,,,,,,,,,,,,,,,,,,,,,,,,,,,,,,,,,,,,,,,,,,,,,,,,,,,,,,,,,,,,,,,,,,,,,,,,,,,,,,,,,,,,,,,,,,,,,,,,,,,,,,,,,,,,,,,,,,,,,,,,,,,,,,,,,,,,,,,,,,,,,,,,,,,,,,,,,,,,,,,,,,,,,,,,,,,,,,,,,,,,,,,,,,,,,,,,,,,,,,,,,,,,,,,,,,,,,,,,,,,,,,,,,,,,,,,,,,,,,,,,,,,,,,,,,,,,,,
97,Participant,1,,,,,,,,,,,,,,,,,,,,,,,,,19,13,12-15,Female,,,,English,Yes,Yes,"2026-09-07 15:03:31",Hisha,,Rashmi,Mother,,Signature,1788775282602.png,,,Ritik,1788774810527.png,,,28.5657085,77.2127882,,"https://www.google.com/maps?q=28.5657085,77.2127882",1788775291917.png,No,Unchecked,Unchecked,Unchecked,,Toothbrush,Unchecked,Checked,Unchecked,Unchecked,Unchecked,,Fluoridated,Twice,"Thrice or more",Yes,Yes,Checked,Unchecked,Unchecked,Unchecked,Unchecked,Unchecked,Unchecked,Unchecked,Unchecked,Unchecked,Unchecked,,"public facility",,,Unchecked,Unchecked,Unchecked,Unchecked,Unchecked,Unchecked,Unchecked,Unchecked,Unchecked,Good,,"Mixed dentition",,"Not recorded","Not recorded","Missing other","Not recorded",Sound,"Not recorded",,,,,,,,,Sound,"Not recorded",Sound,"Not recorded","Not recorded","Not recorded","Not recorded","Not recorded","Not recorded","Not recorded","Not recorded","Not recorded",,,,,,,,,"Not recorded","Not recorded","Not recorded","Not recorded",Sound,"Not recorded",,,,,,,,,Unerupted,"Not recorded",,"Not recorded","Not recorded",,Unerupted,"Not recorded",,Sound,"Not recorded",,Normal,Sound,"Not recorded",,Normal,Sound,"Not recorded",,Normal,Sound,"Not recorded",,Normal,Sound,"Not recorded",,Normal,Sound,"Not recorded",,Normal,Sound,"Not recorded",,Normal,Sound,"Not recorded",,Normal,Sound,"Not recorded",,"Not recorded","Not recorded",,Unerupted,"Not recorded",,,,,,,,Unerupted,"Not recorded",,Sound,"No bleeding",,Normal,"Not recorded","Not recorded",,Unerupted,"Not recorded",,Unerupted,"Not recorded",,"Not recorded","Not recorded",,"Not recorded","Not recorded",,"Not recorded","Not recorded",,"Not recorded","Not recorded",,"Not recorded","Not recorded",,Unerupted,"Not recorded",,Unerupted,"Not recorded",,Sound,"No bleeding",,Normal,Unerupted,"Not recorded",,,,,,,,,,,Normal,"No sign",,,,,,"No sign",,,,,,3,5,"Not recorded","Not recorded",0,0,0,0,0,"Full cusp",0,No,Unchecked,Unchecked,Unchecked,Unchecked,Unchecked,Unchecked,Unchecked,Unchecked,Unchecked,Unchecked,Unchecked,Unchecked,Unchecked,Unchecked,Unchecked,Unchecked,Unchecked,Unchecked,Unchecked,Unchecked,Unchecked,Unchecked,Unchecked,Unchecked,Unchecked,Unchecked,Unchecked,Unchecked,Unchecked,Unchecked,Unchecked,Unchecked,Unchecked,Unchecked,Unchecked,Unchecked,Unchecked,Unchecked,Unchecked,Unchecked,Unchecked,Unchecked,Unchecked,Unchecked,Unchecked,Unchecked,Unchecked,Unchecked,Unchecked,Unchecked,Unchecked,Unchecked,Unchecked,Unchecked,Unchecked,Unchecked,Unchecked,Unchecked,Unchecked,Unchecked,Unchecked,Unchecked,Unchecked,Unchecked,Unchecked,Unchecked,Unchecked,Unchecked,Unchecked,Unchecked,Unchecked,Unchecked,,,,,"Preventive or routine treatment needed",,Complete,Complete
97,Participant,2,,,,,,,,,,,,,,,,,,,,,,,,,,13,12-15,Female,,,,English,Yes,Yes,"2026-09-07 15:35:31",Hisha,,Rashmi,Mother,,Signature,,,,Ritik,,Ritik,1788776294789.png,28.565676,77.2127717,,"https://www.google.com/maps?q=28.565676,77.2127717",1788776331977.png,No,Unchecked,Unchecked,Unchecked,,Toothbrush,Unchecked,Checked,Unchecked,Unchecked,Unchecked,,Fluoridated,Twice,"Thrice or more",Yes,Yes,Checked,Unchecked,Unchecked,Unchecked,Unchecked,Unchecked,Unchecked,Unchecked,Unchecked,Unchecked,Unchecked,,,,,Unchecked,Unchecked,Unchecked,Unchecked,Unchecked,Unchecked,Unchecked,Unchecked,Unchecked,Good,,"Mixed dentition",,"Not recorded","Not recorded","Not recorded","Not recorded","Not recorded","Not recorded",,,,,,,,,"Not recorded","Not recorded","Not recorded","Not recorded","Not recorded","Not recorded","Not recorded","Not recorded","Not recorded","Not recorded","Not recorded","Not recorded",,,,,,,,,"Not recorded","Not recorded","Not recorded","Not recorded","Not recorded","Not recorded",,,,,,,,,Unerupted,"Not recorded",,"Not recorded","Not recorded",,Sound,"Not recorded",,Unerupted,"Not recorded",,"not recorded",Unerupted,"Not recorded",,"not recorded",Sound,"Not recorded",,Normal,Sound,"No bleeding",,Normal,Sound,"No bleeding",,Normal,Sound,"No bleeding",,Normal,Sound,"No bleeding",,Normal,Sound,"No bleeding",,Normal,"Not recorded","Not recorded",,"Not recorded","Not recorded",,Unerupted,"Not recorded",,,,,,,,Unerupted,"Not recorded",,Sound,"No bleeding",,Normal,"Not recorded","Not recorded",,"Not recorded","Not recorded",,"Not recorded","Not recorded",,"Not recorded","Not recorded",,"Not recorded","Not recorded",,"Not recorded","Not recorded",,"Not recorded","Not recorded",,"Not recorded","Not recorded",,"Not recorded","Not recorded",,"Not recorded","Not recorded",,Sound,"No bleeding",,Normal,Unerupted,"Not recorded",,,,,,,,,,,Normal,"No sign",,,,,,"No sign",,,,,,0,0,"Not recorded","Not recorded",0,0,0,2,0,"Full cusp",0,No,Unchecked,Unchecked,Unchecked,Unchecked,Unchecked,Unchecked,Unchecked,Unchecked,Unchecked,Unchecked,Unchecked,Unchecked,Unchecked,Unchecked,Unchecked,Unchecked,Unchecked,Unchecked,Unchecked,Unchecked,Unchecked,Unchecked,Unchecked,Unchecked,Unchecked,Unchecked,Unchecked,Unchecked,Unchecked,Unchecked,Unchecked,Unchecked,Unchecked,Unchecked,Unchecked,Unchecked,Unchecked,Unchecked,Unchecked,Unchecked,Unchecked,Unchecked,Unchecked,Unchecked,Unchecked,Unchecked,Unchecked,Unchecked,Unchecked,Unchecked,Unchecked,Unchecked,Unchecked,Unchecked,Unchecked,Unchecked,Unchecked,Unchecked,Unchecked,Unchecked,Unchecked,Unchecked,Unchecked,Unchecked,Unchecked,Unchecked,Unchecked,Unchecked,Unchecked,Unchecked,Unchecked,Unchecked,,,,,"Prompt treatment (including scaling) needed",,Complete,Complete
98,,,,,,,,,,,,,,,,,,,,,,,,,,Incomplete,,,,,,,,,,,,,,,,,,,,,,,,,,,,,,,,,,,,,,,,,,,,,,,,,,,,,,,,,,,,,,,,,,,,,,,,,,,,,,,,,,,,,,,,,,,,,,,,,,,,,,,,,,,,,,,,,,,,,,,,,,,,,,,,,,,,,,,,,,,,,,,,,,,,,,,,,,,,,,,,,,,,,,,,,,,,,,,,,,,,,,,,,,,,,,,,,,,,,,,,,,,,,,,,,,,,,,,,,,,,,,,,,,,,,,,,,,,,,,,,,,,,,,,,,,,,,,,,,,,,,,,,,,,,,,,,,,,,,,,,,,,,,,,,,,,,,,,,,,,,,,,,,,,,,,,,,,,,,,,,,,,,,,,,,,,,,,,,
98,Participant,1,,,,,,,,,,,,,,,,,,,,,,,,,15,41,35-44,Male,,"Higher Secondary","Cooks, Waiters, Bartenders And Related Workers (Domestic & Institutional)",English,,Yes,"2026-09-07 15:11:19",Mintu,,,,,Signature,1788774120587.png,,,Harender,1788775684180.png,,,,,,"https://www.google.com/maps?q=,",1788775671586.png,No,Unchecked,Unchecked,Unchecked,Yes,Toothbrush,Unchecked,Checked,Unchecked,Unchecked,Unchecked,,Fluoridated,Once,Twice,Yes,Yes,Checked,Unchecked,Unchecked,Unchecked,Checked,Unchecked,Unchecked,Unchecked,Unchecked,Unchecked,Unchecked,,"public facility",,,Unchecked,Unchecked,Unchecked,Unchecked,Unchecked,Unchecked,Unchecked,Unchecked,Unchecked,Average,,,,,,,,,,,,,,,,,,,,,,,,,,,,,,,,,,,,,,,,,,,,,,,,,Sound,"No bleeding","No pocket",Sound,"No bleeding","No pocket","Missing due to caries","Not recorded","Not recorded","Root caries","No bleeding","No pocket",Sound,"No bleeding","No pocket",Normal,Sound,"No bleeding","No pocket",Normal,Sound,"No bleeding","No pocket",Normal,Sound,"No bleeding","No pocket",Normal,Sound,"No bleeding","No pocket",Normal,Sound,"No bleeding","No pocket",Normal,Sound,"No bleeding","No pocket",Normal,Sound,"No bleeding","No pocket",Normal,Sound,"No bleeding","No pocket","Missing due to caries","Not recorded","Not recorded","Coronal caries","No bleeding","No pocket",Sound,"No bleeding","No pocket",Sound,"No bleeding","No pocket",Sound,"No bleeding","No pocket","Coronal caries",Bleeding,"Pocket of 4-5 mm",Normal,Sound,"No bleeding","No pocket",Sound,"No bleeding","No pocket",Sound,"No bleeding","No pocket",Sound,"No bleeding","Pocket of 4-5 mm",Sound,Bleeding,"Pocket of 4-5 mm",Sound,Bleeding,"Pocket of 4-5 mm",Sound,"No bleeding","No pocket",Sound,"No bleeding","No pocket",Sound,"No bleeding","No pocket",Sound,"No bleeding","No pocket","Coronal caries","No bleeding","No pocket",Normal,"Coronal caries","No bleeding","No pocket",Sound,"No bleeding","No pocket","0-3 mm","4-5 mm Cemento-enamel Junction (CEJ) within black band","0-3 mm","0-3 mm","4-5 mm Cemento-enamel Junction (CEJ) within black band","0-3 mm",Normal,"No sign",,Present,4,Absent,,"Enamel fracture only",1,No,No,No,No,0,0,"No crowding","No spacing",0,0,0,1,0,Normal,0,Yes,Unchecked,Unchecked,Unchecked,Unchecked,Unchecked,Unchecked,Unchecked,Unchecked,Unchecked,Unchecked,Unchecked,Unchecked,Unchecked,Unchecked,Unchecked,Unchecked,Unchecked,Unchecked,Unchecked,Unchecked,Unchecked,Unchecked,Unchecked,Unchecked,Unchecked,Unchecked,Unchecked,Unchecked,Unchecked,Unchecked,Unchecked,Unchecked,Unchecked,Unchecked,Unchecked,Unchecked,Unchecked,Unchecked,Unchecked,Unchecked,Unchecked,Unchecked,Unchecked,Unchecked,Unchecked,Unchecked,Unchecked,Unchecked,Unchecked,Unchecked,Unchecked,Unchecked,Unchecked,Unchecked,Unchecked,Unchecked,Unchecked,Unchecked,Unchecked,Unchecked,Unchecked,Unchecked,Unchecked,Unchecked,Unchecked,Unchecked,Unchecked,Checked,Unchecked,Unchecked,Unchecked,Unchecked,,No,,,"Immediate (urgent) treatment due to pain or infection of dental and / or oral origin","Patient had dental trauma ,due to opening a soda bottle, also having severe gingavities ",Complete,Complete
98,Participant,2,,,,,,,,,,,,,,,,,,,,,,,,,,41,35-44,Male,,"Higher Secondary","Cooks, Waiters, Bartenders And Related Workers (Domestic & Institutional)",English,,Yes,"2026-09-07 15:54:00",Mintu,,,,,Signature,1788776651468.png,,,Sunayna,1788776665311.png,,,,,,"https://www.google.com/maps?q=,",1788776670299.png,No,Unchecked,Unchecked,Unchecked,Yes,Toothbrush,Unchecked,Checked,Unchecked,Unchecked,Unchecked,,Fluoridated,Once,Twice,Yes,Yes,Checked,Unchecked,Unchecked,Unchecked,Checked,Unchecked,Unchecked,Unchecked,Unchecked,Unchecked,Unchecked,,"public facility",,,Unchecked,Unchecked,Unchecked,Unchecked,Unchecked,Unchecked,Unchecked,Unchecked,Unchecked,Average,,,,,,,,,,,,,,,,,,,,,,,,,,,,,,,,,,,,,,,,,,,,,,,,,Sound,"No bleeding","No pocket",Sound,"No bleeding","No pocket","Missing due to caries","No bleeding","Pocket of 4-5 mm",Sound,"No bleeding","No pocket",Sound,"No bleeding","No pocket",Normal,Sound,"No bleeding","No pocket",Normal,Sound,"No bleeding","No pocket",Normal,Sound,"No bleeding","No pocket",Normal,Sound,"No bleeding","No pocket",Normal,Sound,"No bleeding","No pocket",Normal,Sound,"No bleeding","No pocket",Normal,Sound,"No bleeding","No pocket",Normal,Sound,"No bleeding","No pocket","Missing due to caries","No bleeding","No pocket","Coronal caries","No bleeding","No pocket",Sound,"No bleeding","No pocket",Sound,"No bleeding","No pocket",Sound,"No bleeding","No pocket","Coronal caries","No bleeding","No pocket",Normal,Sound,"No bleeding","No pocket",Sound,"No bleeding","No pocket",Sound,"No bleeding","No pocket",Sound,"No bleeding","Pocket of 4-5 mm",Sound,Bleeding,"Pocket of 4-5 mm",Sound,Bleeding,"Pocket of 4-5 mm",Sound,"No bleeding","No pocket",Sound,"No bleeding","No pocket",Sound,"No bleeding","No pocket",Sound,Bleeding,"No pocket",Sound,"No bleeding","No pocket",Normal,Sound,"No bleeding","No pocket",Sound,"No bleeding","No pocket","0-3 mm","0-3 mm","0-3 mm","0-3 mm","4-5 mm Cemento-enamel Junction (CEJ) within black band","0-3 mm",Normal,"No sign",,Absent,,Present,3,"No sign",,No,No,No,No,0,0,"No crowding","No spacing",0,0,0,1,0,Normal,0,No,Unchecked,Unchecked,Unchecked,Unchecked,Unchecked,Unchecked,Unchecked,Unchecked,Unchecked,Unchecked,Unchecked,Unchecked,Unchecked,Unchecked,Unchecked,Unchecked,Unchecked,Unchecked,Unchecked,Unchecked,Unchecked,Unchecked,Unchecked,Unchecked,Unchecked,Unchecked,Unchecked,Unchecked,Unchecked,Unchecked,Unchecked,Unchecked,Unchecked,Unchecked,Unchecked,Unchecked,Unchecked,Unchecked,Unchecked,Unchecked,Unchecked,Unchecked,Unchecked,Unchecked,Unchecked,Unchecked,Unchecked,Unchecked,Unchecked,Unchecked,Unchecked,Unchecked,Unchecked,Unchecked,Unchecked,Unchecked,Unchecked,Unchecked,Unchecked,Unchecked,Unchecked,Unchecked,Unchecked,Unchecked,Unchecked,Unchecked,Unchecked,Unchecked,Unchecked,Unchecked,Unchecked,Unchecked,,No,,,"Prompt treatment (including scaling) needed",,Complete,Complete
99,,,06,,"Willing to participate",,,,,,,,,,,,,,,,,,,,,Complete,,,,,,,,,,,,,,,,,,,,,,,,,,,,,,,,,,,,,,,,,,,,,,,,,,,,,,,,,,,,,,,,,,,,,,,,,,,,,,,,,,,,,,,,,,,,,,,,,,,,,,,,,,,,,,,,,,,,,,,,,,,,,,,,,,,,,,,,,,,,,,,,,,,,,,,,,,,,,,,,,,,,,,,,,,,,,,,,,,,,,,,,,,,,,,,,,,,,,,,,,,,,,,,,,,,,,,,,,,,,,,,,,,,,,,,,,,,,,,,,,,,,,,,,,,,,,,,,,,,,,,,,,,,,,,,,,,,,,,,,,,,,,,,,,,,,,,,,,,,,,,,,,,,,,,,,,,,,,,,,,,,,,,,,,,,,,,,,
99,Participant,1,,,,,,,,,,,,,,,,,,,,,,,,,21,74,65-74,Male,,"Graduate or higher","Not applicable","हिन्दी (Hindi)",,Yes,"2026-09-07 15:05:29","Radheyshyam varma",,,,,Signature,1788773755043.png,,,,,,,,,,,1788773764293.png,No,Unchecked,Unchecked,Unchecked,No,Toothbrush,Unchecked,Checked,Unchecked,Unchecked,Unchecked,,Fluoridated,Once,Twice,Yes,Yes,Unchecked,Unchecked,Unchecked,Unchecked,Unchecked,Checked,Unchecked,Unchecked,Unchecked,Unchecked,Unchecked,,"private clinic",,,Unchecked,Unchecked,Unchecked,Unchecked,Unchecked,Unchecked,Unchecked,Unchecked,Unchecked,Average,,,"All teeth / partially edentulous",,,,,,,,,,,,,,,,,,,,,,,,,,,,,,,,,,,,,,,,,,,,,,"Missing other","Not recorded","Not recorded","Missing other","Not recorded","Not recorded",Sound,"No bleeding","No pocket",Sound,"No bleeding","No pocket",Sound,"No bleeding","No pocket",Normal,"Both coronal and root caries","No bleeding","No pocket",Normal,Sound,"No bleeding","No pocket",Normal,Sound,"No bleeding","No pocket",Normal,Sound,"No bleeding","Pocket of 4-5 mm",Normal,"Missing other","Not recorded","Not recorded","not recorded","Missing other","Not recorded","Not recorded","not recorded","Missing other","Not recorded","Not recorded","not recorded","Missing other","Not recorded","Not recorded","Missing other","Not recorded","Not recorded","Missing other","Not recorded","Not recorded","Missing other","Not recorded","Not recorded","Coronal caries",Bleeding,"Pocket 6 mm or more","Coronal caries",Bleeding,"Pocket 6 mm or more","Missing other","Not recorded","Not recorded","not recorded",Sound,"No bleeding","No pocket",Sound,"No bleeding","No pocket",Sound,"No bleeding","No pocket","Missing other","Not recorded","Not recorded","Missing other","Not recorded","Not recorded","Missing other","Not recorded","Not recorded","Missing other","Not recorded","Not recorded",Sound,"No bleeding","No pocket","Missing other","Not recorded","Not recorded","Missing other","Not recorded","Not recorded","Missing other","Not recorded","Not recorded","not recorded","Both coronal and root caries","No bleeding","No pocket","Both coronal and root caries","No bleeding","No pocket","9-11 mm CEJ between 8.5 mm and 11.5 mm ring","4-5 mm Cemento-enamel Junction (CEJ) within black band","Excluded sextant","12 mm or more CEJ beyond 11.5 mm ring","Excluded sextant","Excluded sextant",Normal,"No sign",,Present,7,Present,4,"No sign",,No,No,No,No,,,,,,,,,,,,No,Unchecked,Unchecked,Unchecked,Unchecked,Unchecked,Unchecked,Unchecked,Unchecked,Unchecked,Unchecked,Unchecked,Unchecked,Unchecked,Unchecked,Unchecked,Unchecked,Unchecked,Unchecked,Unchecked,Unchecked,Unchecked,Unchecked,Unchecked,Unchecked,Unchecked,Unchecked,Unchecked,Unchecked,Unchecked,Unchecked,Unchecked,Unchecked,Unchecked,Unchecked,Unchecked,Unchecked,Unchecked,Unchecked,Unchecked,Unchecked,Unchecked,Unchecked,Unchecked,Unchecked,Unchecked,Unchecked,Unchecked,Unchecked,Unchecked,Unchecked,Unchecked,Unchecked,Unchecked,Unchecked,Unchecked,Unchecked,Unchecked,Unchecked,Unchecked,Unchecked,Unchecked,Unchecked,Unchecked,Unchecked,Unchecked,Unchecked,Unchecked,Unchecked,Unchecked,Unchecked,Unchecked,Unchecked,,No,,,"Referred for comprehensive evaluation or medical treatment (systemic condition)",,Complete,Complete
99,Participant,2,,,,,,,,,,,,,,,,,,,,,,,,,03,74,65-74,Male,,"Graduate or higher","Not applicable","हिन्दी (Hindi)",,Yes,"2026-09-07 15:17:35","Radheyshyam varma",,,,,Signature,1788774488073.png,,,,,,,,,,,,No,Unchecked,Unchecked,Unchecked,No,Toothbrush,Unchecked,Checked,Unchecked,Unchecked,Unchecked,,Fluoridated,Once,Twice,Yes,No,Unchecked,Unchecked,Unchecked,Unchecked,Unchecked,Unchecked,Unchecked,Unchecked,Unchecked,Unchecked,Unchecked,,,,,Unchecked,Unchecked,Unchecked,Unchecked,Unchecked,Unchecked,Unchecked,Checked,Checked,Poor,,,"All teeth / partially edentulous",,,,,,,,,,,,,,,,,,,,,,,,,,,,,,,,,,,,,,,,,,,,,,"Missing other","Not recorded","Not recorded","Missing other","Not recorded","Not recorded",Sound,"No bleeding","Pocket 6 mm or more",Sound,"No bleeding","Pocket 6 mm or more",Sound,"No bleeding","No pocket",Normal,"Both coronal and root caries","Not recorded","Not recorded","not recorded",Sound,"No bleeding","No pocket",Normal,Sound,"No bleeding","No pocket",Normal,Sound,"No bleeding","No pocket",Normal,"Missing other","Not recorded","Not recorded","not recorded","Missing other","Not recorded","Not recorded","not recorded","Missing other","Not recorded","Not recorded","not recorded","Missing other","Not recorded","Not recorded","Missing other","Not recorded","Not recorded","Missing other","Not recorded","Not recorded","Missing other","Not recorded","Not recorded","Coronal caries",Bleeding,"Pocket 6 mm or more",Sound,Bleeding,"Pocket 6 mm or more","Missing other","Not recorded","Not recorded","not recorded",Sound,"No bleeding","Pocket of 4-5 mm",Sound,"No bleeding","No pocket",Sound,Bleeding,"No pocket","Missing other","Not recorded","Not recorded","Missing other","Not recorded","Not recorded","Missing other","Not recorded","Not recorded","Missing other","Not recorded","Not recorded",Sound,"No bleeding","No pocket","Missing other","Not recorded","Not recorded","Missing other","Not recorded","Not recorded","Missing other","Not recorded","Not recorded","not recorded","Both coronal and root caries","Not recorded","Not recorded","Both coronal and root caries","Not recorded","Not recorded","9-11 mm CEJ between 8.5 mm and 11.5 mm ring","6-8 mm CEJ between upper limit of black band and 8.5 mm ring","Excluded sextant","12 mm or more CEJ beyond 11.5 mm ring","Excluded sextant","Excluded sextant",Normal,"Dentinal lesion",2,Present,12,Present,5,"No sign",,No,No,No,No,,,,,,,,,,,,No,Unchecked,Unchecked,Unchecked,Unchecked,Unchecked,Unchecked,Unchecked,Unchecked,Unchecked,Unchecked,Unchecked,Unchecked,Unchecked,Unchecked,Unchecked,Unchecked,Unchecked,Unchecked,Unchecked,Unchecked,Unchecked,Unchecked,Unchecked,Unchecked,Unchecked,Unchecked,Unchecked,Unchecked,Unchecked,Unchecked,Unchecked,Unchecked,Unchecked,Unchecked,Unchecked,Unchecked,Unchecked,Unchecked,Unchecked,Unchecked,Unchecked,Unchecked,Unchecked,Unchecked,Unchecked,Unchecked,Unchecked,Unchecked,Unchecked,Unchecked,Unchecked,Unchecked,Unchecked,Unchecked,Unchecked,Unchecked,Unchecked,Unchecked,Unchecked,Unchecked,Unchecked,Unchecked,Unchecked,Unchecked,Unchecked,Unchecked,Unchecked,Unchecked,Unchecked,Unchecked,Unchecked,Unchecked,,No,,,"Immediate (urgent) treatment due to pain or infection of dental and / or oral origin",Nil,Complete,Complete
100,,,06,,"Willing to participate",,,,,,,,,,,,,,,,,,,,,Complete,,,,,,,,,,,,,,,,,,,,,,,,,,,,,,,,,,,,,,,,,,,,,,,,,,,,,,,,,,,,,,,,,,,,,,,,,,,,,,,,,,,,,,,,,,,,,,,,,,,,,,,,,,,,,,,,,,,,,,,,,,,,,,,,,,,,,,,,,,,,,,,,,,,,,,,,,,,,,,,,,,,,,,,,,,,,,,,,,,,,,,,,,,,,,,,,,,,,,,,,,,,,,,,,,,,,,,,,,,,,,,,,,,,,,,,,,,,,,,,,,,,,,,,,,,,,,,,,,,,,,,,,,,,,,,,,,,,,,,,,,,,,,,,,,,,,,,,,,,,,,,,,,,,,,,,,,,,,,,,,,,,,,,,,,,,,,,,,
100,Participant,1,,,,,,,,,,,,,,,,,,,,,,,,,21,43,35-44,Male,,Secondary,"Merchants And Shopkeepers, Wholesale And Retail Trade","हिन्दी (Hindi)",,Yes,"2026-09-07 15:41:39",Dharmendra,,,,,Signature,1788775941614.png,,,,,,,,,,,1788775955514.png,No,Unchecked,Unchecked,Unchecked,No,Toothbrush,Unchecked,Checked,Unchecked,Unchecked,Unchecked,,Non-fluoridated,Once,"Thrice or more",No,No,Unchecked,Unchecked,Unchecked,Unchecked,Unchecked,Unchecked,Unchecked,Unchecked,Unchecked,Unchecked,Unchecked,,,,,Unchecked,Unchecked,Unchecked,Unchecked,Unchecked,Unchecked,Unchecked,Checked,Checked,Good,,,,,,,,,,,,,,,,,,,,,,,,,,,,,,,,,,,,,,,,,,,,,,,,,"Coronal caries","No bleeding","No pocket","Coronal caries","No bleeding","No pocket","Filled no caries","No bleeding","No pocket",Sound,"No bleeding","No pocket",Sound,"No bleeding","No pocket",Normal,Sound,"No bleeding","No pocket",Normal,Sound,"No bleeding","No pocket",Normal,Sound,Bleeding,"No pocket",Normal,Sound,Bleeding,"No pocket",Normal,Sound,Bleeding,"No pocket",Normal,Sound,"No bleeding","No pocket",Normal,Sound,"No bleeding","No pocket",Normal,Sound,"No bleeding","No pocket","Coronal caries","No bleeding","No pocket","Filled with caries","No bleeding","No pocket",Unerupted,"Not recorded","Not recorded",Unerupted,"Not recorded","Not recorded","Filled with caries","No bleeding","No pocket","Filled with caries","No bleeding","Pocket of 4-5 mm",Normal,Sound,"No bleeding","No pocket",Sound,"No bleeding","No pocket",Sound,"No bleeding","No pocket",Sound,Bleeding,"No pocket",Sound,Bleeding,"No pocket",Sound,Bleeding,"No pocket",Sound,Bleeding,"No pocket",Sound,Bleeding,"No pocket",Sound,Bleeding,"No pocket",Sound,Bleeding,"No pocket",Sound,"No bleeding","No pocket",Normal,Sound,"No bleeding","No pocket",Unerupted,"Not recorded","Not recorded","0-3 mm","0-3 mm","0-3 mm","0-3 mm","0-3 mm","0-3 mm",Normal,"No sign",,Present,2,Present,4,"No sign",,Yes,No,No,No,0,0,"Crowding present in Upper and Lower arches","No spacing",0,2,2,2,0,Normal,0,No,Unchecked,Unchecked,Unchecked,Unchecked,Unchecked,Unchecked,Unchecked,Unchecked,Unchecked,Unchecked,Unchecked,Unchecked,Unchecked,Unchecked,Unchecked,Unchecked,Unchecked,Unchecked,Unchecked,Unchecked,Unchecked,Unchecked,Unchecked,Unchecked,Unchecked,Unchecked,Unchecked,Unchecked,Unchecked,Unchecked,Unchecked,Unchecked,Unchecked,Unchecked,Unchecked,Unchecked,Unchecked,Unchecked,Unchecked,Unchecked,Unchecked,Unchecked,Unchecked,Unchecked,Unchecked,Unchecked,Unchecked,Unchecked,Unchecked,Unchecked,Unchecked,Unchecked,Unchecked,Unchecked,Unchecked,Unchecked,Unchecked,Unchecked,Unchecked,Unchecked,Unchecked,Unchecked,Unchecked,Unchecked,Unchecked,Unchecked,Unchecked,Unchecked,Unchecked,Unchecked,Unchecked,Unchecked,,No,,,"Prompt treatment (including scaling) needed",,Complete,Complete
100,Participant,2,,,,,,,,,,,,,,,,,,,,,,,,,03,43,35-44,Male,,Secondary,,,,Yes,"2026-09-07 15:54:10",Dharmendar,,,,,Signature,1788776673122.png,,,,,,,,,,,1788777314822.png,No,Unchecked,Unchecked,Unchecked,No,Toothbrush,Unchecked,Checked,Unchecked,Unchecked,Unchecked,,Non-fluoridated,Once,Once,No,No,Unchecked,Unchecked,Unchecked,Unchecked,Unchecked,Unchecked,Unchecked,Unchecked,Unchecked,Unchecked,Unchecked,,,,,Unchecked,Unchecked,Unchecked,Unchecked,Unchecked,Unchecked,Unchecked,Checked,Checked,Good,,,,,,,,,,,,,,,,,,,,,,,,,,,,,,,,,,,,,,,,,,,,,,,,,"Coronal caries","No bleeding","No pocket","Coronal caries","No bleeding","No pocket","Filled no caries",Bleeding,"No pocket",Sound,"No bleeding","No pocket",Sound,"No bleeding","No pocket",Normal,Sound,Bleeding,"No pocket",Normal,Sound,Bleeding,"No pocket",Normal,Sound,Bleeding,"No pocket",Normal,Sound,Bleeding,"No pocket",Normal,Sound,Bleeding,"No pocket",Normal,Sound,"No bleeding","No pocket",Normal,Sound,"No bleeding","No pocket",Normal,Sound,"No bleeding","No pocket",Sound,"No bleeding","No pocket","Coronal caries","No bleeding","No pocket",Sound,"Not recorded","Not recorded",Unerupted,"Not recorded","Not recorded","Filled with caries","No bleeding","No pocket","Filled no caries","No bleeding","No pocket",Normal,Sound,"No bleeding","No pocket",Sound,"No bleeding","No pocket",Sound,Bleeding,"No pocket",Sound,Bleeding,"No pocket",Sound,Bleeding,"No pocket",Sound,Bleeding,"No pocket",Sound,"No bleeding","No pocket",Sound,"No bleeding","No pocket",Sound,"No bleeding","No pocket",Sound,"No bleeding","No pocket",Sound,"No bleeding","No pocket",Normal,"Filled no caries","No bleeding","No pocket",Unerupted,"Not recorded","Not recorded","0-3 mm","0-3 mm","0-3 mm","0-3 mm","0-3 mm","0-3 mm",Normal,"No sign",,Absent,,Present,7,"No sign",,Yes,No,No,No,0,0,"Crowding present in Upper and Lower arches","No spacing",0,1,1,2,0,Normal,0,Yes,Unchecked,Unchecked,Unchecked,Unchecked,Unchecked,Unchecked,Unchecked,Unchecked,Unchecked,Unchecked,Unchecked,Unchecked,Unchecked,Unchecked,Unchecked,Unchecked,Unchecked,Unchecked,Unchecked,Unchecked,Unchecked,Unchecked,Unchecked,Unchecked,Unchecked,Unchecked,Unchecked,Unchecked,Unchecked,Unchecked,Unchecked,Unchecked,Unchecked,Unchecked,Unchecked,Unchecked,Unchecked,Unchecked,Unchecked,Unchecked,Unchecked,Unchecked,Unchecked,Unchecked,Unchecked,Unchecked,Unchecked,Unchecked,Unchecked,Unchecked,Unchecked,Unchecked,Unchecked,Unchecked,Unchecked,Unchecked,Unchecked,Unchecked,Unchecked,Unchecked,Unchecked,Unchecked,Unchecked,Unchecked,Unchecked,Unchecked,Unchecked,Unchecked,Unchecked,Unchecked,Unchecked,Unchecked,"Koplik spot",No,,,"Referred for comprehensive evaluation or medical treatment (systemic condition)",Nil,Complete,Complete
101,,,,,,,,,,,,,,,,,,,,,,,,,,Incomplete,,,,,,,,,,,,,,,,,,,,,,,,,,,,,,,,,,,,,,,,,,,,,,,,,,,,,,,,,,,,,,,,,,,,,,,,,,,,,,,,,,,,,,,,,,,,,,,,,,,,,,,,,,,,,,,,,,,,,,,,,,,,,,,,,,,,,,,,,,,,,,,,,,,,,,,,,,,,,,,,,,,,,,,,,,,,,,,,,,,,,,,,,,,,,,,,,,,,,,,,,,,,,,,,,,,,,,,,,,,,,,,,,,,,,,,,,,,,,,,,,,,,,,,,,,,,,,,,,,,,,,,,,,,,,,,,,,,,,,,,,,,,,,,,,,,,,,,,,,,,,,,,,,,,,,,,,,,,,,,,,,,,,,,,,,,,,,,,
101,Participant,1,,,,,,,,,,,,,,,,,,,,,,,,,21,38,35-44,Male,,Middle,"Merchants And Shopkeepers, Wholesale And Retail Trade",English,,Yes,"2026-09-07 16:06:45","Bhupender garg",,,,,Signature,1788777442873.png,,,,,,,,,,,1788777453392.png,No,Unchecked,Unchecked,Unchecked,No,Toothbrush,Unchecked,Checked,Unchecked,Unchecked,Unchecked,,Non-fluoridated,Twice,"Thrice or more",No,No,Unchecked,Unchecked,Unchecked,Unchecked,Unchecked,Unchecked,Unchecked,Unchecked,Unchecked,Unchecked,Unchecked,,,,,Unchecked,Unchecked,Unchecked,Unchecked,Unchecked,Unchecked,Unchecked,Unchecked,Checked,Good,,,,,,,,,,,,,,,,,,,,,,,,,,,,,,,,,,,,,,,,,,,,,,,,,"Coronal caries","No bleeding","No pocket",Sound,"No bleeding","No pocket",Sound,Bleeding,"No pocket",Sound,"No bleeding","No pocket",Sound,"No bleeding","No pocket",Normal,Sound,"No bleeding","No pocket",Normal,"Coronal caries","No bleeding","No pocket",Normal,Sound,"No bleeding","No pocket",Normal,Sound,"No bleeding","No pocket",Normal,Sound,"No bleeding","No pocket",Normal,Sound,"No bleeding","No pocket",Normal,Sound,"No bleeding","No pocket",Normal,Sound,"No bleeding","No pocket",Sound,,"No pocket",Sound,"No bleeding","No pocket",Unerupted,"Not recorded","Not recorded",Unerupted,"Not recorded","Not recorded",Sound,"No bleeding","No pocket",Sound,"No bleeding","No pocket",Normal,Sound,"No bleeding","No pocket",Sound,"No bleeding","No pocket",Sound,"No bleeding","No pocket",Sound,"No bleeding","No pocket",Sound,"No bleeding","No pocket",Sound,"No bleeding","No pocket",Sound,"No bleeding","No pocket",Sound,"No bleeding","No pocket",Sound,"No bleeding","No pocket",Sound,"No bleeding","No pocket",Sound,"No bleeding","No pocket",Normal,Sound,"No bleeding","No pocket",Sound,"Not recorded","Not recorded","0-3 mm","0-3 mm","0-3 mm","0-3 mm","0-3 mm","0-3 mm",Normal,"No sign",,Absent,,Present,4,"No sign",,No,No,No,No,0,0,"Crowding present in Upper and Lower arches","No spacing",0,1,1,3,0,Normal,0,No,Unchecked,Unchecked,Unchecked,Unchecked,Unchecked,Unchecked,Unchecked,Unchecked,Unchecked,Unchecked,Unchecked,Unchecked,Unchecked,Unchecked,Unchecked,Unchecked,Unchecked,Unchecked,Unchecked,Unchecked,Unchecked,Unchecked,Unchecked,Unchecked,Unchecked,Unchecked,Unchecked,Unchecked,Unchecked,Unchecked,Unchecked,Unchecked,Unchecked,Unchecked,Unchecked,Unchecked,Unchecked,Unchecked,Unchecked,Unchecked,Unchecked,Unchecked,Unchecked,Unchecked,Unchecked,Unchecked,Unchecked,Unchecked,Unchecked,Unchecked,Unchecked,Unchecked,Unchecked,Unchecked,Unchecked,Unchecked,Unchecked,Unchecked,Unchecked,Unchecked,Unchecked,Unchecked,Unchecked,Unchecked,Unchecked,Unchecked,Unchecked,Unchecked,Unchecked,Unchecked,Unchecked,Unchecked,,No,,,"Prompt treatment (including scaling) needed",,Complete,Complete
101,Participant,2,,,,,,,,,,,,,,,,,,,,,,,,,03,38,35-44,Male,,Middle,"Merchants And Shopkeepers, Wholesale And Retail Trade","हिन्दी (Hindi)",,Yes,"2026-09-07 16:15:53","Bhupender garg",,,,,Signature,1788777980519.png,,,,,,,,,,,1788778358959.png,No,Unchecked,Unchecked,Unchecked,No,Toothbrush,Unchecked,Checked,Unchecked,Unchecked,Unchecked,,Non-fluoridated,Twice,"Thrice or more",No,No,Unchecked,Unchecked,Unchecked,Unchecked,Unchecked,Unchecked,Unchecked,Unchecked,Unchecked,Unchecked,Unchecked,,,,,Unchecked,Unchecked,Unchecked,Unchecked,Unchecked,Unchecked,Unchecked,Unchecked,Checked,Good,,,,,,,,,,,,,,,,,,,,,,,,,,,,,,,,,,,,,,,,,,,,,,,,,"Coronal caries","No bleeding","No pocket",Sound,"No bleeding","No pocket",Sound,"No bleeding","No pocket",Sound,"No bleeding","No pocket",Sound,"No bleeding","No pocket",Normal,Sound,"No bleeding","No pocket",Normal,Sound,"No bleeding","No pocket",Normal,Sound,"No bleeding","No pocket",Normal,Sound,"No bleeding","No pocket",Normal,Sound,"No bleeding","No pocket",Normal,Sound,"No bleeding","No pocket",Normal,Sound,"No bleeding","No pocket",Normal,Sound,"No bleeding","No pocket",Sound,"No bleeding","No pocket",Sound,"No bleeding","No pocket",Unerupted,"Not recorded","Not recorded",Unerupted,"Not recorded","Not recorded",Sound,"No bleeding","No pocket",Sound,"No bleeding","No pocket",Normal,Sound,"No bleeding","No pocket",Sound,"No bleeding","No pocket",Sound,"No bleeding","No pocket",Sound,"No bleeding","No pocket",Sound,Bleeding,"No pocket",Sound,Bleeding,"No pocket",Sound,"No bleeding","No pocket",Sound,"No bleeding","No pocket",Sound,"No bleeding","No pocket",Sound,"No bleeding","No pocket",Sound,"No bleeding","No pocket",Normal,Sound,"No bleeding","No pocket",Sound,"Not recorded","Not recorded","0-3 mm","0-3 mm","0-3 mm","0-3 mm","0-3 mm","0-3 mm",Normal,"No sign",,Present,1,Present,5,"No sign",,No,No,No,No,0,0,"Crowding present in Upper and Lower arches","No spacing",0,1,1,4,0,"Half cusp",0,No,Unchecked,Unchecked,Unchecked,Unchecked,Unchecked,Unchecked,Unchecked,Unchecked,Unchecked,Unchecked,Unchecked,Unchecked,Unchecked,Unchecked,Unchecked,Unchecked,Unchecked,Unchecked,Unchecked,Unchecked,Unchecked,Unchecked,Unchecked,Unchecked,Unchecked,Unchecked,Unchecked,Unchecked,Unchecked,Unchecked,Unchecked,Unchecked,Unchecked,Unchecked,Unchecked,Unchecked,Unchecked,Unchecked,Unchecked,Unchecked,Unchecked,Unchecked,Unchecked,Unchecked,Unchecked,Unchecked,Unchecked,Unchecked,Unchecked,Unchecked,Unchecked,Unchecked,Unchecked,Unchecked,Unchecked,Unchecked,Unchecked,Unchecked,Unchecked,Unchecked,Unchecked,Unchecked,Unchecked,Unchecked,Unchecked,Unchecked,Unchecked,Unchecked,Unchecked,Unchecked,Unchecked,Unchecked,,No,,,"Prompt treatment (including scaling) needed",Nil,Complete,Complete
102,,,,,,,,,,,,,,,,,,,,,,,,,,Incomplete,,,,,,,,,,,,,,,,,,,,,,,,,,,,,,,,,,,,,,,,,,,,,,,,,,,,,,,,,,,,,,,,,,,,,,,,,,,,,,,,,,,,,,,,,,,,,,,,,,,,,,,,,,,,,,,,,,,,,,,,,,,,,,,,,,,,,,,,,,,,,,,,,,,,,,,,,,,,,,,,,,,,,,,,,,,,,,,,,,,,,,,,,,,,,,,,,,,,,,,,,,,,,,,,,,,,,,,,,,,,,,,,,,,,,,,,,,,,,,,,,,,,,,,,,,,,,,,,,,,,,,,,,,,,,,,,,,,,,,,,,,,,,,,,,,,,,,,,,,,,,,,,,,,,,,,,,,,,,,,,,,,,,,,,,,,,,,,,
102,Participant,1,,,,,,,,,,,,,,,,,,,,,,,,,12,12,12-15,Male,,,,"हिन्दी (Hindi)",Yes,Yes,"2026-09-07 16:28:01",Daksh,,Pinki,Mother,,Signature,1788778732070.png,1788778751803.png,,,,,,,,,"https://www.google.com/maps?q=,",1788778767635.png,No,Unchecked,Unchecked,Unchecked,,Toothbrush,Unchecked,Checked,Unchecked,Unchecked,Unchecked,,Non-fluoridated,Once,Twice,No,No,Unchecked,Unchecked,Unchecked,Unchecked,Unchecked,Unchecked,Unchecked,Unchecked,Unchecked,Unchecked,Unchecked,,,,,Unchecked,Unchecked,Unchecked,Unchecked,Unchecked,Unchecked,Unchecked,Checked,Unchecked,Good,,"Mixed dentition",,Sound,"No bleeding",Sound,"No bleeding",Sound,"No bleeding",,,,,,,,,Sound,"No bleeding",Sound,"No bleeding",Sound,"No bleeding",Sound,"No bleeding",Sound,"No bleeding",Sound,"No bleeding",,,,,,,,,Sound,"No bleeding",Sound,"No bleeding",Sound,"No bleeding",,,,,,,,,Unerupted,"Not recorded",,Sound,"No bleeding",,Unerupted,"Not recorded",,Unerupted,"Not recorded",,"not recorded",Unerupted,"Not recorded",,"not recorded",Unerupted,"Not recorded",,"not recorded",Sound,"No bleeding",,Normal,Sound,"No bleeding",,Normal,Unerupted,"Not recorded",,"not recorded",Unerupted,"Not recorded",,"not recorded",Unerupted,"Not recorded",,"not recorded",Unerupted,"Not recorded",,Sound,"No bleeding",,Unerupted,"Not recorded",,,,,,,,Unerupted,"Not recorded",,Sound,"No bleeding",,Normal,Unerupted,"Not recorded",,Unerupted,"Not recorded",,Unerupted,"Not recorded",,Sound,"No bleeding",,Sound,Bleeding,,Sound,Bleeding,,Sound,"No bleeding",,Unerupted,"Not recorded",,Unerupted,"Not recorded",,Unerupted,"Not recorded",,Sound,"No bleeding",,Normal,Unerupted,"Not recorded",,,,,,,,,,,Normal,"No sign",,,,,,"No sign",,,,,,0,0,"Crowding present in Upper and Lower arches","No spacing",0,1,2,4,0,Normal,0,No,Unchecked,Unchecked,Unchecked,Unchecked,Unchecked,Unchecked,Unchecked,Unchecked,Unchecked,Unchecked,Unchecked,Unchecked,Unchecked,Unchecked,Unchecked,Unchecked,Unchecked,Unchecked,Unchecked,Unchecked,Unchecked,Unchecked,Unchecked,Unchecked,Unchecked,Unchecked,Unchecked,Unchecked,Unchecked,Unchecked,Unchecked,Unchecked,Unchecked,Unchecked,Unchecked,Unchecked,Unchecked,Unchecked,Unchecked,Unchecked,Unchecked,Unchecked,Unchecked,Unchecked,Unchecked,Unchecked,Unchecked,Unchecked,Unchecked,Unchecked,Unchecked,Unchecked,Unchecked,Unchecked,Unchecked,Unchecked,Unchecked,Unchecked,Unchecked,Unchecked,Unchecked,Unchecked,Unchecked,Unchecked,Unchecked,Unchecked,Unchecked,Unchecked,Unchecked,Unchecked,Unchecked,Unchecked,,,,,"Preventive or routine treatment needed",,Complete,Complete
102,Participant,2,,,,,,,,,,,,,,,,,,,,,,,,,6,12,12-15,Male,,,,"हिन्दी (Hindi)",Yes,Yes,"2026-09-07 16:40:19",Daksh,,Pinkey,Mother,,Signature,1788779475656.png,,,Pinkey,1788779495851.png,,,,,,"https://www.google.com/maps?q=,",1788779503365.png,No,Unchecked,Unchecked,Unchecked,,Toothbrush,Unchecked,Checked,Unchecked,Unchecked,Unchecked,,Non-fluoridated,Once,"Thrice or more",No,No,Unchecked,Unchecked,Unchecked,Unchecked,Unchecked,Unchecked,Unchecked,Unchecked,Unchecked,Unchecked,Unchecked,,,,,Unchecked,Unchecked,Unchecked,Unchecked,Unchecked,Unchecked,Unchecked,Unchecked,Checked,Good,,"Mixed dentition",,Sound,"No bleeding",Sound,"No bleeding",Sound,"No bleeding",,,,,,,,,Sound,"No bleeding",Sound,"No bleeding",Sound,"No bleeding",Sound,"No bleeding",Sound,"No bleeding",Sound,"No bleeding",,,,,,,,,Sound,"No bleeding",Sound,"No bleeding",Sound,"No bleeding",,,,,,,,,Unerupted,"Not recorded",,Sound,"No bleeding",,Unerupted,"Not recorded",,Unerupted,"Not recorded",,"not recorded",Unerupted,"Not recorded",,"not recorded",Sound,"No bleeding",,Normal,Sound,"No bleeding",,Normal,Sound,"No bleeding",,Normal,Unerupted,"Not recorded",,"not recorded",Unerupted,"Not recorded",,"not recorded",Unerupted,"Not recorded",,"not recorded",Unerupted,"Not recorded",,Sound,"No bleeding",,Unerupted,"Not recorded",,,,,,,,Unerupted,"Not recorded",,Sound,"No bleeding",,Normal,Unerupted,"Not recorded",,Unerupted,"Not recorded",,Unerupted,"Not recorded",,Sound,"No bleeding",,Sound,"No bleeding",,Sound,"No bleeding",,Sound,"No bleeding",,Unerupted,"Not recorded",,Unerupted,"Not recorded",,Unerupted,"Not recorded",,Sound,"No bleeding",,Normal,Unerupted,"Not recorded",,,,,,,,,,,Normal,"No sign",,,,,,"No sign",,,,,,0,0,"Crowding present in Upper and Lower arches","No spacing",0,2,2,4,0,"Half cusp",0,No,Unchecked,Unchecked,Unchecked,Unchecked,Unchecked,Unchecked,Unchecked,Unchecked,Unchecked,Unchecked,Unchecked,Unchecked,Unchecked,Unchecked,Unchecked,Unchecked,Unchecked,Unchecked,Unchecked,Unchecked,Unchecked,Unchecked,Unchecked,Unchecked,Unchecked,Unchecked,Unchecked,Unchecked,Unchecked,Unchecked,Unchecked,Unchecked,Unchecked,Unchecked,Unchecked,Unchecked,Unchecked,Unchecked,Unchecked,Unchecked,Unchecked,Unchecked,Unchecked,Unchecked,Unchecked,Unchecked,Unchecked,Unchecked,Unchecked,Unchecked,Unchecked,Unchecked,Unchecked,Unchecked,Unchecked,Unchecked,Unchecked,Unchecked,Unchecked,Unchecked,Unchecked,Unchecked,Unchecked,Unchecked,Unchecked,Unchecked,Unchecked,Unchecked,Unchecked,Unchecked,Unchecked,Unchecked,,,,,"Preventive or routine treatment needed",,Complete,Complete
103,,,,,,,,,,,,,,,,,,,,,,,,,,Incomplete,,,,,,,,,,,,,,,,,,,,,,,,,,,,,,,,,,,,,,,,,,,,,,,,,,,,,,,,,,,,,,,,,,,,,,,,,,,,,,,,,,,,,,,,,,,,,,,,,,,,,,,,,,,,,,,,,,,,,,,,,,,,,,,,,,,,,,,,,,,,,,,,,,,,,,,,,,,,,,,,,,,,,,,,,,,,,,,,,,,,,,,,,,,,,,,,,,,,,,,,,,,,,,,,,,,,,,,,,,,,,,,,,,,,,,,,,,,,,,,,,,,,,,,,,,,,,,,,,,,,,,,,,,,,,,,,,,,,,,,,,,,,,,,,,,,,,,,,,,,,,,,,,,,,,,,,,,,,,,,,,,,,,,,,,,,,,,,,
103,Participant,1,,,,,,,,,,,,,,,,,,,,,,,,,15,36,35-44,Male,,Primary,"House Keepers, Matron And Stewards (Domestic & Institutional)","हिन्दी (Hindi)",,Yes,"2026-09-08 09:38:23",Rajesh,,,,,Signature,,,,Anoop,,,1788840520604.png,,,,"https://www.google.com/maps?q=,",1788840530857.png,Yes,Unchecked,Unchecked,Checked,Yes,Toothbrush,Unchecked,Checked,Unchecked,Unchecked,Unchecked,,Fluoridated,Once,Once,Yes,Yes,Unchecked,Unchecked,Checked,Unchecked,Unchecked,Unchecked,Unchecked,Unchecked,Unchecked,Unchecked,Unchecked,,"public facility",,,Unchecked,Unchecked,Unchecked,Unchecked,Unchecked,Unchecked,Unchecked,Unchecked,Unchecked,Poor,,,,,,,,,,,,,,,,,,,,,,,,,,,,,,,,,,,,,,,,,,,,,,,,,"Coronal caries","No bleeding","No pocket",Sound,"No bleeding","No pocket",Sound,"No bleeding","No pocket",Sound,"No bleeding","No pocket",Sound,"No bleeding","No pocket","other defects",Sound,"No bleeding","No pocket","other defects",Sound,"No bleeding","No pocket","other defects",Sound,"No bleeding","No pocket","other defects",Sound,"No bleeding","No pocket","other defects","Missing other","Not recorded","Not recorded","not recorded",Sound,"No bleeding","No pocket","other defects",Sound,"No bleeding","No pocket","other defects",Sound,"No bleeding","No pocket",Sound,"No bleeding","No pocket",Sound,"No bleeding","No pocket",Sound,"No bleeding","No pocket",Sound,"No bleeding","No pocket",Sound,"No bleeding","No pocket",Sound,"No bleeding","No pocket","other defects",Sound,"No bleeding","No pocket",Sound,"No bleeding","No pocket",Sound,"No bleeding","No pocket",Sound,"No bleeding","No pocket",Sound,"No bleeding","No pocket",Sound,"No bleeding","No pocket",Sound,"No bleeding","No pocket",Sound,"No bleeding","No pocket",Sound,"No bleeding","No pocket",Sound,"No bleeding","No pocket",Sound,"No bleeding","No pocket","other defects",Sound,"No bleeding","No pocket",Sound,"No bleeding","No pocket","0-3 mm","0-3 mm","0-3 mm","0-3 mm","0-3 mm","0-3 mm",Normal,"No sign",,Absent,,Present,5,"No sign",,No,No,No,No,1,0,"No crowding","Spacing present- Upper",0,0,0,1,0,"Half cusp",0,No,Unchecked,Unchecked,Unchecked,Unchecked,Unchecked,Unchecked,Unchecked,Unchecked,Unchecked,Unchecked,Unchecked,Unchecked,Unchecked,Unchecked,Unchecked,Unchecked,Unchecked,Unchecked,Unchecked,Unchecked,Unchecked,Unchecked,Unchecked,Unchecked,Unchecked,Unchecked,Unchecked,Unchecked,Unchecked,Unchecked,Unchecked,Unchecked,Unchecked,Unchecked,Unchecked,Unchecked,Unchecked,Unchecked,Unchecked,Unchecked,Unchecked,Unchecked,Unchecked,Unchecked,Unchecked,Unchecked,Unchecked,Unchecked,Unchecked,Unchecked,Unchecked,Unchecked,Unchecked,Unchecked,Unchecked,Unchecked,Unchecked,Unchecked,Unchecked,Unchecked,Unchecked,Unchecked,Unchecked,Unchecked,Unchecked,Unchecked,Unchecked,Unchecked,Unchecked,Unchecked,Unchecked,Unchecked,,No,,,"Prompt treatment (including scaling) needed",,Complete,Complete
103,Participant,2,,,,,,,,,,,,,,,,,,,,,,,,,,36,35-44,Male,,Primary,"House Keepers, Matron And Stewards (Domestic & Institutional)","हिन्दी (Hindi)",,Yes,"2026-09-08 09:51:44",Rajesh,,,,,Signature,1788841897097.png,,,Anup,1788841912384.png,,,,,,"https://www.google.com/maps?q=,",1788841921286.png,Yes,Checked,Checked,Checked,Yes,Toothbrush,Unchecked,Checked,Unchecked,Unchecked,Unchecked,,Fluoridated,Once,Once,Yes,Yes,Unchecked,Unchecked,Checked,Unchecked,Unchecked,Unchecked,Unchecked,Unchecked,Unchecked,Unchecked,Unchecked,,"public facility",,,Unchecked,Unchecked,Unchecked,Unchecked,Unchecked,Unchecked,Unchecked,Unchecked,Unchecked,Poor,,,,,,,,,,,,,,,,,,,,,,,,,,,,,,,,,,,,,,,,,,,,,,,,,Sound,"No bleeding","No pocket",Sound,"No bleeding","No pocket",Sound,"No bleeding","No pocket",Sound,"No bleeding","No pocket",Sound,"No bleeding","No pocket",Normal,Sound,"No bleeding","No pocket",Normal,Sound,"No bleeding","No pocket",Normal,Sound,"No bleeding","No pocket",Normal,Sound,"No bleeding","No pocket",Normal,"Missing other","Not recorded","Not recorded","not recorded",Sound,"No bleeding","No pocket",Normal,Sound,"No bleeding","No pocket",Normal,Sound,"No bleeding","No pocket",Sound,"No bleeding","No pocket",Sound,"No bleeding","No pocket",Sound,"No bleeding","No pocket",Sound,"No bleeding","No pocket",Sound,"No bleeding","No pocket",Sound,"No bleeding","No pocket",Normal,Sound,"No bleeding","No pocket",Sound,"No bleeding","No pocket",Sound,"No bleeding","No pocket",Sound,"No bleeding","No pocket",Sound,"No bleeding","No pocket",Sound,"No bleeding","No pocket",Sound,"No bleeding","No pocket",Sound,"No bleeding","No pocket",Sound,"No bleeding","No pocket",Sound,"No bleeding","No pocket",Sound,"No bleeding","No pocket",Normal,Sound,"No bleeding","No pocket",Sound,"No bleeding","No pocket","0-3 mm","0-3 mm","0-3 mm","0-3 mm","4-5 mm Cemento-enamel Junction (CEJ) within black band","0-3 mm",Normal,"No sign",,Present,2,Present,4,"No sign",,No,No,No,No,0,0,"Crowding present- Lower","No spacing",0,0,2,2,0,"Half cusp",0,No,Unchecked,Unchecked,Unchecked,Unchecked,Unchecked,Unchecked,Unchecked,Unchecked,Unchecked,Unchecked,Unchecked,Unchecked,Unchecked,Unchecked,Unchecked,Unchecked,Unchecked,Unchecked,Unchecked,Unchecked,Unchecked,Unchecked,Unchecked,Unchecked,Unchecked,Unchecked,Unchecked,Unchecked,Unchecked,Unchecked,Unchecked,Unchecked,Unchecked,Unchecked,Unchecked,Unchecked,Unchecked,Unchecked,Unchecked,Unchecked,Unchecked,Unchecked,Unchecked,Unchecked,Unchecked,Unchecked,Unchecked,Unchecked,Unchecked,Unchecked,Unchecked,Unchecked,Unchecked,Unchecked,Unchecked,Unchecked,Unchecked,Unchecked,Unchecked,Unchecked,Unchecked,Unchecked,Unchecked,Unchecked,Unchecked,Unchecked,Unchecked,Unchecked,Unchecked,Unchecked,Unchecked,Unchecked,,No,,,"Prompt treatment (including scaling) needed",,Complete,Complete
104,,,,,,,,,,,,,,,,,,,,,,,,,,Incomplete,,,,,,,,,,,,,,,,,,,,,,,,,,,,,,,,,,,,,,,,,,,,,,,,,,,,,,,,,,,,,,,,,,,,,,,,,,,,,,,,,,,,,,,,,,,,,,,,,,,,,,,,,,,,,,,,,,,,,,,,,,,,,,,,,,,,,,,,,,,,,,,,,,,,,,,,,,,,,,,,,,,,,,,,,,,,,,,,,,,,,,,,,,,,,,,,,,,,,,,,,,,,,,,,,,,,,,,,,,,,,,,,,,,,,,,,,,,,,,,,,,,,,,,,,,,,,,,,,,,,,,,,,,,,,,,,,,,,,,,,,,,,,,,,,,,,,,,,,,,,,,,,,,,,,,,,,,,,,,,,,,,,,,,,,,,,,,,,
104,Participant,1,,,,,,,,,,,,,,,,,,,,,,,,,16,6,4-6,Male,,,,"हिन्दी (Hindi)",,Yes,"2026-09-08 09:27:30",,Mayank,Rajesh,Father,,Signature,,1788840404547.png,,,,,,,,,"https://www.google.com/maps?q=,",1788839869253.png,,Unchecked,Unchecked,Unchecked,,Toothbrush,Unchecked,Checked,Unchecked,Unchecked,Unchecked,,Fluoridated,Once,"Thrice or more",Yes,Yes,Checked,Unchecked,Unchecked,Unchecked,Unchecked,Unchecked,Unchecked,Unchecked,Unchecked,Unchecked,Unchecked,,"public facility",,,Unchecked,Unchecked,Unchecked,Unchecked,Unchecked,Unchecked,Unchecked,Unchecked,Unchecked,Average,"Deciduous teeth only",,,Caries,Bleeding,Sound,Bleeding,Sound,Bleeding,Sound,Bleeding,Caries,"No bleeding",Caries,"No bleeding",Caries,"No bleeding",Caries,"No bleeding",Caries,"No bleeding",Caries,"No bleeding","Filled with caries","No bleeding",Caries,"No bleeding",Caries,"No bleeding",Sound,"No bleeding",Sound,"No bleeding",Sound,"No bleeding",Sound,Bleeding,Caries,"No bleeding",Caries,"No bleeding",Caries,Bleeding,Normal,Normal,Normal,Normal,"DMH present",,,,,,,,,,,,,,,,,,,,,,,,,,,,,,,,,,,,,,,,,,,,,,,,,,,,,,,,,,,,,,,,,,,,,,,,,,,,,,,,,,,,,,,,,,,,,,,,,,,,,,,,,,,,,,,,,,"No sign",,,,,,"No sign",,,,,,,,,,,,,,,,,No,Unchecked,Unchecked,Unchecked,Unchecked,Unchecked,Unchecked,Unchecked,Unchecked,Unchecked,Unchecked,Unchecked,Unchecked,Unchecked,Unchecked,Unchecked,Unchecked,Unchecked,Unchecked,Unchecked,Unchecked,Unchecked,Unchecked,Unchecked,Unchecked,Unchecked,Unchecked,Unchecked,Unchecked,Unchecked,Unchecked,Unchecked,Unchecked,Unchecked,Unchecked,Unchecked,Unchecked,Unchecked,Unchecked,Unchecked,Unchecked,Unchecked,Unchecked,Unchecked,Unchecked,Unchecked,Unchecked,Unchecked,Unchecked,Unchecked,Unchecked,Unchecked,Unchecked,Unchecked,Unchecked,Unchecked,Unchecked,Unchecked,Unchecked,Unchecked,Unchecked,Unchecked,Unchecked,Unchecked,Unchecked,Unchecked,Unchecked,Unchecked,Unchecked,Unchecked,Unchecked,Unchecked,Unchecked,,,,,"Prompt treatment (including scaling) needed",,Complete,Complete
104,Participant,2,,,,,,,,,,,,,,,,,,,,,,,,,,6,4-6,Male,,,,"हिन्दी (Hindi)",,Yes,"2026-09-08 10:03:24",,Myank,Rajesh,Father,,Signature,,1788842370574.png,,Anup,1788842382457.png,,,,,,"https://www.google.com/maps?q=,",1788842331370.png,,Unchecked,Unchecked,Unchecked,,Toothbrush,Unchecked,Checked,Unchecked,Unchecked,Unchecked,,Fluoridated,Once,"Thrice or more",Yes,Yes,Checked,Unchecked,Unchecked,Unchecked,Unchecked,Unchecked,Unchecked,Unchecked,Unchecked,Unchecked,Unchecked,,"public facility",,,Unchecked,Unchecked,Unchecked,Unchecked,Unchecked,Unchecked,Unchecked,Unchecked,Unchecked,Average,"Deciduous teeth only",,,Sound,Bleeding,Sound,Bleeding,Sound,"No bleeding",Sound,"No bleeding",Caries,"No bleeding",Caries,"No bleeding",Caries,"No bleeding",Caries,"No bleeding",Caries,"No bleeding","Filled no caries","No bleeding",Sound,"No bleeding",Sound,"No bleeding",Sound,"No bleeding",Sound,"No bleeding",Sound,"No bleeding",Sound,"No bleeding",Sound,"No bleeding",Caries,"No bleeding",Sound,"No bleeding",Caries,"No bleeding",Normal,Normal,Normal,Normal,"DMH absent",,,,,,,,,,,,,,,,,,,,,,,,,,,,,,,,,,,,,,,,,,,,,,,,,,,,,,,,,,,,,,,,,,,,,,,,,,,,,,,,,,,,,,,,,,,,,,,,,,,,,,,,,,,,,,,,,,"No sign",,,,,,"No sign",,,,,,,,,,,,,,,,,No,Unchecked,Unchecked,Unchecked,Unchecked,Unchecked,Unchecked,Unchecked,Unchecked,Unchecked,Unchecked,Unchecked,Unchecked,Unchecked,Unchecked,Unchecked,Unchecked,Unchecked,Unchecked,Unchecked,Unchecked,Unchecked,Unchecked,Unchecked,Unchecked,Unchecked,Unchecked,Unchecked,Unchecked,Unchecked,Unchecked,Unchecked,Unchecked,Unchecked,Unchecked,Unchecked,Unchecked,Unchecked,Unchecked,Unchecked,Unchecked,Unchecked,Unchecked,Unchecked,Unchecked,Unchecked,Unchecked,Unchecked,Unchecked,Unchecked,Unchecked,Unchecked,Unchecked,Unchecked,Unchecked,Unchecked,Unchecked,Unchecked,Unchecked,Unchecked,Unchecked,Unchecked,Unchecked,Unchecked,Unchecked,Unchecked,Unchecked,Unchecked,Unchecked,Unchecked,Unchecked,Unchecked,Unchecked,,,,,"Prompt treatment (including scaling) needed",,Complete,Complete
105,,,,,,,,,,,,,,,,,,,,,,,,,,Incomplete,,,,,,,,,,,,,,,,,,,,,,,,,,,,,,,,,,,,,,,,,,,,,,,,,,,,,,,,,,,,,,,,,,,,,,,,,,,,,,,,,,,,,,,,,,,,,,,,,,,,,,,,,,,,,,,,,,,,,,,,,,,,,,,,,,,,,,,,,,,,,,,,,,,,,,,,,,,,,,,,,,,,,,,,,,,,,,,,,,,,,,,,,,,,,,,,,,,,,,,,,,,,,,,,,,,,,,,,,,,,,,,,,,,,,,,,,,,,,,,,,,,,,,,,,,,,,,,,,,,,,,,,,,,,,,,,,,,,,,,,,,,,,,,,,,,,,,,,,,,,,,,,,,,,,,,,,,,,,,,,,,,,,,,,,,,,,,,,
105,Participant,1,,,,,,,,,,,,,,,,,,,,,,,,,23,37,35-44,Female,,"Graduate or higher","Housewife or homemaker",English,,Yes,"2026-09-07 15:34:27","Ruchi jain",,,,,Signature,1788775495986.png,,,Akhilesh,1788776756556.png,,,,,,"https://www.google.com/maps?q=,",1788776740545.png,No,Unchecked,Unchecked,Unchecked,No,Toothbrush,Unchecked,Checked,Unchecked,Unchecked,Unchecked,,Fluoridated,Twice,"Thrice or more",Yes,Yes,Unchecked,Unchecked,Unchecked,Checked,Unchecked,Unchecked,Unchecked,Unchecked,Unchecked,Unchecked,Unchecked,Rct,"public facility",,1000,Unchecked,Unchecked,Unchecked,Unchecked,Unchecked,Unchecked,Unchecked,Unchecked,Unchecked,Good,,,,,,,,,,,,,,,,,,,,,,,,,,,,,,,,,,,,,,,,,,,,,,,,,"Missing due to caries","Not recorded","Not recorded","Coronal caries","No bleeding","No pocket","Coronal caries","No bleeding","No pocket",Sound,"No bleeding","No pocket","Filled with caries","No bleeding","No pocket",Normal,Sound,"No bleeding","No pocket",Normal,Sound,"No bleeding","No pocket",Normal,Sound,"No bleeding","No pocket",Normal,Sound,"No bleeding","No pocket",Normal,Sound,"No bleeding","No pocket",Normal,"Coronal caries","No bleeding","No pocket",Normal,"Missing due to caries","Not recorded","Not recorded","not recorded","Coronal caries","No bleeding","No pocket","Coronal caries","No bleeding","No pocket","Coronal caries","No bleeding","No pocket","Missing due to caries","Not recorded","Not recorded","Coronal caries",Bleeding,"No pocket","Missing due to caries","Not recorded","Not recorded","Coronal caries","No bleeding","No pocket",Normal,Sound,"No bleeding","No pocket",Sound,"No bleeding","No pocket",Sound,"No bleeding","No pocket",Sound,"No bleeding","No pocket",Sound,"No bleeding","No pocket",Sound,"No bleeding","No pocket",Sound,"No bleeding","No pocket",Sound,Bleeding,"No pocket",Sound,Bleeding,"No pocket",Sound,Bleeding,"No pocket","Coronal caries","No bleeding","No pocket",Normal,"Filled with caries","No bleeding","No pocket","Missing due to caries","Not recorded","Not recorded","0-3 mm","0-3 mm","0-3 mm","0-3 mm","0-3 mm","0-3 mm",Normal,"No sign",,Present,11,Absent,,"No sign",,No,No,No,Yes,0,0,"Crowding present- Lower","Spacing present- Upper",0,0,1,2,0,Normal,0,No,Unchecked,Unchecked,Unchecked,Unchecked,Unchecked,Unchecked,Unchecked,Unchecked,Unchecked,Unchecked,Unchecked,Unchecked,Unchecked,Unchecked,Unchecked,Unchecked,Unchecked,Unchecked,Unchecked,Unchecked,Unchecked,Unchecked,Unchecked,Unchecked,Unchecked,Unchecked,Unchecked,Unchecked,Unchecked,Unchecked,Unchecked,Unchecked,Unchecked,Unchecked,Unchecked,Unchecked,Unchecked,Unchecked,Unchecked,Unchecked,Unchecked,Unchecked,Unchecked,Unchecked,Unchecked,Unchecked,Unchecked,Unchecked,Unchecked,Unchecked,Unchecked,Unchecked,Unchecked,Unchecked,Unchecked,Unchecked,Unchecked,Unchecked,Unchecked,Unchecked,Unchecked,Unchecked,Unchecked,Unchecked,Unchecked,Unchecked,Unchecked,Unchecked,Unchecked,Unchecked,Unchecked,Unchecked,,No,,,"Prompt treatment (including scaling) needed",,Complete,Complete
105,Participant,2,,,,,,,,,,,,,,,,,,,,,,,,,,37,35-44,Female,,"Graduate or higher","Housewife or homemaker",English,,Yes,"2026-09-07 15:56:48","Ruchi Jain",,,,,Signature,1788776839920.png,,,Akhilesh,1788776850008.png,,,,,,"https://www.google.com/maps?q=,",1788776987031.png,No,Unchecked,Unchecked,Unchecked,No,Toothbrush,Unchecked,Unchecked,Checked,Unchecked,Unchecked,,,Twice,"Thrice or more",Yes,Yes,Unchecked,Unchecked,Unchecked,Checked,Unchecked,Unchecked,Unchecked,Unchecked,Unchecked,Unchecked,Unchecked,Rct,"public facility",,1000,Unchecked,Unchecked,Unchecked,Unchecked,Unchecked,Unchecked,Unchecked,Unchecked,Unchecked,Good,,,,,,,,,,,,,,,,,,,,,,,,,,,,,,,,,,,,,,,,,,,,,,,,,"Missing due to caries","Not recorded","Not recorded",Sound,"No bleeding","No pocket",Sound,"No bleeding","No pocket",Sound,"No bleeding","No pocket","Filled with caries","No bleeding","No pocket",Normal,Sound,"No bleeding","No pocket",Normal,Sound,"No bleeding","No pocket",Normal,Sound,"No bleeding","No pocket",Normal,Sound,"No bleeding","No pocket",Normal,Sound,"No bleeding","No pocket",Normal,"Coronal caries","No bleeding","No pocket",Normal,"Missing due to caries","Not recorded","Not recorded",Normal,"Coronal caries","No bleeding","No pocket",Sound,"No bleeding","No pocket","Coronal caries","No bleeding","No pocket",Unerupted,"Not recorded","Not recorded","Coronal caries","No bleeding","No pocket","Missing due to caries","Not recorded","Not recorded","Coronal caries","No bleeding","No pocket",Normal,Sound,"No bleeding","No pocket",Sound,"No bleeding","No pocket",Sound,"No bleeding","No pocket",Sound,"No bleeding","No pocket",Sound,"No bleeding","No pocket",Sound,"No bleeding","No pocket",Sound,Bleeding,"No pocket",Sound,Bleeding,"No pocket",Sound,"No bleeding","No pocket",Sound,"No bleeding","No pocket","Coronal caries","No bleeding","No pocket",Normal,"Filled no caries","No bleeding","No pocket",Sound,"No bleeding","No pocket","0-3 mm","0-3 mm","0-3 mm","0-3 mm","0-3 mm","0-3 mm",Normal,"No sign",,Present,2,Present,4,"No sign",,No,No,No,No,0,0,"Crowding present- Lower","No spacing",0,0,2,1,0,Normal,2,No,Unchecked,Unchecked,Unchecked,Unchecked,Unchecked,Unchecked,Unchecked,Unchecked,Unchecked,Unchecked,Unchecked,Unchecked,Unchecked,Unchecked,Unchecked,Unchecked,Unchecked,Unchecked,Unchecked,Unchecked,Unchecked,Unchecked,Unchecked,Unchecked,Unchecked,Unchecked,Unchecked,Unchecked,Unchecked,Unchecked,Unchecked,Unchecked,Unchecked,Unchecked,Unchecked,Unchecked,Unchecked,Unchecked,Unchecked,Unchecked,Unchecked,Unchecked,Unchecked,Unchecked,Unchecked,Unchecked,Unchecked,Unchecked,Unchecked,Unchecked,Unchecked,Unchecked,Unchecked,Unchecked,Unchecked,Unchecked,Unchecked,Unchecked,Unchecked,Unchecked,Unchecked,Unchecked,Unchecked,Unchecked,Unchecked,Unchecked,Unchecked,Unchecked,Unchecked,Unchecked,Unchecked,Unchecked,,No,,,"Prompt treatment (including scaling) needed",,Complete,Complete
106,,,,,,,,,,,,,,,,,,,,,,,,,,Incomplete,,,,,,,,,,,,,,,,,,,,,,,,,,,,,,,,,,,,,,,,,,,,,,,,,,,,,,,,,,,,,,,,,,,,,,,,,,,,,,,,,,,,,,,,,,,,,,,,,,,,,,,,,,,,,,,,,,,,,,,,,,,,,,,,,,,,,,,,,,,,,,,,,,,,,,,,,,,,,,,,,,,,,,,,,,,,,,,,,,,,,,,,,,,,,,,,,,,,,,,,,,,,,,,,,,,,,,,,,,,,,,,,,,,,,,,,,,,,,,,,,,,,,,,,,,,,,,,,,,,,,,,,,,,,,,,,,,,,,,,,,,,,,,,,,,,,,,,,,,,,,,,,,,,,,,,,,,,,,,,,,,,,,,,,,,,,,,,,
106,Participant,1,,,,,,,,,,,,,,,,,,,,,,,,,11,40,35-44,Female,,Primary,"Housewife or homemaker",English,,Yes,"2026-09-08 09:40:32","Rani Devi",,,,,Signature,1788840672441.png,,,Akhilesh,1788841594936.png,,,,,,"https://www.google.com/maps?q=,",1788840684464.png,No,Unchecked,Unchecked,Unchecked,No,Toothbrush,Unchecked,Checked,Unchecked,Unchecked,Unchecked,,Fluoridated,Twice,Twice,Yes,Yes,Checked,Unchecked,Unchecked,Unchecked,Checked,Unchecked,Unchecked,Unchecked,Unchecked,Unchecked,Unchecked,,"public facility",,,Unchecked,Unchecked,Unchecked,Unchecked,Unchecked,Unchecked,Unchecked,Unchecked,Unchecked,Poor,,,,,,,,,,,,,,,,,,,,,,,,,,,,,,,,,,,,,,,,,,,,,,,,,"Coronal caries","No bleeding","No pocket","Not recorded","Not recorded","Not recorded","Not recorded","Not recorded","Not recorded",Sound,"No bleeding","No pocket",Sound,"No bleeding","No pocket",Normal,Sound,"No bleeding","No pocket",Normal,Sound,"No bleeding","No pocket",Normal,Sound,"No bleeding","No pocket",Normal,Sound,"No bleeding","No pocket",Normal,Sound,"No bleeding","No pocket",Normal,Sound,"No bleeding","No pocket",Normal,Sound,"No bleeding","No pocket",Normal,Sound,"No bleeding","No pocket","Coronal caries","No bleeding","No pocket","Coronal caries","No bleeding","No pocket","Coronal caries","No bleeding","No pocket","Missing due to caries","Not recorded","Not recorded","Missing due to caries","Not recorded","Not recorded","Coronal caries","No bleeding","No pocket",Normal,Sound,"No bleeding","No pocket",Sound,"No bleeding","No pocket",Sound,"No bleeding","No pocket",Sound,"No bleeding","No pocket",Sound,"No bleeding","No pocket",Sound,"No bleeding","No pocket",Sound,"No bleeding","No pocket",Sound,"No bleeding","No pocket",Sound,"No bleeding","No pocket",Sound,"No bleeding","No pocket",Sound,"No bleeding","No pocket",Normal,"Coronal caries","No bleeding","No pocket","Coronal caries","No bleeding","No pocket","0-3 mm","0-3 mm","0-3 mm","0-3 mm","0-3 mm","0-3 mm",Normal,"No sign",,Present,2,Present,8,"No sign",,No,No,No,No,0,0,"Crowding present- Lower","No spacing",0,1,1,2,0,"Full cusp",0,No,Unchecked,Unchecked,Unchecked,Unchecked,Unchecked,Unchecked,Unchecked,Unchecked,Unchecked,Unchecked,Unchecked,Unchecked,Unchecked,Unchecked,Unchecked,Unchecked,Unchecked,Unchecked,Unchecked,Unchecked,Unchecked,Unchecked,Unchecked,Unchecked,Unchecked,Unchecked,Unchecked,Unchecked,Unchecked,Unchecked,Unchecked,Unchecked,Unchecked,Unchecked,Unchecked,Unchecked,Unchecked,Unchecked,Unchecked,Unchecked,Unchecked,Unchecked,Unchecked,Unchecked,Unchecked,Unchecked,Unchecked,Unchecked,Unchecked,Unchecked,Unchecked,Unchecked,Unchecked,Unchecked,Unchecked,Unchecked,Unchecked,Unchecked,Unchecked,Unchecked,Unchecked,Unchecked,Unchecked,Unchecked,Unchecked,Unchecked,Unchecked,Unchecked,Unchecked,Unchecked,Unchecked,Unchecked,,No,,,"Immediate (urgent) treatment due to pain or infection of dental and / or oral origin",,Complete,Complete
106,Participant,2,,,,,,,,,,,,,,,,,,,,,,,,,,40,35-44,Female,,Primary,"Housewife or homemaker",English,,Yes,"2026-09-08 10:10:37","Rani devi",,,,,Signature,1788842461512.png,,,Akhilsh,1788842476233.png,,1788841827871.png,,,,"https://www.google.com/maps?q=,",1788842494205.png,No,Unchecked,Unchecked,Unchecked,No,Toothbrush,Unchecked,Checked,Unchecked,Unchecked,Unchecked,,Fluoridated,Twice,Twice,Yes,Yes,Checked,Unchecked,Unchecked,Unchecked,Checked,Unchecked,Unchecked,Unchecked,Unchecked,Unchecked,Unchecked,,"public facility",,,Unchecked,Unchecked,Unchecked,Unchecked,Unchecked,Unchecked,Unchecked,Unchecked,Unchecked,Poor,,,,,,,,,,,,,,,,,,,,,,,,,,,,,,,,,,,,,,,,,,,,,,,,,"Coronal caries","No bleeding","No pocket",Sound,"No bleeding","No pocket",Sound,"No bleeding","No pocket",Sound,"No bleeding","No pocket",Sound,"No bleeding","No pocket",Normal,Sound,"No bleeding","No pocket",Normal,Sound,"No bleeding","No pocket",Normal,Sound,"No bleeding","No pocket",Normal,Sound,"No bleeding","No pocket",Normal,Sound,"No bleeding","No pocket",Normal,Sound,"No bleeding","No pocket",Normal,Sound,"No bleeding","No pocket",Normal,Sound,"No bleeding","No pocket","Coronal caries","No bleeding","No pocket",Sound,"No bleeding","No pocket",Sound,"No bleeding","No pocket",Sound,"No bleeding","No pocket",Sound,"No bleeding","No pocket",Sound,Bleeding,"Pocket of 4-5 mm",Normal,Sound,"No bleeding","No pocket",Sound,"No bleeding","No pocket",Sound,"No bleeding","No pocket",Sound,"No bleeding","No pocket",Sound,"No bleeding","No pocket",Sound,"No bleeding","No pocket",Sound,"No bleeding","No pocket",Sound,"No bleeding","No pocket",Sound,"No bleeding","No pocket",Sound,"No bleeding","No pocket",Sound,"No bleeding","No pocket",Normal,Sound,"No bleeding","No pocket",Sound,"No bleeding","No pocket","0-3 mm","0-3 mm","0-3 mm","0-3 mm","0-3 mm","0-3 mm",Questionable,"No sign",,Present,3,Present,8,"Enamel fracture only",2,No,No,No,No,0,0,"Crowding present- Upper","No spacing",0,1,1,2,0,"Full cusp",0,No,Unchecked,Unchecked,Unchecked,Unchecked,Unchecked,Unchecked,Unchecked,Unchecked,Unchecked,Unchecked,Unchecked,Unchecked,Unchecked,Unchecked,Unchecked,Unchecked,Unchecked,Unchecked,Unchecked,Unchecked,Unchecked,Unchecked,Unchecked,Unchecked,Unchecked,Unchecked,Unchecked,Unchecked,Unchecked,Unchecked,Unchecked,Unchecked,Unchecked,Unchecked,Unchecked,Unchecked,Unchecked,Unchecked,Unchecked,Unchecked,Unchecked,Unchecked,Unchecked,Unchecked,Unchecked,Unchecked,Unchecked,Unchecked,Unchecked,Unchecked,Unchecked,Unchecked,Unchecked,Unchecked,Unchecked,Unchecked,Unchecked,Unchecked,Unchecked,Unchecked,Unchecked,Unchecked,Unchecked,Unchecked,Unchecked,Unchecked,Unchecked,Unchecked,Unchecked,Unchecked,Unchecked,Unchecked,,No,,,"Immediate (urgent) treatment due to pain or infection of dental and / or oral origin",,Complete,Complete
107,,,,,,,,,,,,,,,,,,,,,,,,,,Incomplete,,,,,,,,,,,,,,,,,,,,,,,,,,,,,,,,,,,,,,,,,,,,,,,,,,,,,,,,,,,,,,,,,,,,,,,,,,,,,,,,,,,,,,,,,,,,,,,,,,,,,,,,,,,,,,,,,,,,,,,,,,,,,,,,,,,,,,,,,,,,,,,,,,,,,,,,,,,,,,,,,,,,,,,,,,,,,,,,,,,,,,,,,,,,,,,,,,,,,,,,,,,,,,,,,,,,,,,,,,,,,,,,,,,,,,,,,,,,,,,,,,,,,,,,,,,,,,,,,,,,,,,,,,,,,,,,,,,,,,,,,,,,,,,,,,,,,,,,,,,,,,,,,,,,,,,,,,,,,,,,,,,,,,,,,,,,,,,,
107,Participant,1,,,,,,,,,,,,,,,,,,,,,,,,,18,70,65-74,Male,,"Graduate or higher","Not applicable","हिन्दी (Hindi)",,Yes,"2026-09-08 09:52:19","Raj narayan prasad",,,,,Signature,1788841371835.png,,,Ritik,1788841378317.png,,,28.5657755,77.2130309,,"https://www.google.com/maps?q=28.5657755,77.2130309",1788842290243.png,No,Unchecked,Unchecked,Unchecked,No,Toothbrush,Unchecked,Checked,Unchecked,Unchecked,Unchecked,,Fluoridated,"More than three times","Thrice or more",Yes,Yes,Unchecked,Unchecked,Unchecked,Checked,Unchecked,Unchecked,Unchecked,Unchecked,Unchecked,Unchecked,Unchecked,,"public facility",,,Unchecked,Unchecked,Unchecked,Unchecked,Unchecked,Unchecked,Unchecked,Unchecked,Unchecked,Good,,,"All teeth / partially edentulous",,,,,,,,,,,,,,,,,,,,,,,,,,,,,,,,,,,,,,,,,,,,,,Unerupted,"Not recorded","Not recorded","Missing due to caries","No bleeding","No pocket","Missing due to caries","No bleeding","No pocket",Sound,"No bleeding","No pocket",Sound,"No bleeding","No pocket",Normal,Sound,"No bleeding","No pocket",Normal,Sound,"No bleeding","No pocket",Normal,Sound,"No bleeding","No pocket",Normal,Sound,"No bleeding","No pocket",Normal,Sound,"No bleeding","No pocket",Normal,Sound,"No bleeding","No pocket",Normal,"Missing due to caries","Not recorded","Not recorded","not recorded",Sound,"No bleeding","No pocket","Missing due to caries","Not recorded","Not recorded","Missing due to caries","Not recorded","Not recorded",Unerupted,"Not recorded","Not recorded",Unerupted,"Not recorded","Not recorded","Missing due to caries","Not recorded","Not recorded","Missing due to caries","Not recorded","Not recorded","not recorded","Missing other","Not recorded","Not recorded","Missing other","Not recorded","Not recorded","Missing other","Not recorded","Not recorded","Missing other","Not recorded","Not recorded","Missing other","Not recorded","Not recorded","Missing other","Not recorded","Not recorded","Missing other","Not recorded","Not recorded","Missing other","Not recorded","Not recorded","Missing other","Not recorded","Not recorded","Missing other","Not recorded","Not recorded","Missing due to caries","Not recorded","Not recorded","not recorded","Missing due to caries","Not recorded","Not recorded",Unerupted,"Not recorded","Not recorded","0-3 mm","0-3 mm","0-3 mm","Excluded sextant","Excluded sextant","Excluded sextant","Very mild","Enamel erosion",3,Present,7,Present,9,"No sign",,No,No,No,No,,,,,,,,,,,,No,Unchecked,Unchecked,Unchecked,Unchecked,Unchecked,Unchecked,Unchecked,Unchecked,Unchecked,Unchecked,Unchecked,Unchecked,Unchecked,Unchecked,Unchecked,Unchecked,Unchecked,Unchecked,Unchecked,Unchecked,Unchecked,Unchecked,Unchecked,Unchecked,Unchecked,Unchecked,Unchecked,Unchecked,Unchecked,Unchecked,Unchecked,Unchecked,Unchecked,Unchecked,Unchecked,Unchecked,Unchecked,Unchecked,Unchecked,Unchecked,Unchecked,Unchecked,Unchecked,Unchecked,Unchecked,Unchecked,Unchecked,Unchecked,Unchecked,Unchecked,Unchecked,Unchecked,Unchecked,Unchecked,Unchecked,Unchecked,Unchecked,Unchecked,Unchecked,Unchecked,Unchecked,Unchecked,Unchecked,Unchecked,Unchecked,Unchecked,Unchecked,Unchecked,Unchecked,Unchecked,Unchecked,Unchecked,,Yes,"Partial denture","Full removable denture","Immediate (urgent) treatment due to pain or infection of dental and / or oral origin",,Complete,Complete
107,Participant,2,,,,,,,,,,,,,,,,,,,,,,,,,,70,65-74,Male,,"Graduate or higher","Not applicable","हिन्दी (Hindi)",,Yes,"2026-09-08 10:09:08","Raj narayan ",,,,,Signature,1788842376712.png,,,Ritik,1788842385725.png,,,28.5657751,77.2128515,,"https://www.google.com/maps?q=28.5657751,77.2128515",,No,Unchecked,Unchecked,Unchecked,No,Toothbrush,Unchecked,Checked,Unchecked,Unchecked,Unchecked,,Fluoridated,"More than three times","Thrice or more",Yes,Yes,Unchecked,Unchecked,Unchecked,Checked,Unchecked,Unchecked,Unchecked,Unchecked,Unchecked,Unchecked,Unchecked,,"public facility",,,Unchecked,Unchecked,Unchecked,Unchecked,Unchecked,Unchecked,Unchecked,Unchecked,Unchecked,Average,,,"All teeth / partially edentulous",,,,,,,,,,,,,,,,,,,,,,,,,,,,,,,,,,,,,,,,,,,,,,Unerupted,"Not recorded","Not recorded","Missing due to caries","Not recorded","Not recorded","Missing due to caries","Not recorded","Not recorded",Sound,"No bleeding","No pocket",Sound,"No bleeding","No pocket",Normal,Sound,Bleeding,"No pocket",Normal,Sound,"Not recorded","No pocket",Normal,Sound,Bleeding,"No pocket",Normal,Sound,Bleeding,"No pocket",Normal,Sound,"No bleeding","No pocket",Normal,Sound,Bleeding,"No pocket",Normal,"Missing due to caries","Not recorded","Not recorded","not recorded",Sound,"No bleeding","No pocket","Missing due to caries","Not recorded","Not recorded","Missing due to caries","Not recorded","Not recorded",Unerupted,"Not recorded","Not recorded",Unerupted,"Not recorded","Not recorded","Missing due to caries","Not recorded","Not recorded","Missing due to caries","Not recorded","Not recorded","not recorded","Missing due to caries","Not recorded","Not recorded","Missing other","Not recorded","Not recorded","Missing other","Not recorded","Not recorded","Missing other","Not recorded","Not recorded","Missing other","Not recorded","Not recorded","Missing other","Not recorded","Not recorded","Missing other","Not recorded","Not recorded","Missing other","Not recorded","Not recorded","Missing other","Not recorded","Not recorded","Missing due to caries","Not recorded","Not recorded","Missing due to caries","Not recorded","Not recorded","not recorded","Missing due to caries","Not recorded","Not recorded",Unerupted,"Not recorded","Not recorded","4-5 mm Cemento-enamel Junction (CEJ) within black band","0-3 mm","4-5 mm Cemento-enamel Junction (CEJ) within black band","Excluded sextant","Excluded sextant","Excluded sextant",Normal,"Enamel erosion",,Present,9,Present,9,"No sign",,No,No,No,No,,,,,,,,,,,,No,Unchecked,Unchecked,Unchecked,Unchecked,Unchecked,Unchecked,Unchecked,Unchecked,Unchecked,Unchecked,Unchecked,Unchecked,Unchecked,Unchecked,Unchecked,Unchecked,Unchecked,Unchecked,Unchecked,Unchecked,Unchecked,Unchecked,Unchecked,Unchecked,Unchecked,Unchecked,Unchecked,Unchecked,Unchecked,Unchecked,Unchecked,Unchecked,Unchecked,Unchecked,Unchecked,Unchecked,Unchecked,Unchecked,Unchecked,Unchecked,Unchecked,Unchecked,Unchecked,Unchecked,Unchecked,Unchecked,Unchecked,Unchecked,Unchecked,Unchecked,Unchecked,Unchecked,Unchecked,Unchecked,Unchecked,Unchecked,Unchecked,Unchecked,Unchecked,Unchecked,Unchecked,Unchecked,Unchecked,Unchecked,Unchecked,Unchecked,Unchecked,Unchecked,Unchecked,Unchecked,Unchecked,Unchecked,,Yes,"Partial denture","Full removable denture","Immediate (urgent) treatment due to pain or infection of dental and / or oral origin",,Complete,Complete
108,,,,,,,,,,,,,,,,,,,,,,,,,,Incomplete,,,,,,,,,,,,,,,,,,,,,,,,,,,,,,,,,,,,,,,,,,,,,,,,,,,,,,,,,,,,,,,,,,,,,,,,,,,,,,,,,,,,,,,,,,,,,,,,,,,,,,,,,,,,,,,,,,,,,,,,,,,,,,,,,,,,,,,,,,,,,,,,,,,,,,,,,,,,,,,,,,,,,,,,,,,,,,,,,,,,,,,,,,,,,,,,,,,,,,,,,,,,,,,,,,,,,,,,,,,,,,,,,,,,,,,,,,,,,,,,,,,,,,,,,,,,,,,,,,,,,,,,,,,,,,,,,,,,,,,,,,,,,,,,,,,,,,,,,,,,,,,,,,,,,,,,,,,,,,,,,,,,,,,,,,,,,,,,
108,Participant,1,,,,,,,,,,,,,,,,,,,,,,,,,23,36,35-44,Female,,"Higher Secondary","Housewife or homemaker",English,,Yes,"2026-09-07 11:42:02","Kanchan sharma",,,,,Signature,1788761555719.png,,,"Anup kumar",1788763006030.png,,,28.5682167,77.2123122,,"https://www.google.com/maps?q=28.5682167,77.2123122",1788761565070.png,No,Unchecked,Unchecked,Unchecked,No,Toothbrush,Unchecked,Checked,Unchecked,Unchecked,Unchecked,,Fluoridated,Once,"Thrice or more",Yes,Yes,Unchecked,Unchecked,Unchecked,Checked,Unchecked,Unchecked,Unchecked,Unchecked,Unchecked,Unchecked,Unchecked,,"public facility",,200,Unchecked,Unchecked,Unchecked,Unchecked,Unchecked,Unchecked,Unchecked,Unchecked,Unchecked,Average,,,,,,,,,,,,,,,,,,,,,,,,,,,,,,,,,,,,,,,,,,,,,,,,,"Coronal caries","No bleeding","No pocket","Coronal caries","No bleeding","No pocket",Sound,Bleeding,"No pocket",Sound,Bleeding,"No pocket",Sound,Bleeding,"No pocket",Normal,Sound,"No bleeding","No pocket",Normal,Sound,"No bleeding","No pocket",Normal,Sound,"No bleeding","No pocket",Normal,Sound,"No bleeding","No pocket",Normal,Sound,"No bleeding","No pocket",Normal,Sound,"No bleeding","No pocket",Normal,Sound,Bleeding,"No pocket",Normal,Sound,Bleeding,"No pocket","Coronal caries","No bleeding","No pocket","Coronal caries",Bleeding,"No pocket","Coronal caries",Bleeding,"No pocket","Coronal caries",Bleeding,"No pocket","Coronal caries",Bleeding,"No pocket","Coronal caries",Bleeding,"No pocket",Normal,Sound,Bleeding,"No pocket",Sound,Bleeding,"No pocket",Sound,"No bleeding","No pocket",Sound,"No bleeding","No pocket",Sound,Bleeding,"No pocket",Sound,Bleeding,"No pocket",Sound,"No bleeding","No pocket",Sound,"No bleeding","No pocket",Sound,"No bleeding","No pocket",Sound,"No bleeding","No pocket","Missing due to caries","Not recorded","Not recorded","not recorded","Coronal caries",Bleeding,"No pocket","Coronal caries","No bleeding","No pocket","0-3 mm","0-3 mm","0-3 mm","0-3 mm","0-3 mm","0-3 mm",Normal,"No sign",,Absent,,Present,11,"No sign",,No,No,No,Yes,0,0,"No crowding","No spacing",0,0,0,1,0,Normal,0,No,Unchecked,Unchecked,Unchecked,Unchecked,Unchecked,Unchecked,Unchecked,Unchecked,Unchecked,Unchecked,Unchecked,Unchecked,Unchecked,Unchecked,Unchecked,Unchecked,Unchecked,Unchecked,Unchecked,Unchecked,Unchecked,Unchecked,Unchecked,Unchecked,Unchecked,Unchecked,Unchecked,Unchecked,Unchecked,Unchecked,Unchecked,Unchecked,Unchecked,Unchecked,Unchecked,Unchecked,Unchecked,Unchecked,Unchecked,Unchecked,Unchecked,Unchecked,Unchecked,Unchecked,Unchecked,Unchecked,Unchecked,Unchecked,Unchecked,Unchecked,Unchecked,Unchecked,Unchecked,Unchecked,Unchecked,Unchecked,Unchecked,Unchecked,Unchecked,Unchecked,Unchecked,Unchecked,Unchecked,Unchecked,Unchecked,Unchecked,Unchecked,Unchecked,Unchecked,Unchecked,Unchecked,Unchecked,,No,,,"Immediate (urgent) treatment due to pain or infection of dental and / or oral origin",,,Complete
108,Participant,2,,,,,,,,,,,,,,,,,,,,,,,,,,36,35-44,Female,,"Higher Secondary","Housewife or homemaker",English,,Yes,"2026-09-07 12:08:30","Kanchan sharma",,,,,Signature,1788763141490.png,,,"Anup kumar",1788763162905.png,,1788763795424.png,28.5682167,77.2123122,,"https://www.google.com/maps?q=28.5682167,77.2123122",,No,Unchecked,Unchecked,Unchecked,No,Toothbrush,Unchecked,Checked,Unchecked,Unchecked,Unchecked,,Fluoridated,Once,"Thrice or more",Yes,Yes,Unchecked,Unchecked,Unchecked,Checked,Unchecked,Unchecked,Unchecked,Unchecked,Unchecked,Unchecked,Unchecked,,"public facility",,,Unchecked,Unchecked,Unchecked,Unchecked,Unchecked,Unchecked,Unchecked,Unchecked,Unchecked,Average,,,,,,,,,,,,,,,,,,,,,,,,,,,,,,,,,,,,,,,,,,,,,,,,,"Coronal caries","No bleeding","No pocket","Coronal caries","No bleeding","No pocket","Filled no caries","No bleeding","No pocket",Sound,"No bleeding","No pocket",Sound,"No bleeding","No pocket",Normal,Sound,"No bleeding","No pocket",Normal,Sound,"No bleeding","No pocket",Normal,Sound,"No bleeding","No pocket",Normal,Sound,"No bleeding","No pocket",Normal,Sound,"No bleeding","No pocket",Normal,Sound,"No bleeding","No pocket",Normal,Sound,Bleeding,"No pocket",Normal,Sound,"No bleeding","No pocket","Coronal caries","No bleeding","No pocket","Coronal caries","Not recorded","Not recorded","Coronal caries","No bleeding","No pocket",Sound,"No bleeding","No pocket",Sound,"No bleeding","No pocket",Sound,"No bleeding","No pocket",Normal,Sound,Bleeding,"No pocket",Sound,Bleeding,"No pocket",Sound,Bleeding,"No pocket",Sound,Bleeding,"No pocket",Sound,Bleeding,"No pocket",Sound,Bleeding,"No pocket",Sound,"No bleeding","No pocket",Sound,"No bleeding","No pocket",Sound,"No bleeding","No pocket",Sound,"No bleeding","No pocket","Missing due to caries","Not recorded","Not recorded",Normal,"Coronal caries","No bleeding","No pocket",Sound,"No bleeding","No pocket","0-3 mm","0-3 mm","0-3 mm","0-3 mm","0-3 mm","0-3 mm",Normal,"No sign",,Present,6,Present,10,"No sign",,No,No,No,No,0,0,"No crowding","Spacing present- Lower",0,0,1,2,0,Normal,0,No,Unchecked,Unchecked,Unchecked,Unchecked,Unchecked,Unchecked,Unchecked,Unchecked,Unchecked,Unchecked,Unchecked,Unchecked,Unchecked,Unchecked,Unchecked,Unchecked,Unchecked,Unchecked,Unchecked,Unchecked,Unchecked,Unchecked,Unchecked,Unchecked,Unchecked,Unchecked,Unchecked,Unchecked,Unchecked,Unchecked,Unchecked,Unchecked,Unchecked,Unchecked,Unchecked,Unchecked,Unchecked,Unchecked,Unchecked,Unchecked,Unchecked,Unchecked,Unchecked,Unchecked,Unchecked,Unchecked,Unchecked,Unchecked,Unchecked,Unchecked,Unchecked,Unchecked,Unchecked,Unchecked,Unchecked,Unchecked,Unchecked,Unchecked,Unchecked,Unchecked,Unchecked,Unchecked,Unchecked,Unchecked,Unchecked,Unchecked,Unchecked,Unchecked,Unchecked,Unchecked,Unchecked,Unchecked,,No,,,"Immediate (urgent) treatment due to pain or infection of dental and / or oral origin",,Complete,Complete
109,,,,,,,,,,,,,,,,,,,,,,,,,,Incomplete,,,,,,,,,,,,,,,,,,,,,,,,,,,,,,,,,,,,,,,,,,,,,,,,,,,,,,,,,,,,,,,,,,,,,,,,,,,,,,,,,,,,,,,,,,,,,,,,,,,,,,,,,,,,,,,,,,,,,,,,,,,,,,,,,,,,,,,,,,,,,,,,,,,,,,,,,,,,,,,,,,,,,,,,,,,,,,,,,,,,,,,,,,,,,,,,,,,,,,,,,,,,,,,,,,,,,,,,,,,,,,,,,,,,,,,,,,,,,,,,,,,,,,,,,,,,,,,,,,,,,,,,,,,,,,,,,,,,,,,,,,,,,,,,,,,,,,,,,,,,,,,,,,,,,,,,,,,,,,,,,,,,,,,,,,,,,,,,
109,Participant,1,,,,,,,,,,,,,,,,,,,,,,,,,24,39,35-44,Male,,"Higher Secondary","Machinery Fitters, Machine Assemblers And Precision Instrument Makers (Except Electrical)",English,,Yes,"2026-09-07 14:13:14","Kuldeep khatana",,,,,Signature,1788770627903.png,,,"Anup kumar ",1788770644045.png,,,28.5649189,77.2124099,,"https://www.google.com/maps?q=28.5649189,77.2124099",1788770654602.png,No,Unchecked,Unchecked,Unchecked,Yes,Toothbrush,Unchecked,Checked,Unchecked,Unchecked,Unchecked,,Non-fluoridated,Once,Twice,No,No,Unchecked,Unchecked,Unchecked,Unchecked,Unchecked,Unchecked,Unchecked,Unchecked,Unchecked,Unchecked,Unchecked,,,,,Unchecked,Unchecked,Unchecked,Unchecked,Unchecked,Unchecked,Unchecked,Checked,Unchecked,Good,,,,,,,,,,,,,,,,,,,,,,,,,,,,,,,,,,,,,,,,,,,,,,,,,"Coronal caries",Bleeding,"No pocket",Sound,Bleeding,"No pocket",Sound,Bleeding,"No pocket",Sound,"No bleeding","No pocket",Sound,"No bleeding","No pocket",Normal,Sound,"No bleeding","No pocket",Normal,Sound,"No bleeding","No pocket",Normal,Sound,"No bleeding","No pocket","diffuse opacity",Sound,"No bleeding","No pocket","diffuse opacity",Sound,Bleeding,"No pocket",Normal,Sound,Bleeding,"No pocket",Normal,Sound,Bleeding,"No pocket",Normal,Sound,Bleeding,"No pocket","Coronal caries",Bleeding,"No pocket",Sound,Bleeding,"No pocket",Sound,Bleeding,"No pocket","Coronal caries",Bleeding,"Pocket of 4-5 mm",Sound,Bleeding,"No pocket","Coronal caries","No bleeding","No pocket",Normal,Sound,"No bleeding","No pocket",Sound,Bleeding,"No pocket",Sound,Bleeding,"No pocket",Sound,Bleeding,"No pocket",Sound,Bleeding,"No pocket",Sound,Bleeding,"No pocket",Sound,"No bleeding","No pocket",Sound,"No bleeding","No pocket",Sound,"No bleeding","No pocket",Sound,"No bleeding","No pocket","Coronal caries",Bleeding,"No pocket","diffuse opacity","Coronal caries",Bleeding,"No pocket","Coronal caries",Bleeding,"No pocket","0-3 mm","0-3 mm","0-3 mm","0-3 mm","0-3 mm","0-3 mm",Questionable,"No sign",,Absent,,Absent,,"No sign",,No,No,No,No,0,0,"Crowding present in Upper and Lower arches","No spacing",0,4,4,12,0,"Full cusp",0,No,Unchecked,Unchecked,Unchecked,Unchecked,Unchecked,Unchecked,Unchecked,Unchecked,Unchecked,Unchecked,Unchecked,Unchecked,Unchecked,Unchecked,Unchecked,Unchecked,Unchecked,Unchecked,Unchecked,Unchecked,Unchecked,Unchecked,Unchecked,Unchecked,Unchecked,Unchecked,Unchecked,Unchecked,Unchecked,Unchecked,Unchecked,Unchecked,Unchecked,Unchecked,Unchecked,Unchecked,Unchecked,Unchecked,Unchecked,Unchecked,Unchecked,Unchecked,Unchecked,Unchecked,Unchecked,Unchecked,Unchecked,Unchecked,Unchecked,Unchecked,Unchecked,Unchecked,Unchecked,Unchecked,Unchecked,Unchecked,Unchecked,Unchecked,Unchecked,Unchecked,Unchecked,Unchecked,Unchecked,Unchecked,Unchecked,Unchecked,Unchecked,Unchecked,Unchecked,Unchecked,Unchecked,Unchecked,,No,,,"Prompt treatment (including scaling) needed",,Complete,Complete
109,Participant,2,,,,,,,,,,,,,,,,,,,,,,,,,,39,35-44,Male,,"Higher Secondary","Machinery Fitters, Machine Assemblers And Precision Instrument Makers (Except Electrical)",English,,Yes,"2026-09-07 14:50:39","Kuldeep khatana",,,,,Signature,1788773449338.png,,,Harender,1788773465674.png,,,28.5637774,77.2108749,,"https://www.google.com/maps?q=28.5637774,77.2108749",1788773397639.png,No,Unchecked,Unchecked,Unchecked,Yes,Toothbrush,Unchecked,Checked,Unchecked,Unchecked,Unchecked,,Non-fluoridated,Once,Twice,No,No,Unchecked,Unchecked,Unchecked,Unchecked,Unchecked,Unchecked,Unchecked,Unchecked,Unchecked,Unchecked,Unchecked,,,,,Unchecked,Unchecked,Unchecked,Unchecked,Unchecked,Unchecked,Unchecked,Checked,Unchecked,Good,,,,,,,,,,,,,,,,,,,,,,,,,,,,,,,,,,,,,,,,,,,,,,,,,"Coronal caries",Bleeding,"No pocket",Sound,Bleeding,"No pocket",Sound,Bleeding,"No pocket",Sound,"No bleeding","No pocket",Sound,"No bleeding","No pocket",Normal,Sound,"No bleeding","No pocket",Normal,Sound,"No bleeding","No pocket",Normal,Sound,"No bleeding","No pocket","diffuse opacity",Sound,"No bleeding","No pocket","diffuse opacity",Sound,"No bleeding","No pocket",Normal,Sound,"No bleeding","No pocket",Normal,"Coronal caries",Bleeding,"No pocket",Normal,Sound,Bleeding,"No pocket",Sound,"No bleeding","No pocket",Sound,"No bleeding","No pocket",Sound,"No bleeding","No pocket","Coronal caries","Not recorded","Not recorded","Coronal caries","No bleeding","No pocket","Coronal caries","No bleeding","No pocket",Normal,Sound,"No bleeding","No pocket",Sound,"No bleeding","No pocket",Sound,Bleeding,"No pocket",Sound,"No bleeding","No pocket",Sound,"No bleeding","No pocket",Sound,"No bleeding","No pocket",Sound,"No bleeding","No pocket",Sound,"No bleeding","No pocket",Sound,"No bleeding","No pocket",Sound,"No bleeding","No pocket","Coronal caries","No bleeding","No pocket",Normal,"Coronal caries","No bleeding","No pocket","Coronal caries",Bleeding,"Not recorded","4-5 mm Cemento-enamel Junction (CEJ) within black band","0-3 mm","0-3 mm","0-3 mm","0-3 mm","0-3 mm",Normal,"No sign",,Present,2,Present,6,"No sign",,No,No,No,No,0,0,"Crowding present in Upper and Lower arches","No spacing",0,4,5,7,0,"Half cusp",0,No,Unchecked,Unchecked,Unchecked,Unchecked,Unchecked,Unchecked,Unchecked,Unchecked,Unchecked,Unchecked,Unchecked,Unchecked,Unchecked,Unchecked,Unchecked,Unchecked,Unchecked,Unchecked,Unchecked,Unchecked,Unchecked,Unchecked,Unchecked,Unchecked,Unchecked,Unchecked,Unchecked,Unchecked,Unchecked,Unchecked,Unchecked,Unchecked,Unchecked,Unchecked,Unchecked,Unchecked,Unchecked,Unchecked,Unchecked,Unchecked,Unchecked,Unchecked,Unchecked,Unchecked,Unchecked,Unchecked,Unchecked,Unchecked,Unchecked,Unchecked,Unchecked,Unchecked,Unchecked,Unchecked,Unchecked,Unchecked,Unchecked,Unchecked,Unchecked,Unchecked,Unchecked,Unchecked,Unchecked,Unchecked,Unchecked,Unchecked,Unchecked,Unchecked,Unchecked,Unchecked,Unchecked,Unchecked,,No,,,"Prompt treatment (including scaling) needed",,Complete,Complete
110,,,,,,,,,,,,,,,,,,,,,,,,,,Incomplete,,,,,,,,,,,,,,,,,,,,,,,,,,,,,,,,,,,,,,,,,,,,,,,,,,,,,,,,,,,,,,,,,,,,,,,,,,,,,,,,,,,,,,,,,,,,,,,,,,,,,,,,,,,,,,,,,,,,,,,,,,,,,,,,,,,,,,,,,,,,,,,,,,,,,,,,,,,,,,,,,,,,,,,,,,,,,,,,,,,,,,,,,,,,,,,,,,,,,,,,,,,,,,,,,,,,,,,,,,,,,,,,,,,,,,,,,,,,,,,,,,,,,,,,,,,,,,,,,,,,,,,,,,,,,,,,,,,,,,,,,,,,,,,,,,,,,,,,,,,,,,,,,,,,,,,,,,,,,,,,,,,,,,,,,,,,,,,,
110,Participant,1,,,,,,,,,,,,,,,,,,,,,,,,,24,13,12-15,Male,,,,English,Yes,Yes,"2026-09-07 15:24:09","Kavyansh jain ",,Ruchi,Mother,,Signature,1788774897318.png,,,"Anup kumar ",1788774914799.png,,,28.5657686,77.212987,,"https://www.google.com/maps?q=28.5657686,77.212987",1788774925643.png,No,Unchecked,Unchecked,Unchecked,,Toothbrush,Unchecked,Checked,Unchecked,Unchecked,Unchecked,,Fluoridated,Twice,Twice,Yes,Yes,Unchecked,Unchecked,Unchecked,Unchecked,Unchecked,Unchecked,Unchecked,Checked,Unchecked,Unchecked,Unchecked,,"public facility",,1000,Unchecked,Unchecked,Unchecked,Unchecked,Unchecked,Unchecked,Unchecked,Unchecked,Unchecked,Good,,"Permanent only",,,,,,,,,,,,,,,,,,,,,,,,,,,,,,,,,,,,,,,,,,,,,,,,,,Sound,Bleeding,,"Coronal caries","No bleeding",,Sound,"No bleeding",,Sound,"No bleeding",,Normal,Sound,"No bleeding",,Normal,Sound,,,Normal,Sound,"No bleeding",,Normal,Sound,"No bleeding",,Normal,Sound,"No bleeding",,"demarcated opacity",Sound,"No bleeding",,Normal,Sound,"No bleeding",,Normal,Sound,"No bleeding",,"Coronal caries","No bleeding",,Sound,"No bleeding",,,,,,,,Sound,"No bleeding",,"Filled no caries",Bleeding,,Normal,Sound,"No bleeding",,Sound,"No bleeding",,Sound,"No bleeding",,Sound,"No bleeding",,Sound,"No bleeding",,Sound,"No bleeding",,Sound,"No bleeding",,Sound,"No bleeding",,Sound,"No bleeding",,Sound,"No bleeding",,"Filled with caries","No bleeding",,Normal,Sound,"No bleeding",,,,,,,,,,,Normal,"No sign",,,,,,"Missing due to trauma",1,,,,,0,1,"No crowding","Spacing present in Upper and Lower arches",0,1,1,2,0,"Half cusp",0,No,Unchecked,Unchecked,Unchecked,Unchecked,Unchecked,Unchecked,Unchecked,Unchecked,Unchecked,Unchecked,Unchecked,Unchecked,Unchecked,Unchecked,Unchecked,Unchecked,Unchecked,Unchecked,Unchecked,Unchecked,Unchecked,Unchecked,Unchecked,Unchecked,Unchecked,Unchecked,Unchecked,Unchecked,Unchecked,Unchecked,Unchecked,Unchecked,Unchecked,Unchecked,Unchecked,Unchecked,Unchecked,Unchecked,Unchecked,Unchecked,Unchecked,Unchecked,Unchecked,Unchecked,Unchecked,Unchecked,Unchecked,Unchecked,Unchecked,Unchecked,Unchecked,Unchecked,Unchecked,Unchecked,Unchecked,Unchecked,Unchecked,Unchecked,Unchecked,Unchecked,Unchecked,Unchecked,Unchecked,Unchecked,Unchecked,Unchecked,Unchecked,Unchecked,Unchecked,Unchecked,Unchecked,Unchecked,,,,,"Prompt treatment (including scaling) needed",,Complete,Complete
111,,,,,,,,,,,,,,,,,,,,,,,,,,Incomplete,,,,,,,,,,,,,,,,,,,,,,,,,,,,,,,,,,,,,,,,,,,,,,,,,,,,,,,,,,,,,,,,,,,,,,,,,,,,,,,,,,,,,,,,,,,,,,,,,,,,,,,,,,,,,,,,,,,,,,,,,,,,,,,,,,,,,,,,,,,,,,,,,,,,,,,,,,,,,,,,,,,,,,,,,,,,,,,,,,,,,,,,,,,,,,,,,,,,,,,,,,,,,,,,,,,,,,,,,,,,,,,,,,,,,,,,,,,,,,,,,,,,,,,,,,,,,,,,,,,,,,,,,,,,,,,,,,,,,,,,,,,,,,,,,,,,,,,,,,,,,,,,,,,,,,,,,,,,,,,,,,,,,,,,,,,,,,,,
111,Participant,1,,,,,,,,,,,,,,,,,,,,,,,,,22,13,12-15,Male,,,,English,Yes,Yes,"2026-09-07 15:51:23","Kavyansh jain",,Ruchi,Mother,,,,,,,,,,28.5660387,77.2130206,,"https://www.google.com/maps?q=28.5660387,77.2130206",1788776548155.png,,Unchecked,Unchecked,Unchecked,,,Unchecked,Unchecked,Unchecked,Unchecked,Unchecked,,,,,,,Unchecked,Unchecked,Unchecked,Unchecked,Unchecked,Unchecked,Unchecked,Unchecked,Unchecked,Unchecked,Unchecked,,,,,Unchecked,Unchecked,Unchecked,Unchecked,Unchecked,Unchecked,Unchecked,Unchecked,Unchecked,,,"Permanent only",,,,,,,,,,,,,,,,,,,,,,,,,,,,,,,,,,,,,,,,,,,,,,,,,,Sound,"No bleeding",,"Coronal caries","No bleeding",,Sound,"No bleeding",,Sound,"No bleeding",,Normal,Sound,,,Normal,Sound,"No bleeding",,Normal,Sound,"No bleeding",,Normal,Sound,"No bleeding",,Normal,Sound,"No bleeding",,"demarcated opacity",Sound,"No bleeding",,"demarcated opacity",Sound,"No bleeding",,Normal,Sound,"No bleeding",,"Coronal caries","No bleeding",,Sound,"No bleeding",,,,,,,,Sound,"No bleeding",,Sound,"No bleeding",,Normal,Sound,"No bleeding",,Sound,"No bleeding",,Sound,"No bleeding",,Sound,"No bleeding",,Sound,"No bleeding",,Sound,"No bleeding",,Sound,"No bleeding",,Sound,"No bleeding",,Sound,"No bleeding",,Sound,"No bleeding",,Sound,"No bleeding",,Normal,Sound,"No bleeding",,,,,,,,,,,Normal,"No sign",,,,,,"No sign",,,,,,0,0,"No crowding","No spacing",1,0,0,3,0,"Half cusp",0,No,Unchecked,Unchecked,Unchecked,Unchecked,Unchecked,Unchecked,Unchecked,Unchecked,Unchecked,Unchecked,Unchecked,Unchecked,Unchecked,Unchecked,Unchecked,Unchecked,Unchecked,Unchecked,Unchecked,Unchecked,Unchecked,Unchecked,Unchecked,Unchecked,Unchecked,Unchecked,Unchecked,Unchecked,Unchecked,Unchecked,Unchecked,Unchecked,Unchecked,Unchecked,Unchecked,Unchecked,Unchecked,Unchecked,Unchecked,Unchecked,Unchecked,Unchecked,Unchecked,Unchecked,Unchecked,Unchecked,Unchecked,Unchecked,Unchecked,Unchecked,Unchecked,Unchecked,Unchecked,Unchecked,Unchecked,Unchecked,Unchecked,Unchecked,Unchecked,Unchecked,Unchecked,Unchecked,Unchecked,Unchecked,Unchecked,Unchecked,Unchecked,Unchecked,Unchecked,Unchecked,Unchecked,Unchecked,,,,,"Prompt treatment (including scaling) needed",,Complete,Complete
112,,,,,,,,,,,,,,,,,,,,,,,,,,Incomplete,,,,,,,,,,,,,,,,,,,,,,,,,,,,,,,,,,,,,,,,,,,,,,,,,,,,,,,,,,,,,,,,,,,,,,,,,,,,,,,,,,,,,,,,,,,,,,,,,,,,,,,,,,,,,,,,,,,,,,,,,,,,,,,,,,,,,,,,,,,,,,,,,,,,,,,,,,,,,,,,,,,,,,,,,,,,,,,,,,,,,,,,,,,,,,,,,,,,,,,,,,,,,,,,,,,,,,,,,,,,,,,,,,,,,,,,,,,,,,,,,,,,,,,,,,,,,,,,,,,,,,,,,,,,,,,,,,,,,,,,,,,,,,,,,,,,,,,,,,,,,,,,,,,,,,,,,,,,,,,,,,,,,,,,,,,,,,,,
112,Participant,1,,,,,,,,,,,,,,,,,,,,,,,,,23,4,4-6,Female,,,,,,Yes,"2026-09-08 10:19:06",,Abhishree,Nayanshika,Mother,,Signature,,1788843032735.png,,,,,,28.5657789,77.213652,,"https://www.google.com/maps?q=28.5657789,77.213652",1788843042425.png,,Unchecked,Unchecked,Unchecked,,Toothbrush,Unchecked,Checked,Unchecked,Unchecked,Unchecked,,Fluoridated,Twice,Once,Yes,Yes,Checked,Unchecked,Unchecked,Unchecked,Unchecked,Unchecked,Unchecked,Unchecked,Unchecked,Unchecked,Unchecked,,"public facility",,300,Unchecked,Unchecked,Unchecked,Unchecked,Unchecked,Unchecked,Unchecked,Unchecked,Unchecked,"Don't know","Deciduous teeth only",,,Caries,"No bleeding",Sound,"No bleeding",Sound,"No bleeding",Caries,"No bleeding",Caries,"No bleeding",Caries,"No bleeding",Caries,"No bleeding",Caries,"No bleeding",Sound,"No bleeding",Caries,"No bleeding",Sound,"No bleeding",Sound,"No bleeding",Sound,"No bleeding",Sound,"No bleeding",Caries,"No bleeding",Caries,"No bleeding",Caries,"No bleeding",Caries,"No bleeding",Caries,"No bleeding",Sound,"No bleeding",Normal,Normal,Normal,Normal,"DMH absent",,,,,,,,,,,,,,,,,,,,,,,,,,,,,,,,,,,,,,,,,,,,,,,,,,,,,,,,,,,,,,,,,,,,,,,,,,,,,,,,,,,,,,,,,,,,,,,,,,,,,,,,,,,,,,,,,,"No sign",,,,,,"No sign",,,,,,,,,,,,,,,,,No,Unchecked,Unchecked,Unchecked,Unchecked,Unchecked,Unchecked,Unchecked,Unchecked,Unchecked,Unchecked,Unchecked,Unchecked,Unchecked,Unchecked,Unchecked,Unchecked,Unchecked,Unchecked,Unchecked,Unchecked,Unchecked,Unchecked,Unchecked,Unchecked,Unchecked,Unchecked,Unchecked,Unchecked,Unchecked,Unchecked,Unchecked,Unchecked,Unchecked,Unchecked,Unchecked,Unchecked,Unchecked,Unchecked,Unchecked,Unchecked,Unchecked,Unchecked,Unchecked,Unchecked,Unchecked,Unchecked,Unchecked,Unchecked,Unchecked,Unchecked,Unchecked,Unchecked,Unchecked,Unchecked,Unchecked,Unchecked,Unchecked,Unchecked,Unchecked,Unchecked,Unchecked,Unchecked,Unchecked,Unchecked,Unchecked,Unchecked,Unchecked,Unchecked,Unchecked,Unchecked,Unchecked,Unchecked,,,,,"Prompt treatment (including scaling) needed",,Complete,Incomplete
112,Participant,2,,,,,,,,,,,,,,,,,,,,,,,,,,4,4-6,Female,,,,,,Yes,"2026-09-08 10:37:44",,Abhishree,Nayanshika,Mother,,Signature,,1788844111829.png,,,,,,28.5637774,77.2108749,,"https://www.google.com/maps?q=28.5637774,77.2108749",1788844332444.png,,Unchecked,Unchecked,Unchecked,,Toothbrush,Unchecked,Checked,Unchecked,Unchecked,Unchecked,,Fluoridated,Twice,Once,Yes,Yes,Checked,Unchecked,Unchecked,Unchecked,Unchecked,Unchecked,Unchecked,Unchecked,Unchecked,Unchecked,Unchecked,,"public facility",,300,Unchecked,Unchecked,Unchecked,Unchecked,Unchecked,Unchecked,Unchecked,Unchecked,Unchecked,"Don't know","Deciduous teeth only",,,Caries,"No bleeding",Sound,"No bleeding",Sound,"No bleeding",Caries,"No bleeding",Caries,"No bleeding",Caries,"No bleeding",Caries,"No bleeding",Sound,"No bleeding",Sound,"No bleeding",Sound,"No bleeding",Sound,"No bleeding",Sound,"No bleeding",Caries,"No bleeding",Sound,"No bleeding",Caries,"No bleeding",Sound,"No bleeding",Caries,"No bleeding",Caries,"No bleeding",Sound,"No bleeding",Sound,"No bleeding",Normal,Normal,Normal,Normal,"DMH absent",,,,,,,,,,,,,,,,,,,,,,,,,,,,,,,,,,,,,,,,,,,,,,,,,,,,,,,,,,,,,,,,,,,,,,,,,,,,,,,,,,,,,,,,,,,,,,,,,,,,,,,,,,,,,,,,,,"No sign",,,,,,"No sign",,,,,,,,,,,,,,,,,No,Unchecked,Unchecked,Unchecked,Unchecked,Unchecked,Unchecked,Unchecked,Unchecked,Unchecked,Unchecked,Unchecked,Unchecked,Unchecked,Unchecked,Unchecked,Unchecked,Unchecked,Unchecked,Unchecked,Unchecked,Unchecked,Unchecked,Unchecked,Unchecked,Unchecked,Unchecked,Unchecked,Unchecked,Unchecked,Unchecked,Unchecked,Unchecked,Unchecked,Unchecked,Unchecked,Unchecked,Unchecked,Unchecked,Unchecked,Unchecked,Unchecked,Unchecked,Unchecked,Unchecked,Unchecked,Unchecked,Unchecked,Unchecked,Unchecked,Unchecked,Unchecked,Unchecked,Unchecked,Unchecked,Unchecked,Unchecked,Unchecked,Unchecked,Unchecked,Unchecked,Unchecked,Unchecked,Unchecked,Unchecked,Unchecked,Unchecked,Unchecked,Unchecked,Unchecked,Unchecked,Unchecked,Unchecked,,,,,"Prompt treatment (including scaling) needed",,Complete,Complete
113,,,,,,,,,,,,,,,,,,,,,,,,,,Incomplete,,,,,,,,,,,,,,,,,,,,,,,,,,,,,,,,,,,,,,,,,,,,,,,,,,,,,,,,,,,,,,,,,,,,,,,,,,,,,,,,,,,,,,,,,,,,,,,,,,,,,,,,,,,,,,,,,,,,,,,,,,,,,,,,,,,,,,,,,,,,,,,,,,,,,,,,,,,,,,,,,,,,,,,,,,,,,,,,,,,,,,,,,,,,,,,,,,,,,,,,,,,,,,,,,,,,,,,,,,,,,,,,,,,,,,,,,,,,,,,,,,,,,,,,,,,,,,,,,,,,,,,,,,,,,,,,,,,,,,,,,,,,,,,,,,,,,,,,,,,,,,,,,,,,,,,,,,,,,,,,,,,,,,,,,,,,,,,,
113,Participant,1,,,,,,,,,,,,,,,,,,,,,,,,,16,40,35-44,Female,,"Graduate or higher","Housewife or homemaker",English,,Yes,"2026-09-08 10:45:52",Monika,,,,,Signature,1788844572605.png,,,Anook,1788845288009.png,,,28.5657208,77.2132124,,"https://www.google.com/maps?q=28.5657208,77.2132124",1788844583180.png,No,Unchecked,Unchecked,Unchecked,No,Toothbrush,Unchecked,Checked,Unchecked,Unchecked,Unchecked,,Non-fluoridated,Once,Once,Yes,Yes,Checked,Unchecked,Unchecked,Checked,Unchecked,Unchecked,Unchecked,Unchecked,Unchecked,Unchecked,Unchecked,,"public facility",,,Unchecked,Unchecked,Unchecked,Unchecked,Unchecked,Unchecked,Unchecked,Unchecked,Unchecked,Poor,,,,,,,,,,,,,,,,,,,,,,,,,,,,,,,,,,,,,,,,,,,,,,,,,Unerupted,"Not recorded","Not recorded",Sound,"No bleeding","No pocket","Filled with caries","No bleeding","No pocket","Coronal caries","No bleeding","No pocket","Coronal caries","No bleeding","No pocket","diffuse opacity",Sound,"No bleeding","No pocket","demarcated opacity",Sound,"No bleeding","No pocket","demarcated opacity",Sound,"No bleeding","No pocket",Normal,Sound,"No bleeding","No pocket",Normal,Sound,"No bleeding","No pocket",Normal,Sound,"No bleeding","No pocket",Normal,"Coronal caries","No bleeding","No pocket","demarcated and diffuse opacities","Coronal caries","No bleeding","No pocket","Coronal caries","No bleeding","No pocket","Coronal caries","No bleeding","No pocket",Unerupted,"Not recorded","Not recorded",Unerupted,"Not recorded","Not recorded","Filled with caries","No bleeding","No pocket","Coronal caries","No bleeding","No pocket","diffuse opacity",Sound,"No bleeding","No pocket",Sound,"No bleeding","No pocket",Sound,"No bleeding","No pocket",Sound,"No bleeding","No pocket",Sound,"No bleeding","No pocket",Sound,"No bleeding","No pocket",Sound,"No bleeding","No pocket",Sound,"No bleeding","No pocket",Sound,"No bleeding","No pocket",Sound,"No bleeding","No pocket","Filled no caries","No bleeding","No pocket","not recorded","Filled with caries","No bleeding","No pocket","Coronal caries","No bleeding","No pocket","0-3 mm","0-3 mm","0-3 mm","0-3 mm","0-3 mm","0-3 mm",Severe,"No sign",,Absent,,Present,12,"No sign",,No,No,No,No,0,0,"No crowding","No spacing",0,0,0,1,0,Normal,0,No,Unchecked,Unchecked,Unchecked,Unchecked,Unchecked,Unchecked,Unchecked,Unchecked,Unchecked,Unchecked,Unchecked,Unchecked,Unchecked,Unchecked,Unchecked,Unchecked,Unchecked,Unchecked,Unchecked,Unchecked,Unchecked,Unchecked,Unchecked,Unchecked,Unchecked,Unchecked,Unchecked,Unchecked,Unchecked,Unchecked,Unchecked,Unchecked,Unchecked,Unchecked,Unchecked,Unchecked,Unchecked,Unchecked,Unchecked,Unchecked,Unchecked,Unchecked,Unchecked,Unchecked,Unchecked,Unchecked,Unchecked,Unchecked,Unchecked,Unchecked,Unchecked,Unchecked,Unchecked,Unchecked,Unchecked,Unchecked,Unchecked,Unchecked,Unchecked,Unchecked,Unchecked,Unchecked,Unchecked,Unchecked,Unchecked,Unchecked,Unchecked,Unchecked,Unchecked,Unchecked,Unchecked,Unchecked,,No,"No prosthesis","No prosthesis","Immediate (urgent) treatment due to pain or infection of dental and / or oral origin",,Complete,Complete
113,Participant,2,,,,,,,,,,,,,,,,,,,,,,,,,,40,35-44,Female,,"Graduate or higher","Housewife or homemaker",English,,Yes,"2026-09-08 11:17:30",Monika,,,,,Signature,1788845499154.png,,,Anoop,1788845511864.png,,,28.5657003,77.2130731,,"https://www.google.com/maps?q=28.5657003,77.2130731",1788846441332.png,No,Unchecked,Unchecked,Unchecked,No,Toothbrush,Unchecked,Checked,Unchecked,Unchecked,Unchecked,,Non-fluoridated,Once,Once,Yes,Yes,Checked,Unchecked,Unchecked,Checked,Unchecked,Unchecked,Unchecked,Unchecked,Unchecked,Unchecked,Unchecked,,"public facility",,,Unchecked,Unchecked,Unchecked,Unchecked,Unchecked,Unchecked,Unchecked,Unchecked,Unchecked,Average,,,,,,,,,,,,,,,,,,,,,,,,,,,,,,,,,,,,,,,,,,,,,,,,,Unerupted,"Not recorded","Not recorded",Sound,"No bleeding","No pocket","Filled with caries","No bleeding","No pocket","Coronal caries","No bleeding","No pocket","Coronal caries","No bleeding","No pocket","diffuse opacity",Sound,"No bleeding","No pocket","diffuse opacity",Sound,"No bleeding","No pocket","diffuse opacity",Sound,Bleeding,"No pocket",Normal,Sound,Bleeding,"No pocket",Normal,Sound,"No bleeding","No pocket","diffuse opacity",Sound,"No bleeding","No pocket",Normal,"Coronal caries","No bleeding","No pocket","demarcated and diffuse opacities","Coronal caries","No bleeding","No pocket",Sound,"No bleeding","No pocket","Coronal caries","No bleeding","No pocket","Not recorded","Not recorded","Not recorded","Not recorded","Not recorded","Not recorded","Filled with caries","No bleeding","No pocket","Coronal caries","No bleeding","No pocket","diffuse opacity","Coronal caries","No bleeding","No pocket",Sound,"No bleeding","No pocket",Sound,"No bleeding","No pocket",Sound,"No bleeding","No pocket",Sound,"No bleeding","No pocket",Sound,"No bleeding","No pocket",Sound,"No bleeding","No pocket",Sound,"No bleeding","No pocket",Sound,"No bleeding","No pocket",Sound,"No bleeding","No pocket","Filled no caries","No bleeding","No pocket","not recorded","Filled with caries","No bleeding","No pocket",Sound,"No bleeding","No pocket","0-3 mm","0-3 mm","0-3 mm","0-3 mm","0-3 mm","0-3 mm",Severe,"Enamel erosion",4,Absent,,Present,9,"No sign",,No,No,No,No,0,0,"No crowding","No spacing",0,0,0,2,0,Normal,0,No,Unchecked,Unchecked,Unchecked,Unchecked,Unchecked,Unchecked,Unchecked,Unchecked,Unchecked,Unchecked,Unchecked,Unchecked,Unchecked,Unchecked,Unchecked,Unchecked,Unchecked,Unchecked,Unchecked,Unchecked,Unchecked,Unchecked,Unchecked,Unchecked,Unchecked,Unchecked,Unchecked,Unchecked,Unchecked,Unchecked,Unchecked,Unchecked,Unchecked,Unchecked,Unchecked,Unchecked,Unchecked,Unchecked,Unchecked,Unchecked,Unchecked,Unchecked,Unchecked,Unchecked,Unchecked,Unchecked,Unchecked,Unchecked,Unchecked,Unchecked,Unchecked,Unchecked,Unchecked,Unchecked,Unchecked,Unchecked,Unchecked,Unchecked,Unchecked,Unchecked,Unchecked,Unchecked,Unchecked,Unchecked,Unchecked,Unchecked,Unchecked,Unchecked,Unchecked,Unchecked,Unchecked,Unchecked,,No,,,"Immediate (urgent) treatment due to pain or infection of dental and / or oral origin",,Complete,Complete
114,,,,,,,,,,,,,,,,,,,,,,,,,,Incomplete,,,,,,,,,,,,,,,,,,,,,,,,,,,,,,,,,,,,,,,,,,,,,,,,,,,,,,,,,,,,,,,,,,,,,,,,,,,,,,,,,,,,,,,,,,,,,,,,,,,,,,,,,,,,,,,,,,,,,,,,,,,,,,,,,,,,,,,,,,,,,,,,,,,,,,,,,,,,,,,,,,,,,,,,,,,,,,,,,,,,,,,,,,,,,,,,,,,,,,,,,,,,,,,,,,,,,,,,,,,,,,,,,,,,,,,,,,,,,,,,,,,,,,,,,,,,,,,,,,,,,,,,,,,,,,,,,,,,,,,,,,,,,,,,,,,,,,,,,,,,,,,,,,,,,,,,,,,,,,,,,,,,,,,,,,,,,,,,
114,Participant,1,,,,,,,,,,,,,,,,,,,,,,,,,16,14,12-15,Male,,,,English,Yes,Yes,"2026-09-08 10:38:19","Rohan singh",,Monika,Mother,,Signature,1788844137692.png,,,Anup,1788844152522.png,,,,,,"https://www.google.com/maps?q=,",1788844167523.png,No,Unchecked,Unchecked,Unchecked,,Toothbrush,Unchecked,Checked,Unchecked,Unchecked,Unchecked,,Non-fluoridated,Once,Once,No,No,Unchecked,Unchecked,Unchecked,Unchecked,Unchecked,Unchecked,Unchecked,Unchecked,Unchecked,Unchecked,Unchecked,,,,,Unchecked,Unchecked,Unchecked,Unchecked,Unchecked,Unchecked,Unchecked,Checked,Unchecked,Good,,"Permanent only",,,,,,,,,,,,,,,,,,,,,,,,,,,,,,,,,,,,,,,,,,,,,,,,,,Sound,"No bleeding",,"Coronal caries","No bleeding",,Sound,"No bleeding",,Sound,"No bleeding",,Normal,Sound,"No bleeding",,Normal,Sound,"No bleeding",,Normal,Sound,"No bleeding",,Normal,Sound,"No bleeding",,Normal,Sound,"No bleeding",,Normal,Sound,"No bleeding",,Normal,Sound,"No bleeding",,Normal,Sound,"No bleeding",,"Coronal caries","No bleeding",,Sound,"No bleeding",,,,,,,,Sound,"No bleeding",,"Coronal caries","No bleeding",,Normal,Sound,"No bleeding",,Sound,"No bleeding",,Sound,"No bleeding",,Sound,"No bleeding",,Sound,"No bleeding",,Sound,"No bleeding",,Sound,"No bleeding",,Sound,"No bleeding",,Sound,"No bleeding",,Sound,"No bleeding",,Sound,"No bleeding",,Normal,Sound,"No bleeding",,,,,,,,,,,Normal,"No sign",,,,,,"No sign",,,,,,0,0,"No crowding","No spacing",0,0,0,2,0,Normal,0,No,Unchecked,Unchecked,Unchecked,Unchecked,Unchecked,Unchecked,Unchecked,Unchecked,Unchecked,Unchecked,Unchecked,Unchecked,Unchecked,Unchecked,Unchecked,Unchecked,Unchecked,Unchecked,Unchecked,Unchecked,Unchecked,Unchecked,Unchecked,Unchecked,Unchecked,Unchecked,Unchecked,Unchecked,Unchecked,Unchecked,Unchecked,Unchecked,Unchecked,Unchecked,Unchecked,Unchecked,Unchecked,Unchecked,Unchecked,Unchecked,Unchecked,Unchecked,Unchecked,Unchecked,Unchecked,Unchecked,Unchecked,Unchecked,Unchecked,Unchecked,Unchecked,Unchecked,Unchecked,Unchecked,Unchecked,Unchecked,Unchecked,Unchecked,Unchecked,Unchecked,Unchecked,Unchecked,Unchecked,Unchecked,Unchecked,Unchecked,Unchecked,Unchecked,Unchecked,Unchecked,Unchecked,Unchecked,,,,,"Preventive or routine treatment needed",,Complete,Complete
114,Participant,2,,,,,,,,,,,,,,,,,,,,,,,,,,14,12-15,Male,,,,English,Yes,Yes,"2026-09-08 10:58:39","Rohan Singh",,Monika,Mother,,Signature,1788845380719.png,,,,,Anup,1788846449366.png,,,,"https://www.google.com/maps?q=,",1788846439500.png,No,Unchecked,Unchecked,Unchecked,,Toothbrush,Unchecked,Checked,Unchecked,Unchecked,Unchecked,,Non-fluoridated,Once,Once,No,No,Unchecked,Unchecked,Unchecked,Unchecked,Unchecked,Unchecked,Unchecked,Unchecked,Unchecked,Unchecked,Unchecked,,,,,Unchecked,Unchecked,Unchecked,Unchecked,Unchecked,Unchecked,Checked,Unchecked,Unchecked,Good,,"Permanent only",,,,,,,,,,,,,,,,,,,,,,,,,,,,,,,,,,,,,,,,,,,,,,,,,,Sound,Bleeding,,"Coronal caries","No bleeding",,Sound,"No bleeding",,Sound,"No bleeding",,Normal,Sound,"No bleeding",,Normal,Sound,"No bleeding",,Normal,Sound,"No bleeding",,Normal,Sound,"No bleeding",,Normal,Sound,"No bleeding",,Normal,Sound,"No bleeding",,Normal,Sound,"No bleeding",,Normal,Sound,"No bleeding",,Sound,"No bleeding",,Sound,"No bleeding",,,,,,,,Sound,Bleeding,,Sound,"No bleeding",,Normal,Sound,"No bleeding",,Sound,"No bleeding",,Sound,"No bleeding",,Sound,"No bleeding",,Sound,"No bleeding",,Sound,"No bleeding",,Sound,"No bleeding",,Sound,"No bleeding",,Sound,"No bleeding",,Sound,"No bleeding",,Sound,"No bleeding",,Normal,Sound,"No bleeding",,,,,,,,,,,Normal,"No sign",,,,,,"No sign",,,,,,0,0,"No crowding","No spacing",0,0,0,2,0,Normal,0,No,Unchecked,Unchecked,Unchecked,Unchecked,Unchecked,Unchecked,Unchecked,Unchecked,Unchecked,Unchecked,Unchecked,Unchecked,Unchecked,Unchecked,Unchecked,Unchecked,Unchecked,Unchecked,Unchecked,Unchecked,Unchecked,Unchecked,Unchecked,Unchecked,Unchecked,Unchecked,Unchecked,Unchecked,Unchecked,Unchecked,Unchecked,Unchecked,Unchecked,Unchecked,Unchecked,Unchecked,Unchecked,Unchecked,Unchecked,Unchecked,Unchecked,Unchecked,Unchecked,Unchecked,Unchecked,Unchecked,Unchecked,Unchecked,Unchecked,Unchecked,Unchecked,Unchecked,Unchecked,Unchecked,Unchecked,Unchecked,Unchecked,Unchecked,Unchecked,Unchecked,Unchecked,Unchecked,Unchecked,Unchecked,Unchecked,Unchecked,Unchecked,Unchecked,Unchecked,Unchecked,Unchecked,Unchecked,,,,,"Preventive or routine treatment needed",,Complete,Complete
115,,,,,,,,,,,,,,,,,,,,,,,,,,Incomplete,,,,,,,,,,,,,,,,,,,,,,,,,,,,,,,,,,,,,,,,,,,,,,,,,,,,,,,,,,,,,,,,,,,,,,,,,,,,,,,,,,,,,,,,,,,,,,,,,,,,,,,,,,,,,,,,,,,,,,,,,,,,,,,,,,,,,,,,,,,,,,,,,,,,,,,,,,,,,,,,,,,,,,,,,,,,,,,,,,,,,,,,,,,,,,,,,,,,,,,,,,,,,,,,,,,,,,,,,,,,,,,,,,,,,,,,,,,,,,,,,,,,,,,,,,,,,,,,,,,,,,,,,,,,,,,,,,,,,,,,,,,,,,,,,,,,,,,,,,,,,,,,,,,,,,,,,,,,,,,,,,,,,,,,,,,,,,,,
115,Participant,1,,,,,,,,,,,,,,,,,,,,,,,,,20,38,35-44,Female,,"Higher Secondary",,English,,Yes,"2026-09-08 10:30:20","Santosh gupta",,,,,Signature,1788843657887.png,,,Akhilesh,1788844580948.png,,,,,,"https://www.google.com/maps?q=,",1788843665083.png,No,Unchecked,Unchecked,Unchecked,No,Toothbrush,Unchecked,Checked,Unchecked,Unchecked,Unchecked,,Non-fluoridated,Twice,Twice,Yes,Yes,Checked,Unchecked,Unchecked,Unchecked,Unchecked,Unchecked,Unchecked,Unchecked,Unchecked,Unchecked,Unchecked,,"private clinic",,6000,Unchecked,Unchecked,Unchecked,Unchecked,Unchecked,Unchecked,Unchecked,Unchecked,Unchecked,Average,,,,,,,,,,,,,,,,,,,,,,,,,,,,,,,,,,,,,,,,,,,,,,,,,"Missing other","Not recorded","Not recorded","Root caries","No bleeding","No pocket","Coronal caries","No bleeding","No pocket",Sound,"No bleeding","No pocket",Sound,"No bleeding","No pocket",Normal,Sound,"No bleeding","No pocket",Normal,Sound,"No bleeding","No pocket",Normal,Sound,"No bleeding","No pocket",Normal,Sound,"No bleeding","No pocket",Normal,Sound,"No bleeding","No pocket",Normal,Sound,"No bleeding","No pocket",Normal,Sound,"No bleeding","No pocket",Normal,"Not recorded","No bleeding","No pocket",Sound,"No bleeding","No pocket","Coronal caries","No bleeding","No pocket","Missing other","Not recorded","Not recorded","Coronal caries","No bleeding","Pocket of 4-5 mm","Coronal caries","No bleeding","Pocket of 4-5 mm","Missing due to caries","Not recorded","Not recorded","not recorded",Sound,"No bleeding","No pocket",Sound,"No bleeding","No pocket",Sound,"No bleeding","No pocket",Sound,"No bleeding","No pocket","Root caries","No bleeding","Pocket of 4-5 mm",Sound,"No bleeding","No pocket",Sound,"No bleeding","No pocket",Sound,"No bleeding","No pocket",Sound,"No bleeding","No pocket",Sound,"No bleeding","No pocket",Prosthesis,"Not recorded","Not recorded","not recorded","Coronal caries","No bleeding","No pocket","Coronal caries","No bleeding","No pocket","0-3 mm","0-3 mm","0-3 mm","0-3 mm","0-3 mm","0-3 mm",Normal,"No sign",,Absent,,Present,4,"No sign",,No,No,No,No,0,0,"No crowding","No spacing",0,0,1,1,0,"Half cusp",0,No,Unchecked,Unchecked,Unchecked,Unchecked,Unchecked,Unchecked,Unchecked,Unchecked,Unchecked,Unchecked,Unchecked,Unchecked,Unchecked,Unchecked,Unchecked,Unchecked,Unchecked,Unchecked,Unchecked,Unchecked,Unchecked,Unchecked,Unchecked,Unchecked,Unchecked,Unchecked,Unchecked,Unchecked,Unchecked,Unchecked,Unchecked,Unchecked,Unchecked,Unchecked,Unchecked,Unchecked,Unchecked,Unchecked,Unchecked,Unchecked,Unchecked,Unchecked,Unchecked,Unchecked,Unchecked,Unchecked,Unchecked,Unchecked,Unchecked,Unchecked,Unchecked,Unchecked,Unchecked,Unchecked,Unchecked,Unchecked,Unchecked,Unchecked,Unchecked,Unchecked,Unchecked,Unchecked,Unchecked,Unchecked,Unchecked,Unchecked,Unchecked,Unchecked,Unchecked,Unchecked,Unchecked,Unchecked,,Yes,"No prosthesis",others,"Immediate (urgent) treatment due to pain or infection of dental and / or oral origin",,Complete,Complete
115,Participant,2,,,,,,,,,,,,,,,,,,,,,,,,,,38,35-44,Female,,"Graduate or higher","Housewife or homemaker",English,,Yes,"2026-09-08 10:47:27","Santosh gupta",,,,,Signature,1788845143743.png,,,,,,,,,,"https://www.google.com/maps?q=,",1788844670313.png,No,Unchecked,Unchecked,Unchecked,No,Toothbrush,Unchecked,Checked,Unchecked,Unchecked,Unchecked,,Non-fluoridated,Twice,Twice,Yes,Yes,Checked,Unchecked,Unchecked,Unchecked,Unchecked,Unchecked,Checked,Unchecked,Unchecked,Unchecked,Unchecked,,"private clinic",,6000,Unchecked,Unchecked,Unchecked,Unchecked,Unchecked,Unchecked,Unchecked,Unchecked,Unchecked,Average,,,,,,,,,,,,,,,,,,,,,,,,,,,,,,,,,,,,,,,,,,,,,,,,,Unerupted,"Not recorded","Not recorded","Both coronal and root caries","Not recorded","Not recorded","Coronal caries","No bleeding","No pocket",Sound,"No bleeding","No pocket",Sound,"No bleeding","No pocket",Normal,Sound,"No bleeding","No pocket",Normal,Sound,"No bleeding","No pocket",Normal,Sound,"No bleeding",,Normal,Sound,"No bleeding","No pocket",Normal,Sound,"No bleeding","No pocket",Normal,Sound,"No bleeding","No pocket",Normal,Sound,"No bleeding","No pocket",Normal,Sound,"No bleeding","No pocket","Coronal caries","No bleeding","No pocket",Sound,"No bleeding","No pocket","Coronal caries","No bleeding","No pocket","Coronal caries","No bleeding","No pocket","Coronal caries","No bleeding","No pocket","Missing other","Not recorded","Not recorded",Normal,Sound,"No bleeding","No pocket",Sound,"No bleeding","No pocket",Sound,"No bleeding","No pocket",Sound,"No bleeding","No pocket",Sound,Bleeding,"No pocket",Sound,"No bleeding","No pocket",Sound,"No bleeding","No pocket",Sound,"No bleeding","No pocket",Sound,"No bleeding","No pocket",Sound,"No bleeding","No pocket",Prosthesis,"Not recorded","Not recorded","not recorded","Coronal caries","No bleeding","No pocket","Coronal caries","No bleeding","No pocket","0-3 mm","0-3 mm","0-3 mm","0-3 mm","0-3 mm","0-3 mm",Normal,"No sign",,Absent,,Present,5,"No sign",,No,No,No,No,0,0,"No crowding","No spacing",0,1,0,2,0,"Full cusp",0,No,Unchecked,Unchecked,Unchecked,Unchecked,Unchecked,Unchecked,Unchecked,Unchecked,Unchecked,Unchecked,Unchecked,Unchecked,Unchecked,Unchecked,Unchecked,Unchecked,Unchecked,Unchecked,Unchecked,Unchecked,Unchecked,Unchecked,Unchecked,Unchecked,Unchecked,Unchecked,Unchecked,Unchecked,Unchecked,Unchecked,Unchecked,Unchecked,Unchecked,Unchecked,Unchecked,Unchecked,Unchecked,Unchecked,Unchecked,Unchecked,Unchecked,Unchecked,Unchecked,Unchecked,Unchecked,Unchecked,Unchecked,Unchecked,Unchecked,Unchecked,Unchecked,Unchecked,Unchecked,Unchecked,Unchecked,Unchecked,Unchecked,Unchecked,Unchecked,Unchecked,Unchecked,Unchecked,Unchecked,Unchecked,Unchecked,Unchecked,Unchecked,Unchecked,Unchecked,Unchecked,Unchecked,Unchecked,,Yes,"No prosthesis",others,"Immediate (urgent) treatment due to pain or infection of dental and / or oral origin",,Complete,Complete
116,,,,,,,,,,,,,,,,,,,,,,,,,,Incomplete,,,,,,,,,,,,,,,,,,,,,,,,,,,,,,,,,,,,,,,,,,,,,,,,,,,,,,,,,,,,,,,,,,,,,,,,,,,,,,,,,,,,,,,,,,,,,,,,,,,,,,,,,,,,,,,,,,,,,,,,,,,,,,,,,,,,,,,,,,,,,,,,,,,,,,,,,,,,,,,,,,,,,,,,,,,,,,,,,,,,,,,,,,,,,,,,,,,,,,,,,,,,,,,,,,,,,,,,,,,,,,,,,,,,,,,,,,,,,,,,,,,,,,,,,,,,,,,,,,,,,,,,,,,,,,,,,,,,,,,,,,,,,,,,,,,,,,,,,,,,,,,,,,,,,,,,,,,,,,,,,,,,,,,,,,,,,,,,
116,Participant,1,,,,,,,,,,,,,,,,,,,,,,,,,23,,4-6,Male,,,,,,Yes,"2026-09-08 11:00:11",,Zain,Rashida,Mother,,Signature,,1788845471947.png,,,,,,,,,"https://www.google.com/maps?q=,",1788845493075.png,,Unchecked,Unchecked,Unchecked,,Toothbrush,Unchecked,Checked,Unchecked,Unchecked,Unchecked,,Fluoridated,Twice,"Thrice or more",Yes,Yes,Unchecked,Unchecked,Unchecked,Unchecked,Unchecked,Unchecked,Unchecked,Unchecked,Unchecked,Checked,Unchecked,,"public facility",,300,Unchecked,Unchecked,Unchecked,Unchecked,Unchecked,Unchecked,Unchecked,Unchecked,Unchecked,"Don't know","Deciduous teeth only",,,Caries,Bleeding,Caries,"No bleeding",Sound,"No bleeding",Caries,"No bleeding",Caries,"No bleeding",Caries,"No bleeding",Caries,"No bleeding",Sound,"No bleeding",Caries,"No bleeding",Sound,"No bleeding",Caries,"No bleeding",Caries,"No bleeding",Caries,"No bleeding",Sound,"No bleeding",Sound,"No bleeding",Caries,"No bleeding",Sound,"No bleeding",Caries,"No bleeding",Caries,"No bleeding",Caries,"No bleeding",Normal,Normal,Normal,Normal,"DMH absent",,,,,,,,,,,,,,,,,,,,,,,,,,,,,,,,,,,,,,,,,,,,,,,,,,,,,,,,,,,,,,,,,,,,,,,,,,,,,,,,,,,,,,,,,,,,,,,,,,,,,,,,,,,,,,,,,,"No sign",,,,,,"No sign",,,,,,,,,,,,,,,,,No,Unchecked,Unchecked,Unchecked,Unchecked,Unchecked,Unchecked,Unchecked,Unchecked,Unchecked,Unchecked,Unchecked,Unchecked,Unchecked,Unchecked,Unchecked,Unchecked,Unchecked,Unchecked,Unchecked,Unchecked,Unchecked,Unchecked,Unchecked,Unchecked,Unchecked,Unchecked,Unchecked,Unchecked,Unchecked,Unchecked,Unchecked,Unchecked,Unchecked,Unchecked,Unchecked,Unchecked,Unchecked,Unchecked,Unchecked,Unchecked,Unchecked,Unchecked,Unchecked,Unchecked,Unchecked,Unchecked,Unchecked,Unchecked,Unchecked,Unchecked,Unchecked,Unchecked,Unchecked,Unchecked,Unchecked,Unchecked,Unchecked,Unchecked,Unchecked,Unchecked,Unchecked,Unchecked,Unchecked,Unchecked,Unchecked,Unchecked,Unchecked,Unchecked,Unchecked,Unchecked,Unchecked,Unchecked,,,,,"Immediate (urgent) treatment due to pain or infection of dental and / or oral origin",,Complete,Complete
116,Participant,2,,,,,,,,,,,,,,,,,,,,,,,,,22,4,4-6,Male,,,,"हिन्दी (Hindi)",,Yes,"2026-09-08 11:16:53",,Zain,Rashida,Mother,,Signature,,1788846487881.png,,,,,,,,,"https://www.google.com/maps?q=,",1788847081649.png,,Unchecked,Unchecked,Unchecked,,Toothbrush,Unchecked,Checked,Unchecked,Unchecked,Unchecked,,Fluoridated,Twice,"Thrice or more",Yes,Yes,Checked,Unchecked,Unchecked,Unchecked,Unchecked,Unchecked,Unchecked,Unchecked,Unchecked,Checked,Unchecked,,"public facility",,300,Unchecked,Unchecked,Unchecked,Unchecked,Unchecked,Unchecked,Unchecked,Unchecked,Unchecked,"Don't know","Deciduous teeth only",,,Caries,Bleeding,Caries,Bleeding,Sound,"No bleeding",Caries,"No bleeding",Caries,"No bleeding",Caries,"No bleeding",Caries,"No bleeding",Caries,"No bleeding",Sound,,Sound,"No bleeding",Sound,"No bleeding",Caries,"No bleeding",Sound,"No bleeding",Sound,"No bleeding",Sound,"No bleeding",Caries,"No bleeding",Sound,"No bleeding",Sound,"No bleeding",Caries,"No bleeding",Caries,"No bleeding",Normal,Normal,Normal,Normal,"DMH absent",,,,,,,,,,,,,,,,,,,,,,,,,,,,,,,,,,,,,,,,,,,,,,,,,,,,,,,,,,,,,,,,,,,,,,,,,,,,,,,,,,,,,,,,,,,,,,,,,,,,,,,,,,,,,,,,,,"No sign",,,,,,"No sign",,,,,,,,,,,,,,,,,No,Unchecked,Unchecked,Unchecked,Unchecked,Unchecked,Unchecked,Unchecked,Unchecked,Unchecked,Unchecked,Unchecked,Unchecked,Unchecked,Unchecked,Unchecked,Unchecked,Unchecked,Unchecked,Unchecked,Unchecked,Unchecked,Unchecked,Unchecked,Unchecked,Unchecked,Unchecked,Unchecked,Unchecked,Unchecked,Unchecked,Unchecked,Unchecked,Unchecked,Unchecked,Unchecked,Unchecked,Unchecked,Unchecked,Unchecked,Unchecked,Unchecked,Unchecked,Unchecked,Unchecked,Unchecked,Unchecked,Unchecked,Unchecked,Unchecked,Unchecked,Unchecked,Unchecked,Unchecked,Unchecked,Unchecked,Unchecked,Unchecked,Unchecked,Unchecked,Unchecked,Unchecked,Unchecked,Unchecked,Unchecked,Unchecked,Unchecked,Unchecked,Unchecked,Unchecked,Unchecked,Unchecked,Unchecked,,,,,"Immediate (urgent) treatment due to pain or infection of dental and / or oral origin",,Complete,Complete
117,,,,,,,,,,,,,,,,,,,,,,,,,,Incomplete,,,,,,,,,,,,,,,,,,,,,,,,,,,,,,,,,,,,,,,,,,,,,,,,,,,,,,,,,,,,,,,,,,,,,,,,,,,,,,,,,,,,,,,,,,,,,,,,,,,,,,,,,,,,,,,,,,,,,,,,,,,,,,,,,,,,,,,,,,,,,,,,,,,,,,,,,,,,,,,,,,,,,,,,,,,,,,,,,,,,,,,,,,,,,,,,,,,,,,,,,,,,,,,,,,,,,,,,,,,,,,,,,,,,,,,,,,,,,,,,,,,,,,,,,,,,,,,,,,,,,,,,,,,,,,,,,,,,,,,,,,,,,,,,,,,,,,,,,,,,,,,,,,,,,,,,,,,,,,,,,,,,,,,,,,,,,,,,
117,Participant,1,,,,,,,,,,,,,,,,,,,,,,,,,19,40,35-44,Female,,Secondary,"Housewife or homemaker","हिन्दी (Hindi)",,Yes,"2026-09-08 10:31:52",Jyandri,,,,,Signature,1788843748819.png,,,Ritik,1788843757609.png,,,28.5656904,77.2127736,,"https://www.google.com/maps?q=28.5656904,77.2127736",1788846980338.png,No,Unchecked,Unchecked,Unchecked,No,Toothbrush,Unchecked,Checked,Unchecked,Unchecked,Unchecked,,Fluoridated,Once,Once,No,No,Unchecked,Unchecked,Unchecked,Unchecked,Unchecked,Unchecked,Unchecked,Unchecked,Unchecked,Unchecked,Unchecked,,,,,Unchecked,Unchecked,Unchecked,Unchecked,Unchecked,Unchecked,Unchecked,Checked,Unchecked,Average,,,,,,,,,,,,,,,,,,,,,,,,,,,,,,,,,,,,,,,,,,,,,,,,,"Coronal caries","No bleeding","No pocket","Both coronal and root caries","No bleeding","No pocket",Sound,"No bleeding","No pocket",Sound,Bleeding,"Pocket of 4-5 mm",Sound,"No bleeding","No pocket",Normal,Sound,"No bleeding","No pocket",Normal,Sound,"No bleeding","No pocket",Normal,Sound,"No bleeding","No pocket",Normal,Sound,"No bleeding","No pocket",Normal,Sound,"No bleeding","No pocket",Normal,Sound,Bleeding,"No pocket",Normal,Sound,"No bleeding","No pocket",Normal,Sound,"No bleeding","No pocket",Sound,"No bleeding","No pocket","Both coronal and root caries","No bleeding","No pocket","Both coronal and root caries","No bleeding","No pocket","Coronal caries","No bleeding","No pocket","Coronal caries","No bleeding","No pocket","Missing other","Not recorded","Not recorded","not recorded",Sound,"No bleeding","No pocket",Sound,"No bleeding","No pocket",Sound,"No bleeding","No pocket",Sound,"No bleeding","No pocket",Sound,"No bleeding","No pocket",Sound,"Not recorded","Not recorded",Sound,"Not recorded","Not recorded",Sound,"No bleeding","Pocket of 4-5 mm",Sound,"No bleeding","No pocket",Sound,Bleeding,"Pocket of 4-5 mm","Both coronal and root caries","No bleeding","No pocket","not recorded",Sound,"No bleeding","No pocket","Coronal caries",Bleeding,"Pocket of 4-5 mm","0-3 mm","0-3 mm","0-3 mm","0-3 mm","4-5 mm Cemento-enamel Junction (CEJ) within black band","0-3 mm",Normal,"No sign",,Present,5,Present,5,"No sign",,No,No,No,Yes,0,0,"Crowding present in Upper and Lower arches","No spacing",0,4,3,8,0,"Half cusp",0,No,Unchecked,Unchecked,Unchecked,Unchecked,Unchecked,Unchecked,Unchecked,Unchecked,Unchecked,Unchecked,Unchecked,Unchecked,Unchecked,Unchecked,Unchecked,Unchecked,Unchecked,Unchecked,Unchecked,Unchecked,Unchecked,Unchecked,Unchecked,Unchecked,Unchecked,Unchecked,Unchecked,Unchecked,Unchecked,Unchecked,Unchecked,Unchecked,Unchecked,Unchecked,Unchecked,Unchecked,Unchecked,Unchecked,Unchecked,Unchecked,Unchecked,Unchecked,Unchecked,Unchecked,Unchecked,Unchecked,Unchecked,Unchecked,Unchecked,Unchecked,Unchecked,Unchecked,Unchecked,Unchecked,Unchecked,Unchecked,Unchecked,Unchecked,Unchecked,Unchecked,Unchecked,Unchecked,Unchecked,Unchecked,Unchecked,Unchecked,Unchecked,Unchecked,Unchecked,Unchecked,Unchecked,Unchecked,,No,,,"Prompt treatment (including scaling) needed","Lower anterior bleeding is not recorded due to heavy calculus ",Complete,Complete
117,Participant,2,,,,,,,,,,,,,,,,,,,,,,,,,22,40,35-44,Female,,Secondary,"Housewife or homemaker","हिन्दी (Hindi)",,Yes,"2026-09-08 10:58:49",Jyandri,,,,,Signature,,,,Ritik,1788845390846.png,,,28.5656938,77.2127678,,"https://www.google.com/maps?q=28.5656938,77.2127678",1788846238999.png,No,Unchecked,Unchecked,Unchecked,No,Toothbrush,Unchecked,Checked,Unchecked,Unchecked,Unchecked,,Fluoridated,Once,Once,No,No,Unchecked,Unchecked,Unchecked,Unchecked,Unchecked,Unchecked,Unchecked,Unchecked,Unchecked,Unchecked,Unchecked,,,,,Unchecked,Unchecked,Unchecked,Unchecked,Unchecked,Unchecked,Unchecked,Checked,Unchecked,Average,,,,,,,,,,,,,,,,,,,,,,,,,,,,,,,,,,,,,,,,,,,,,,,,,"Coronal caries","No bleeding","No pocket","Missing other","Not recorded","Not recorded","Coronal caries","No bleeding","No pocket",Sound,"No bleeding","No pocket","Coronal caries","No bleeding","No pocket",Normal,Sound,"No bleeding","No pocket",Normal,Sound,"No bleeding","No pocket",Normal,Sound,"No bleeding","No pocket",Normal,Sound,"No bleeding","No pocket",Normal,Sound,"No bleeding","No pocket",Normal,Sound,"No bleeding","No pocket",Normal,Sound,"No bleeding","No pocket",Normal,Sound,"No bleeding","No pocket","Coronal caries","No bleeding","No pocket","Both coronal and root caries","Not recorded","Not recorded","Both coronal and root caries","Not recorded","Not recorded","Coronal caries","No bleeding","No pocket","Coronal caries","No bleeding","No pocket","Missing other","Not recorded","Not recorded","not recorded",Sound,"No bleeding","No pocket",Sound,"Not recorded","Not recorded",Sound,"No bleeding","No pocket",Sound,"No bleeding","No pocket",Sound,"No bleeding","No pocket",Sound,"Not recorded","Not recorded",Sound,"Not recorded","Not recorded",Sound,"Not recorded","Pocket of 4-5 mm",Sound,Bleeding,"No pocket",Sound,Bleeding,"No pocket","Both coronal and root caries","No bleeding","No pocket",Normal,"Coronal caries","No bleeding","Pocket of 4-5 mm","Coronal caries","No bleeding","Pocket of 4-5 mm","0-3 mm","0-3 mm","4-5 mm Cemento-enamel Junction (CEJ) within black band","0-3 mm","4-5 mm Cemento-enamel Junction (CEJ) within black band","0-3 mm",Normal,"No sign",,Present,4,Present,5,"No sign",,No,No,No,Yes,0,0,"Crowding present in Upper and Lower arches","No spacing",0,3,2,7,0,"Half cusp",0,No,Unchecked,Unchecked,Unchecked,Unchecked,Unchecked,Unchecked,Unchecked,Unchecked,Unchecked,Unchecked,Unchecked,Unchecked,Unchecked,Unchecked,Unchecked,Unchecked,Unchecked,Unchecked,Unchecked,Unchecked,Unchecked,Unchecked,Unchecked,Unchecked,Unchecked,Unchecked,Unchecked,Unchecked,Unchecked,Unchecked,Unchecked,Unchecked,Unchecked,Unchecked,Unchecked,Unchecked,Unchecked,Unchecked,Unchecked,Unchecked,Unchecked,Unchecked,Unchecked,Unchecked,Unchecked,Unchecked,Unchecked,Unchecked,Unchecked,Unchecked,Unchecked,Unchecked,Unchecked,Unchecked,Unchecked,Unchecked,Unchecked,Unchecked,Unchecked,Unchecked,Unchecked,Unchecked,Unchecked,Unchecked,Unchecked,Unchecked,Unchecked,Unchecked,Unchecked,Unchecked,Unchecked,Unchecked,,No,,,"Immediate (urgent) treatment due to pain or infection of dental and / or oral origin",,Complete,Complete
118,,,,,,,,,,,,,,,,,,,,,,,,,,Incomplete,,,,,,,,,,,,,,,,,,,,,,,,,,,,,,,,,,,,,,,,,,,,,,,,,,,,,,,,,,,,,,,,,,,,,,,,,,,,,,,,,,,,,,,,,,,,,,,,,,,,,,,,,,,,,,,,,,,,,,,,,,,,,,,,,,,,,,,,,,,,,,,,,,,,,,,,,,,,,,,,,,,,,,,,,,,,,,,,,,,,,,,,,,,,,,,,,,,,,,,,,,,,,,,,,,,,,,,,,,,,,,,,,,,,,,,,,,,,,,,,,,,,,,,,,,,,,,,,,,,,,,,,,,,,,,,,,,,,,,,,,,,,,,,,,,,,,,,,,,,,,,,,,,,,,,,,,,,,,,,,,,,,,,,,,,,,,,,,
118,Participant,1,,,,,,,,,,,,,,,,,,,,,,,,,12,6,4-6,Female,,,,"हिन्दी (Hindi)",,Yes,"2026-09-08 14:47:11",,Alsifa,Muskan,Mother,,Signature,,1788859522678.png,,Akbar,1788859574163.png,,,,,,"https://www.google.com/maps?q=,",1788859066862.png,,Unchecked,Unchecked,Unchecked,,Toothbrush,Unchecked,Checked,Unchecked,Unchecked,Unchecked,,Fluoridated,Once,"Thrice or more",No,No,Unchecked,Unchecked,Unchecked,Unchecked,Unchecked,Unchecked,Unchecked,Unchecked,Unchecked,Unchecked,Unchecked,,,,,Unchecked,Unchecked,Unchecked,Unchecked,Unchecked,Unchecked,Unchecked,Checked,Unchecked,Good,"Mixed dentition",,,Sound,"No bleeding",Sound,"No bleeding",Sound,"No bleeding",Sound,"No bleeding",Caries,"No bleeding",Caries,"No bleeding",Caries,"No bleeding",Sound,"No bleeding",Sound,"No bleeding",Sound,"No bleeding",Caries,"No bleeding",Sound,"No bleeding",Sound,"No bleeding",Sound,"No bleeding",Sound,"No bleeding",Sound,"No bleeding",Sound,"No bleeding",Caries,"No bleeding",Caries,"No bleeding",Sound,"No bleeding",Normal,Normal,Normal,Normal,"DMH absent",,,,,,,Sound,"No bleeding",,,,,,,,,,,,,,,,,,,,,,,,,,,,,,,,,,,,,,,,Sound,"No bleeding",,,,,,,,,,,,,,Sound,"No bleeding",,,,,,,,,,,,,,,Unerupted,"Not recorded",,Unerupted,"Not recorded",,,,,,,,,,,,,,Sound,"No bleeding",,,,,,,,,,,,,,,,"No sign",,,,,,"No sign",,,,,,,,,,,,,,,,,No,Unchecked,Unchecked,Unchecked,Unchecked,Unchecked,Unchecked,Unchecked,Unchecked,Unchecked,Unchecked,Unchecked,Unchecked,Unchecked,Unchecked,Unchecked,Unchecked,Unchecked,Unchecked,Unchecked,Unchecked,Unchecked,Unchecked,Unchecked,Unchecked,Unchecked,Unchecked,Unchecked,Unchecked,Unchecked,Unchecked,Unchecked,Unchecked,Unchecked,Unchecked,Unchecked,Unchecked,Unchecked,Unchecked,Unchecked,Unchecked,Unchecked,Unchecked,Unchecked,Unchecked,Unchecked,Unchecked,Unchecked,Unchecked,Unchecked,Unchecked,Unchecked,Unchecked,Unchecked,Unchecked,Unchecked,Unchecked,Unchecked,Unchecked,Unchecked,Unchecked,Unchecked,Unchecked,Unchecked,Unchecked,Unchecked,Unchecked,Unchecked,Unchecked,Unchecked,Unchecked,Unchecked,Unchecked,,,,,"Preventive or routine treatment needed",Nil,Complete,Complete
118,Participant,2,,,,,,,,,,,,,,,,,,,,,,,,,06,6,4-6,Female,,,,"हिन्दी (Hindi)",,Yes,"2026-09-08 15:02:17",,Arshifa,Muskan,Mother,,Signature,,1788859984985.png,,Akhbar,1788860603894.png,,,,,,"https://www.google.com/maps?q=,",,,Unchecked,Unchecked,Unchecked,,Toothbrush,Unchecked,Checked,Unchecked,Unchecked,Unchecked,,Fluoridated,Once,"Thrice or more",No,No,Unchecked,Unchecked,Unchecked,Unchecked,Unchecked,Unchecked,Unchecked,Unchecked,Unchecked,Unchecked,Unchecked,,,,,Unchecked,Unchecked,Unchecked,Unchecked,Unchecked,Unchecked,Unchecked,Checked,Checked,Good,"Mixed dentition",,,Sound,"No bleeding",Sound,"No bleeding",Sound,"No bleeding",Sound,"No bleeding",Sound,"No bleeding",Caries,"No bleeding",Caries,"No bleeding",Sound,"No bleeding",Sound,"No bleeding",Sound,"No bleeding",Sound,"No bleeding",Sound,"No bleeding",Sound,"No bleeding",Sound,"No bleeding",Sound,"No bleeding",Sound,"No bleeding",Sound,"No bleeding",Caries,"No bleeding",Sound,"No bleeding",Sound,"No bleeding",Normal,Normal,Normal,Normal,"DMH absent",,,,,,,Sound,"No bleeding",,,,,,,,,,,,,,,,,,,,,,,,,,,,,,,,,,,,,,,,Sound,"No bleeding",,,,,,,,,,,,,,Sound,"No bleeding",,,,,,,,,,,,,,,Unerupted,"Not recorded",,Unerupted,"Not recorded",,,,,,,,,,,,,,Sound,"No bleeding",,,,,,,,,,,,,,,,"No sign",,,,,,"No sign",,,,,,,,,,,,,,,,,No,Unchecked,Unchecked,Unchecked,Unchecked,Unchecked,Unchecked,Unchecked,Unchecked,Unchecked,Unchecked,Unchecked,Unchecked,Unchecked,Unchecked,Unchecked,Unchecked,Unchecked,Unchecked,Unchecked,Unchecked,Unchecked,Unchecked,Unchecked,Unchecked,Unchecked,Unchecked,Unchecked,Unchecked,Unchecked,Unchecked,Unchecked,Unchecked,Unchecked,Unchecked,Unchecked,Unchecked,Unchecked,Unchecked,Unchecked,Unchecked,Unchecked,Unchecked,Unchecked,Unchecked,Unchecked,Unchecked,Unchecked,Unchecked,Unchecked,Unchecked,Unchecked,Unchecked,Unchecked,Unchecked,Unchecked,Unchecked,Unchecked,Unchecked,Unchecked,Unchecked,Unchecked,Unchecked,Unchecked,Unchecked,Unchecked,Unchecked,Unchecked,Unchecked,Unchecked,Unchecked,Unchecked,Unchecked,,,,,"Prompt treatment (including scaling) needed",,Complete,Complete
